uniprot_id	database	sequence_length
A0A011QK89	AF	388
A0A023FT45	AF	132
A0A023PXF5	AF	105
A0A023PYI2	AF	110
A0A023W0V9	AF	167
A0A023W163	AF	131
A0A075TR27	AF	199
A0A0A2JW93	AF	953
A0A0A2K6S6	AF	786
A0A0A6YY25	AF	723
A0A0A7HIF0	AF	220
A0A0A7HIX1	AF	121
A0A0A7LRQ7	AF	642
A0A0B0QJR1	AF	147
A0A0B4J1N3	AF	78
A0A0C1E1C6	AF	285
A0A0C1E5J2	AF	420
A0A0D1DWQ2	AF	290
A0A0D2YG09	AF	542
A0A0E0RTV6	AF	565
A0A0E3D8M5	AF	438
A0A0E3SVE7	AF	68
A0A0F5HNH9	AF	192
A0A0F6B5X3	AF	96
A0A0G2JUG7	AF	962
A0A0G2KIZ8	AF	968
A0A0G3VTN5	AF	770
A0A0H2ZFK2	AF	218
A0A0H2ZGN2	AF	533
A0A0H2ZQL5	AF	264
A0A0H3AL67	AF	456
A0A0H3JT80	AF	433
A0A0H3JU78	AF	273
A0A0H3K9F2	AF	154
A0A0H3MDW1	AF	227
A0A0H3PJK4	AF	609
A0A0J9X1Q5	AF	853
A0A0K2JL70	AF	666
A0A0M3KKZ0	AF	331
A0A0P0UTQ7	AF	96
A0A0P0WGX7	AF	987
A0A0P0XB70	AF	158
A0A0P0XM10	AF	496
A0A0P1AAU8	AF	325
A0A0R4IKJ1	AF	721
A0A0R6Y3I5	AF	263
A0A0S2E7W7	AF	953
A0A0U1RRE5	AF	68
A0A0U2UYC4	AF	493
A0A0W1JK39	AF	626
A0A125YKR8	AF	714
A0A142C7A3	AF	815
A0A142I728	AF	666
A0A172J1V3	AF	341
A0A178VBJ0	AF	640
A0A1B0GUV1	AF	79
A0A1D3PCM3	AF	517
A0A1D8PM93	AF	512
A0A1E7MYN1	AF	555
A0A1I9LMX5	AF	243
A0A1J0HSL5	AF	324
A0A1L2FZD4	AF	57
A0A1L8GR68	AF	784
A0A1L8H8C0	AF	956
A0A1R3RGJ2	AF	498
A0A1R3RM75	AF	605
A0A1R3S3A8	AF	98
A0A1S3PBB7	AF	375
A0A1S3WYR7	AF	730
A0A1S3X835-2	AF	321
A0A1S4GMU2	AF	539
A0A1U9YHZ1	AF	327
A0A1U9YHZ6	AF	428
A0A1X7S1V5	AF	98
A0A286ZK88	AF	182
A0A2H3D1U1	AF	636
A0A2I8B346	AF	62
A0A2J6RX17	AF	990
A0A2K3DDJ2	AF	819
A0A2P1BT06	AF	707
A0A2P1GIW3	AF	320
A0A2R4SV19	AF	87
A0A2R8Y7D0	AF	120
A0A2Z5CVK5	AF	433
A0A2Z5XAU0	AF	386
A0A318FL05	AF	826
A0A348G6I9	AF	68
A0A3B6UES5	AF	846
A0A3G5BIC2	AF	80
A0A3P7XL18	AF	297
A0A3Q7ELQ2	AF	613
A0A437AFK1	AF	790
A0A481WNM8	AF	878
A0A4P8DJZ3	AF	446
A0A509AJA5	AF	354
A0A5B8NIM2	AF	262
A0A5C2A2T2	AF	178
A0A5K7RLP0-2	AF	566
A0A6G9KIT6	AF	57
A0A6G9KJK9	AF	82
A0A6I8TMQ9	AF	96
A0A7L8Y648	AF	51
A0A7M4BDQ2	AF	612
A0A7T8F1L3	AF	289
A0A7U2QYM2	AF	402
A0A861B9Z9	AF	668
A0A8G1A3Q5	AF	523
A0A8M1NHK4	AF	600
A0A8M1PIL7	AF	526
A0A8M2	AF	471
A0A8U0LTF5	AF	76
A0A8U1C2Y4	AF	686
A0AAD6NMH5	AF	400
A0AAN4PD52	AF	623
A0AAN4PT81	AF	405
A0AAN4T7P3	AF	478
A0AEI6	AF	72
A0ALV7	AF	103
A0AQW4	AF	356
A0B466	AF	313
A0B966	AF	564
A0FKG7	AF	813
A0JME2	AF	815
A0JMF8	AF	765
A0JMU8	AF	686
A0JMZ1	AF	496
A0JNC2	AF	989
A0JNH1	AF	727
A0JNJ3	AF	668
A0JNT9-2	AF	120
A0JNT9-3	AF	269
A0JNT9	AF	577
A0JPN1	AF	476
A0JUU0	AF	968
A0K5P6	AF	225
A0KBG3	AF	447
A0KBH0	AF	381
A0KCQ9	AF	438
A0KGL5	AF	955
A0KVZ2	AF	444
A0LLA7	AF	388
A0LRM6	AF	341
A0MWD1	AF	710
A0MZ67-2	AF	456
A0MZ67	AF	633
A0PA85	AF	594
A0PV29	AF	227
A0Q5X2	AF	365
A0QNH4	AF	692
A0QPN1	AF	713
A0QRG8	AF	375
A0QS28	AF	554
A0QSL3	AF	73
A0QWX9	AF	371
A0R0B0	AF	929
A0R0W9	AF	668
A0R5M7	AF	371
A0R607	AF	460
A0RBE9	AF	365
A0RHU2	AF	157
A0RHU5	AF	393
A0RYF4	AF	171
A0SVK0-2	AF	276
A0SWL0	AF	473
A0ZSK3	AF	703
A1A4J7	AF	999
A1A5I1	AF	259
A1A5Q0	AF	549
A1A799	AF	125
A1AVC2	AF	567
A1AVK8	AF	62
A1AW71	AF	278
A1AYS1	AF	466
A1BPI0-2	AF	86
A1BPI0	AF	243
A1CGA8	AF	845
A1CQ80	AF	721
A1CSZ4	AF	211
A1CTL8	AF	774
A1CWA9	AF	360
A1CXQ2	AF	258
A1D858	AF	574
A1DC62	AF	468
A1DZZ3	AF	213
A1E960	AF	273
A1EA43	AF	107
A1IGU5	AF	675
A1JJW5	AF	443
A1JL12	AF	677
A1KGI5	AF	280
A1KKF3	AF	291
A1KLQ2	AF	170
A1KUK4	AF	166
A1KV88	AF	367
A1L017	AF	125
A1L1F6	AF	843
A1L1I3	AF	614
A1L1K8	AF	411
A1L3T7	AF	938
A1R1C3	AF	100
A1RGW7	AF	209
A1RL90	AF	434
A1RRV7	AF	412
A1RS32	AF	632
A1RXG2	AF	141
A1S1Z4	AF	367
A1S7K4	AF	665
A1SHW4	AF	86
A1STT0	AF	395
A1TD35	AF	223
A1V194	AF	416
A1VJG0	AF	136
A1VZW5	AF	291
A1WQW2	AF	353
A1X154	AF	477
A1XCI9	AF	191
A1XDC0	AF	894
A1Y9I9	AF	258
A1YKT1-2	AF	429
A1Z6S7	AF	635
A1Z9E2-2	AF	560
A1Z9E2	AF	950
A1ZA92	AF	995
A1ZBY1	AF	650
A2A3L6	AF	582
A2A3N6	AF	862
A2AA28	AF	253
A2AD83	AF	703
A2AEY4-2	AF	846
A2AG06	AF	965
A2AHG0-2	AF	586
A2AI05-2	AF	531
A2AJB1-2	AF	310
A2AJT9	AF	711
A2ARK0	AF	776
A2AU72-2	AF	684
A2AU72	AF	881
A2CEH0	AF	490
A2Q9N1	AF	758
A2QAB5	AF	729
A2QE29	AF	642
A2QGF0	AF	726
A2QNQ8	AF	819
A2RBA1	AF	458
A2RD55	AF	171
A2REE2	AF	192
A2RHI6	AF	151
A2RMQ1	AF	447
A2RRH5-2	AF	730
A2RRH5-3	AF	112
A2RRU1	AF	738
A2RRV3	AF	765
A2RU49-2	AF	172
A2RU49-3	AF	220
A2RU49	AF	373
A2RUW1	AF	274
A2RV06-2	AF	615
A2RVQ5-2	AF	145
A2RVQ5	AF	240
A2S514	AF	68
A2S997	AF	101
A2T2X4	AF	344
A2WY46	AF	680
A2XY47	AF	104
A2YMV6-2	AF	654
A2Z1N3	AF	232
A2ZLU6	AF	694
A2ZRG4	AF	830
A3ABE1	AF	495
A3CN22	AF	356
A3CTA1	AF	315
A3CVQ1	AF	174
A3CWH6	AF	149
A3CWI6	AF	205
A3CWY7	AF	97
A3CX23	AF	101
A3DFA0	AF	842
A3DIJ8	AF	156
A3DNC9	AF	152
A3KGW5	AF	592
A3KPF5	AF	537
A3LPY4	AF	628
A3LRF0	AF	587
A3LVY7	AF	194
A3LXX5	AF	147
A3LZT3	AF	931
A3MMM6	AF	84
A3MTR6	AF	299
A3MU00	AF	946
A3N8J6	AF	397
A3PGF2	AF	117
A3Q6V9	AF	314
A3QBW6	AF	258
A3QI50	AF	75
A3RXB7	AF	508
A4D161-2	AF	262
A4D161-3	AF	204
A4D1E9-2	AF	308
A4D1E9-3	AF	116
A4D1E9	AF	387
A4D1F6-2	AF	116
A4D1F6	AF	860
A4D9U3	AF	748
A4FBE9	AF	143
A4FMD5	AF	249
A4FNQ1	AF	211
A4FV84	AF	239
A4G2M4	AF	219
A4G6Y1	AF	67
A4HSC9	AF	833
A4IF98	AF	624
A4IFA3	AF	950
A4IFD0	AF	562
A4IFF3	AF	171
A4IFI1	AF	688
A4IHY0	AF	314
A4II46	AF	862
A4IIK1	AF	997
A4IK94	AF	240
A4IT51	AF	494
A4JAG1	AF	142
A4JHT1	AF	274
A4JI72	AF	251
A4JPY1	AF	615
A4Q998-2	AF	286
A4QMS7	AF	147
A4QNW7-2	AF	331
A4QP72	AF	534
A4SP53	AF	230
A4SY78	AF	920
A4TM15	AF	171
A4VJS2	AF	287
A4VQH5	AF	248
A4W488	AF	397
A4W7F7	AF	624
A4WAM9	AF	76
A4WFB6	AF	179
A4WHB4	AF	94
A4X3Q0	AF	283
A4XQL6	AF	172
A4Y1D2	AF	188
A4Y8Y3	AF	304
A4YBR8	AF	108
A4YBY8	AF	124
A4YK44	AF	65
A4YKF0	AF	192
A4ZDL6	AF	134
A5CE97	AF	330
A5CWR4	AF	92
A5D785	AF	971
A5D7L8	AF	901
A5DSS9	AF	437
A5DXC3	AF	513
A5E3K3	AF	775
A5E7I7	AF	988
A5EVA6	AF	126
A5F376	AF	144
A5F6C4	AF	376
A5F7A4	AF	781
A5FLE7	AF	341
A5FM31	AF	237
A5FWV7	AF	487
A5G3J9	AF	155
A5GL48	AF	78
A5GNP9	AF	56
A5HNF6	AF	299
A5IS64	AF	143
A5IUY1	AF	326
A5IVU3	AF	654
A5LHG2	AF	108
A5U406	AF	76
A5U6Z7	AF	214
A5UBF3	AF	444
A5UJN3	AF	123
A5UL69	AF	193
A5ULV0	AF	254
A5UWE5	AF	305
A5VMB3	AF	238
A5VNL0	AF	280
A5WFR0	AF	659
A5WVX1	AF	690
A5X2X1	AF	152
A6BLW4	AF	246
A6H687	AF	427
A6H6E2-2	AF	417
A6H6E2	AF	943
A6H759	AF	288
A6H8T2-2	AF	711
A6HD62	AF	304
A6KYJ7	AF	705
A6L8H5	AF	365
A6LGF6	AF	721
A6LKW9	AF	368
A6LUD2	AF	236
A6LXM3	AF	148
A6NC42	AF	116
A6NC57	AF	917
A6NE02	AF	478
A6NER3	AF	117
A6NF01	AF	834
A6NFD8-4	AF	241
A6NFN3	AF	312
A6NIY4	AF	402
A6NJV1	AF	201
A6NKF2	AF	412
A6NLX3	AF	237
A6NM43	AF	557
A6NNW6-2	AF	308
A6NNW6-4	AF	363
A6NNW6	AF	625
A6NNY8	AF	438
A6PVS8-2	AF	299
A6PVS8-3	AF	199
A6PVS8	AF	624
A6Q0K5	AF	107
A6QCS2	AF	124
A6QFV3	AF	91
A6QFX5	AF	84
A6QGP7	AF	373
A6QLL0	AF	456
A6QLP2	AF	611
A6QLU3	AF	694
A6QLW2	AF	355
A6QLY7	AF	727
A6QNQ6	AF	757
A6RIE1	AF	368
A6RY31	AF	538
A6SK19	AF	936
A6SZ04	AF	296
A6TRU2	AF	335
A6U636	AF	111
A6USJ0	AF	537
A6UUS0	AF	224
A6UVQ1	AF	501
A6UW55	AF	173
A6UWV0	AF	244
A6UX24	AF	349
A6UX54	AF	194
A6UX80	AF	310
A6VH19	AF	159
A6WCF6	AF	188
A6X3N5	AF	371
A6X5N3	AF	175
A6XMY0	AF	64
A6YB85	AF	98
A6ZL17	AF	924
A6ZME2	AF	714
A6ZMK0	AF	489
A6ZQ59	AF	578
A6ZR64	AF	799
A6ZT54	AF	465
A6ZTU2	AF	704
A6ZV04	AF	620
A6ZVS0	AF	993
A6ZYV5	AF	944
A7A134	AF	748
A7A1P0	AF	717
A7B558	AF	374
A7DTF0-2	AF	335
A7E5J5	AF	475
A7ER98	AF	121
A7FKS6	AF	94
A7FMC3	AF	289
A7FWJ3	AF	137
A7GEA6	AF	193
A7GVD1	AF	74
A7H0Z4	AF	133
A7H543	AF	358
A7HAB8	AF	805
A7HN65	AF	415
A7HNV7	AF	425
A7HQQ0	AF	550
A7I4I0	AF	302
A7I5Q0	AF	121
A7KAI6	AF	628
A7KAJ8	AF	701
A7LXU3	AF	786
A7M6E8	AF	754
A7MB80	AF	978
A7MBH5	AF	621
A7MF59	AF	406
A7MUE1	AF	425
A7NQU3	AF	88
A7NR67	AF	157
A7RDN6-2	AF	259
A7RDN6	AF	342
A7SCE5-2	AF	23
A7THU9	AF	929
A7WYY0	AF	292
A7X1D2	AF	187
A7X1N2	AF	257
A7YVH9	AF	502
A7YWP4	AF	657
A7Z305	AF	314
A7Z4Y0	AF	746
A7ZFZ0	AF	122
A7ZHL0	AF	288
A7ZHS2	AF	382
A7ZML6	AF	406
A7ZYW2	AF	164
A8A6N3	AF	494
A8A707	AF	489
A8A746	AF	105
A8A8V6	AF	97
A8AD50	AF	243
A8ALR4	AF	380
A8ANQ0	AF	61
A8BCK6	AF	900
A8BE61	AF	569
A8BGV3	AF	431
A8BS40	AF	529
A8C7S1	AF	289
A8E4N3	AF	606
A8E657	AF	926
A8E7G4	AF	349
A8EQT0	AF	438
A8EVR0	AF	62
A8FKT3	AF	183
A8FP38	AF	127
A8FTT1	AF	712
A8FWJ5	AF	221
A8G657	AF	172
A8GCI7	AF	440
A8GQ65	AF	289
A8GQG2	AF	360
A8GUT7	AF	255
A8HA92	AF	562
A8HUA1	AF	863
A8HYP5	AF	272
A8I4E9	AF	576
A8IN83	AF	94
A8IRK7	AF	815
A8IUG5	AF	795
A8JB22	AF	573
A8JF70	AF	552
A8JHB7	AF	611
A8LHY2	AF	95
A8LRY5	AF	235
A8LY23	AF	88
A8MK46	AF	93
A8MQX3	AF	82
A8MTA8-2	AF	216
A8MTA8	AF	275
A8MTQ0	AF	251
A8MW99	AF	385
A8NIX5	AF	503
A8QCV7	AF	475
A8T6A6	AF	690
A8WJR8	AF	815
A8WL06	AF	725
A8WP66	AF	871
A8WRJ2	AF	752
A8WSQ9	AF	864
A8WU31	AF	559
A8WWH5	AF	439
A8XI74	AF	277
A8XT81	AF	148
A8XYW9	AF	671
A8YPR6	AF	308
A8Z1P7	AF	91
A8Z389	AF	229
A9A0L3	AF	260
A9A698	AF	178
A9A699	AF	77
A9A6M9	AF	340
A9A837	AF	213
A9A8N0	AF	83
A9AL79	AF	235
A9IW77	AF	290
A9KGR6	AF	97
A9KQ75	AF	724
A9MGA5	AF	180
A9MPU2	AF	378
A9MVP4	AF	561
A9N717	AF	100
A9NF94	AF	122
A9Q751	AF	836
A9R1G4	AF	126
A9UL13	AF	957
A9ULB4	AF	78
A9VSR3	AF	270
A9W3I1	AF	372
A9WFH2	AF	359
A9WHR4	AF	148
A9XMT3	AF	518
A9YTQ3-2	AF	719
A9ZLL8	AF	757
A9ZPC9	AF	799
A9ZPH9	AF	444
B0B7Y9	AF	83
B0BA88	AF	465
B0BBU1	AF	208
B0BBY3	AF	196
B0BCM0	AF	102
B0BCM4	AF	330
B0BN28	AF	254
B0BR65	AF	71
B0BTF1	AF	251
B0BTG8	AF	176
B0BTX9	AF	412
B0BWC3	AF	493
B0BWJ8	AF	166
B0C250	AF	243
B0CM26	AF	941
B0CXQ2	AF	485
B0G0Y5	AF	971
B0JZ65	AF	691
B0KS44	AF	569
B0KZ79	AF	86
B0R061	AF	972
B0R515	AF	210
B0R5A9	AF	392
B0R5M0	AF	68
B0RVK4	AF	242
B0S1M1	AF	137
B0SDN6	AF	198
B0UCS0	AF	349
B0UE10	AF	299
B0UQ03	AF	352
B0VP26	AF	336
B0VR13	AF	124
B0W939	AF	160
B0X755	AF	997
B0XFQ9	AF	427
B0XTS1	AF	696
B0Y565	AF	738
B0Y7I1	AF	601
B0YA45	AF	812
B0Z580	AF	122
B1A958	AF	117
B1AIR7	AF	55
B1AK53-2	AF	288
B1AK53	AF	854
B1AL46	AF	878
B1ARY8	AF	786
B1B0V2-2	AF	468
B1B0V2	AF	589
B1H228	AF	694
B1I8K2	AF	93
B1IDA0	AF	409
B1IPI8	AF	191
B1IWF2	AF	456
B1J1B4	AF	160
B1J4W2	AF	215
B1JQ63	AF	878
B1L821	AF	197
B1LJ05	AF	101
B1LJX2	AF	203
B1MD16	AF	204
B1ME65	AF	299
B1NY81	AF	312
B1P1B9	AF	63
B1P1E7	AF	77
B1V8K7	AF	727
B1VH88	AF	253
B1XBY7	AF	165
B1Y0P9	AF	487
B1Y6R5	AF	262
B1Y8E1	AF	191
B1YCL7	AF	178
B1YIY3	AF	389
B1ZJM3	AF	169
B1ZNE0	AF	66
B1ZUE6	AF	315
B2AFA8	AF	775
B2B4I8	AF	660
B2C6R6	AF	681
B2D6K9-3	AF	717
B2D6P4-2	AF	505
B2FSQ5	AF	106
B2GV52	AF	187
B2GV91	AF	88
B2I7R6	AF	121
B2IDX8	AF	173
B2ILU3	AF	378
B2IYW1	AF	568
B2J528	AF	569
B2K7H7	AF	309
B2K828	AF	164
B2K8S8	AF	334
B2MW54	AF	78
B2RGM5	AF	473
B2RHR8	AF	84
B2RML5	AF	545
B2RS91	AF	656
B2RUY7-2	AF	138
B2RUY7	AF	222
B2RXR6	AF	993
B2RYU6	AF	139
B2RZ50	AF	212
B2S6Z6	AF	207
B2SE44	AF	275
B2TJH6	AF	581
B2TY69	AF	284
B2TZH2	AF	244
B2U0S6	AF	192
B2U249	AF	304
B2ULP6	AF	57
B2US42	AF	621
B2UV11	AF	142
B2V3W5	AF	88
B2VH13	AF	215
B2W722	AF	250
B2ZX90	AF	940
B3A0P1	AF	977
B3A0Q9	AF	121
B3BM81	AF	167
B3EKM6	AF	217
B3EWF3	AF	86
B3EWP3	AF	71
B3EWR1	AF	187
B3EWR6	AF	361
B3EWX6	AF	79
B3FWS5	AF	628
B3GSH5	AF	432
B3GYL3	AF	274
B3H285	AF	219
B3H453	AF	132
B3H5J1	AF	88
B3H5Q2	AF	111
B3KU38-2	AF	536
B3LMH0	AF	580
B3MMA5	AF	791
B3N9E4	AF	845
B3QLU3	AF	222
B3TMR8	AF	332
B3VBK9	AF	228
B3WED3	AF	208
B4EG09	AF	246
B4F7C4	AF	995
B4F7F3	AF	973
B4F8Z1	AF	691
B4FK49	AF	149
B4GEL3	AF	785
B4HKJ7	AF	998
B4HWI2	AF	964
B4I7U3	AF	222
B4IBY5	AF	689
B4JAS7	AF	337
B4JWA1	AF	411
B4JWS7	AF	385
B4JYN3	AF	796
B4KE73	AF	679
B4LJT7	AF	331
B4MQL4	AF	205
B4MX71	AF	539
B4MXR8	AF	787
B4P0U1	AF	950
B4PIS2	AF	582
B4QB64	AF	668
B4QCR6	AF	947
B4S4S0	AF	428
B4SDP5	AF	194
B4SUU0	AF	209
B4SW68	AF	122
B4SYR2	AF	335
B4T1Z1	AF	702
B4T556	AF	109
B4TGF8	AF	80
B4TKD5	AF	239
B4TNH8	AF	193
B4TUY8	AF	341
B4U108	AF	761
B4UDE1	AF	434
B5BUZ8	AF	675
B5CY96	AF	728
B5DZ31	AF	160
B5E1Y8	AF	242
B5EIQ7	AF	244
B5EXF9	AF	139
B5F1U0	AF	400
B5FB67	AF	476
B5FHH0	AF	256
B5FVI0	AF	99
B5L3X1	AF	237
B5LUQ8	AF	103
B5LUQ9	AF	132
B5QU79	AF	323
B5XJZ9	AF	91
B5XK69	AF	590
B5XRB0	AF	925
B5YEG9	AF	246
B5YFB8	AF	453
B5YIQ8	AF	279
B5YWX8	AF	94
B5YXP8	AF	660
B5ZB39	AF	101
B5ZC48	AF	229
B5ZMI9	AF	95
B6A882	AF	970
B6DCM8	AF	107
B6EIU9	AF	75
B6EP41	AF	117
B6EUA9	AF	958
B6I276	AF	102
B6I697	AF	377
B6I7H1	AF	419
B6J6S3	AF	547
B6JM52	AF	594
B6JPI5	AF	129
B6QTV3	AF	113
B6SFA4	AF	818
B6V866	AF	538
B6YR69	AF	354
B6YXU4	AF	171
B6ZK72	AF	282
B7F7B9	AF	963
B7FAS6-2	AF	251
B7FAS6	AF	455
B7GFT7	AF	228
B7GML0	AF	275
B7GQC3	AF	64
B7GX14	AF	303
B7K7R4	AF	182
B7LMJ3	AF	303
B7LZJ8	AF	66
B7M0D4	AF	517
B7M1P9	AF	72
B7M1S1	AF	457
B7M392	AF	62
B7M885	AF	150
B7MMA1	AF	297
B7MWU0	AF	356
B7MY19	AF	616
B7N1Z1	AF	137
B7N5H1	AF	162
B7N7Y9	AF	120
B7N832	AF	128
B7NDV3	AF	128
B7NEU6	AF	213
B7NH49	AF	259
B7NPS4	AF	321
B7SP66	AF	345
B7SUM8	AF	132
B7UM74	AF	693
B7VKR6	AF	90
B7XDF1	AF	170
B7Z0L8	AF	178
B7ZNG4	AF	668
B7ZS96	AF	153
B8B2G4	AF	984
B8D6W5	AF	142
B8DNB2	AF	119
B8DWC0	AF	382
B8EMP4	AF	247
B8G1Y4	AF	60
B8H776	AF	78
B8HA88	AF	132
B8HD21	AF	197
B8HTT7	AF	109
B8HU56	AF	97
B8I0R5	AF	514
B8I2Z7	AF	68
B8J4G0	AF	165
B8JDD8	AF	701
B8JH75	AF	257
B8MDP8	AF	160
B8MSM6	AF	341
B8NGU1	AF	839
B8NKA3	AF	629
B8QG00	AF	74
B8V7R6	AF	888
B8X8Z0	AF	171
B8XY56	AF	240
B8Y6I0	AF	786
B8YG19	AF	671
B8ZV94	AF	526
B9DFA8	AF	664
B9F2U5	AF	680
B9F676	AF	919
B9IRL0	AF	242
B9ISQ6	AF	158
B9IVP2	AF	178
B9IY83	AF	338
B9J7E0	AF	154
B9K2Z2	AF	107
B9K767	AF	360
B9K7B8	AF	512
B9K7J6	AF	207
B9KAS1	AF	229
B9KDM8	AF	387
B9L044	AF	123
B9LP84	AF	276
B9M6F1	AF	181
B9MQW7	AF	81
B9VRJ2	AF	321
C0H3X8	AF	90
C0H537	AF	781
C0H906	AF	796
C0HJD7	AF	72
C0HJN8	AF	910
C0HK26	AF	74
C0HK94	AF	163
C0HL82	AF	81
C0HLS4	AF	77
C0HLV2	AF	380
C0HM01	AF	71
C0HM83	AF	58
C0HM98	AF	186
C0LTL9	AF	596
C0LU16	AF	139
C0MCB7	AF	137
C0PZV1	AF	429
C0QKX5	AF	77
C0R292	AF	281
C0R3N5	AF	422
C0RFB8	AF	248
C0SP85	AF	97
C0ZZV2	AF	591
C1A1D6	AF	271
C1CEV1	AF	245
C1CH91	AF	425
C1CJS5	AF	236
C1D0F7	AF	357
C1DC78	AF	210
C1DFU4	AF	365
C1DJ58	AF	299
C1ELG5	AF	955
C1EUA7	AF	209
C1EVJ4	AF	298
C1F540	AF	393
C1H7M6	AF	864
C1I202	AF	207
C1JZ66	AF	522
C3KVS6	AF	229
C3KWB8	AF	257
C3L1B0	AF	461
C3L3J1	AF	201
C3L5M2	AF	297
C3L744	AF	210
C3L8X1	AF	312
C3LJ40	AF	291
C3LMJ0	AF	160
C3LRS3	AF	69
C3M9A8	AF	191
C3MAG3	AF	124
C3MG45	AF	149
C3MU32	AF	139
C3MYR0	AF	310
C3NHT6	AF	530
C3P7R6	AF	255
C3PGA2	AF	63
C3PKD8	AF	309
C3PM73	AF	95
C3PNP6	AF	219
C3TS10	AF	72
C4A0D9	AF	694
C4L191	AF	842
C4L192	AF	605
C4LK80	AF	720
C4XIS1	AF	79
C4Y1P0	AF	671
C4YSJ2	AF	377
C4ZTY0	AF	57
C4ZU91	AF	400
C4ZZQ4	AF	201
C5A132	AF	165
C5A136	AF	202
C5A1H1	AF	76
C5A1L9	AF	503
C5BV37	AF	326
C5DY82	AF	565
C5E3I1	AF	129
C5J8E3	AF	62
C5M3F1	AF	264
C5M5V4	AF	506
C5MR76	AF	107
C6A3R1	AF	199
C6AQR4	AF	234
C6E500	AF	197
C6EVG7	AF	178
C6KRN1-4	AF	228
C6X3B5	AF	282
C7ASJ5	AF	694
C7C436	AF	472
C7G3K3	AF	80
C7GQ59	AF	864
C8V4D4	AF	585
C8VQG9	AF	374
C9JR72	AF	458
C9RLJ9	AF	689
C9SDH0	AF	380
C9WPN6	AF	472
D0N0F2	AF	157
D0NP16	AF	130
D0NPN8	AF	147
D0NRS4	AF	760
D0QMC3	AF	538
D0ZVG2	AF	700
D1AB53	AF	228
D2GZV9	AF	433
D2HXI8	AF	882
D2PPM7	AF	723
D2TP58	AF	260
D2XV59	AF	669
D2Y100	AF	68
D2Y209	AF	85
D2Y261	AF	113
D2Y499	AF	97
D3GDK4	AF	225
D3GKW6	AF	84
D3JV03	AF	548
D3YXK2	AF	937
D3Z8X7-2	AF	913
D3ZCM9	AF	583
D3ZTE0	AF	595
D3ZVB0	AF	876
D3ZZN9	AF	735
D4A2B7	AF	747
D4AK46	AF	340
D4ATM6	AF	245
D4ATR3	AF	770
D4AUF1	AF	924
D4AYT4	AF	616
D4B4P1	AF	408
D4GSD6	AF	375
D4GTA5	AF	420
D4GYG6	AF	371
D5EXZ4	AF	671
D5EY13	AF	726
D5L5Q8	AF	65
D6C4I5	AF	63
D7SSD8	AF	261
D8VNT0	AF	345
D9IVE5	AF	432
D9PY12	AF	212
D9U298	AF	83
E0W544	AF	140
E0Y3X1	AF	452
E1ABX2	AF	537
E1ACP6	AF	339
E1W823	AF	254
E1WKT5	AF	318
E2RYF8	AF	891
E3M3V1	AF	779
E3PRJ5	AF	519
E3VWK2	AF	275
E5AV36	AF	771
E5AW45	AF	997
E5Y379	AF	484
E6LHV7	AF	755
E6YBW4	AF	157
E6Z0R3	AF	478
E7CLN3	AF	65
E7CY69	AF	757
E7F1H9-2	AF	596
E7GT88	AF	144
E7KCH3	AF	218
E7QAA9	AF	253
E9P162	AF	523
E9P8D2	AF	229
E9PT87	AF	786
E9PYY5-2	AF	611
E9PYY5-3	AF	320
E9PYY5	AF	807
E9Q5C9-2	AF	664
E9Q6B2	AF	420
E9Q7M2-2	AF	745
E9Q7M2-3	AF	116
E9RD40	AF	797
F0E1K6	AF	282
F0NDL2	AF	715
F1DBB3	AF	398
F1LQ48-2	AF	245
F1LQ48	AF	623
F1M7L9-2	AF	795
F1MF21	AF	582
F1P3Y5	AF	131
F1Q7Z7	AF	469
F1Q8W0-2	AF	252
F1R777	AF	584
F2JXJ3	AF	726
F2RB81	AF	963
F4HR11	AF	971
F4HVA6-2	AF	504
F4HVZ5	AF	279
F4HXU3-2	AF	138
F4HXU3-3	AF	96
F4I114	AF	714
F4I2H2	AF	862
F4I3B3	AF	445
F4I594	AF	997
F4I700	AF	717
F4I907	AF	358
F4I9J7	AF	202
F4ICD9	AF	969
F4IGZ2-2	AF	491
F4IGZ2	AF	910
F4IHL3	AF	641
F4IHY7	AF	527
F4IIS6	AF	98
F4IJK1	AF	947
F4IV45	AF	877
F4IY62	AF	883
F4J078	AF	125
F4J117	AF	591
F4J1G1	AF	576
F4J3S1	AF	572
F4JC20	AF	997
F4JCB3	AF	640
F4JEI8	AF	317
F4JG10	AF	752
F4JGP4	AF	790
F4JH53	AF	635
F4JHA2-2	AF	883
F4JI44-2	AF	879
F4JP46	AF	328
F4JRB0-2	AF	356
F4JU69	AF	506
F4JUL9	AF	169
F4JVH1	AF	907
F4K2R6-2	AF	555
F4K3X8	AF	977
F4K460	AF	653
F4K4J0-2	AF	702
F4K6X0	AF	121
F4K933	AF	483
F4KAF2	AF	800
F4KFT7-2	AF	571
F4KGQ0-2	AF	359
F5A894	AF	710
F5B8W5	AF	605
F5GUE5-2	AF	287
F5HKX0	AF	401
F6N7K6	AF	968
F6R2G2	AF	997
F6W8I0	AF	251
F6X2V8	AF	280
F6Z5C0	AF	982
F7DP49	AF	596
F7IW82	AF	431
F7J0M4	AF	996
F8G0M4	AF	393
F8G0P2	AF	482
F8L6R0	AF	743
F8RP11	AF	581
F9UST4	AF	276
G0RUP7	AF	223
G1SRW8	AF	915
G1SVB0	AF	194
G2QG48	AF	497
G2QND5	AF	291
G2TRT4	AF	89
G2WUC4	AF	795
G2X3G1	AF	818
G2X444	AF	690
G2X4M1	AF	190
G2X4U8	AF	145
G2X5W3	AF	822
G2X670	AF	656
G2XDH0	AF	336
G2XG45	AF	928
G2XH84	AF	470
G3JF08	AF	792
G3X9X1	AF	623
G3XCV0	AF	490
G3XCX3	AF	382
G3XGC1	AF	583
G4FEF4	AF	552
G4MM92	AF	487
G4MWZ7	AF	702
G4NCK1	AF	375
G4ZHR3	AF	189
G5BQH4	AF	107
G5E8Z2	AF	850
G5EBX6-2	AF	870
G5EC37	AF	702
G5ECM9	AF	143
G5ECN5	AF	388
G5ED14	AF	289
G5EDP2	AF	412
G5EE07-2	AF	285
G5EEG1	AF	482
G5EFL9	AF	676
G5EFS4	AF	311
G5EFT5	AF	671
G5EG14-2	AF	345
G5EG14-3	AF	196
G5EG14	AF	657
G5EG38	AF	655
G5EGC3	AF	89
G5EGD2-2	AF	721
G5EGD2-3	AF	503
G7L166	AF	674
G7LCV1	AF	204
G8XHD7	AF	500
G8XR08	AF	898
G9FRD6	AF	261
H0WFA5	AF	639
H2B3G5	AF	190
H2KY86-2	AF	469
H2KY86	AF	923
H2L056	AF	613
H3BKT1	AF	185
H3JQW0	AF	545
H7FWB6	AF	276
H9L484	AF	113
I0J062	AF	215
I1C083	AF	147
I1GTC2	AF	224
I1R9A9	AF	726
I1RV22	AF	177
I1T3C7	AF	81
I1VC85	AF	77
I2HB70	AF	103
I3L5V6	AF	725
I3VE77	AF	562
I6L899-2	AF	294
I6L899	AF	631
I6LNY0	AF	409
I6S7G5	AF	84
I6WHP7	AF	130
I6XFS7	AF	188
I6XFZ8	AF	411
I6Y778	AF	454
I6YBQ3	AF	150
I6YCA3	AF	400
J3KAS2	AF	934
J4VS95	AF	89
J4VYF0	AF	940
J4WLR8	AF	901
J5J7Y8	AF	169
J7JU64	AF	68
J8G6Z1	AF	476
J9VND4	AF	785
J9W0G9	AF	575
K0DZ91	AF	668
K0E2F3	AF	559
K4D3V7	AF	475
K4REZ6	AF	257
K7N5K9	AF	94
K7WIZ6	AF	623
L0E4H0	AF	459
L7HZV6	AF	136
L7N667	AF	275
M0RCP6	AF	137
M1JJT8	AF	233
M3X9S6-2	AF	125
M3X9S6	AF	270
M3XQV7	AF	532
M3XYN3	AF	266
M5A8F1	AF	160
M9MF51	AF	550
O00232-2	AF	436
O00300	AF	401
O00308-3	AF	431
O00308-4	AF	335
O00358	AF	373
O00399	AF	190
O00401	AF	505
O00409-2	AF	468
O00716-2	AF	334
O00834	AF	456
O00899	AF	860
O00906	AF	923
O01382	AF	339
O01477	AF	691
O01498-2	AF	397
O01514	AF	744
O02607	AF	536
O02748	AF	790
O02751	AF	592
O02833	AF	605
O03685	AF	831
O04027	AF	139
O04130	AF	624
O04211	AF	111
O04350	AF	113
O04404	AF	176
O04492-2	AF	403
O04547-2	AF	102
O05236	AF	166
O05503	AF	205
O05512	AF	362
O05728	AF	94
O06582	AF	526
O06728	AF	267
O06926	AF	318
O06993	AF	757
O07177	AF	455
O07400	AF	268
O07436	AF	366
O07631	AF	612
O07747	AF	176
O07825	AF	158
O08453	AF	379
O08574	AF	370
O08586	AF	403
O08601	AF	894
O08674	AF	515
O08696	AF	760
O08717	AF	350
O08746	AF	956
O08807	AF	274
O09051	AF	106
O09107	AF	122
O09112	AF	663
O09118	AF	604
O13023	AF	272
O13402	AF	379
O13519	AF	122
O13539	AF	261
O13606	AF	517
O13705	AF	811
O13716	AF	424
O13754	AF	358
O13775	AF	716
O13776	AF	925
O13777	AF	217
O13783	AF	775
O13831	AF	697
O13850	AF	250
O13889	AF	704
O13911	AF	408
O13916	AF	80
O13921	AF	941
O13924	AF	488
O13936	AF	990
O13944	AF	945
O14019	AF	636
O14109	AF	238
O14115	AF	630
O14162	AF	785
O14174	AF	473
O14246	AF	508
O14275	AF	931
O14310	AF	933
O14327	AF	166
O14350	AF	181
O14368	AF	143
O14464	AF	93
O14543	AF	225
O14544	AF	535
O14562	AF	309
O14599	AF	106
O14717-3	AF	345
O14717-4	AF	63
O14717-6	AF	107
O14772-2	AF	340
O14772-3	AF	169
O14772	AF	607
O14810	AF	134
O14893-4	AF	44
O14893	AF	280
O14979-3	AF	244
O14979	AF	420
O15037	AF	678
O15049	AF	544
O15116	AF	133
O15143	AF	372
O15145	AF	178
O15212	AF	129
O15217-2	AF	129
O15232-2	AF	444
O15240	AF	615
O15259-4	AF	733
O15265-2	AF	945
O15318	AF	223
O15405-2	AF	571
O15519-10	AF	300
O15519-13	AF	202
O15519-3	AF	366
O15519-4	AF	235
O15519	AF	480
O15524	AF	211
O15736	AF	612
O15816	AF	711
O16053	AF	268
O16580-2	AF	470
O16850	AF	541
O16867	AF	398
O17071-2	AF	398
O17580	AF	715
O17679	AF	708
O17850	AF	317
O17894	AF	335
O18381-2	AF	838
O18381-3	AF	624
O18388	AF	884
O18734	AF	147
O18883	AF	226
O19001	AF	198
O21246	AF	116
O22056	AF	572
O22130	AF	317
O22150	AF	162
O22161	AF	930
O22224	AF	861
O22286-2	AF	343
O22287	AF	361
O22290	AF	247
O22467	AF	424
O22558	AF	546
O22785	AF	525
O22873	AF	367
O22901	AF	102
O23160	AF	320
O23179-2	AF	383
O23212-2	AF	542
O23264	AF	490
O23403-2	AF	229
O23403-3	AF	205
O23403	AF	287
O23522	AF	517
O23614-2	AF	505
O23660	AF	204
O23736	AF	514
O24031	AF	169
O24408	AF	267
O24598	AF	265
O24621	AF	571
O24629-2	AF	498
O24732	AF	545
O25001	AF	250
O25021	AF	355
O25153	AF	803
O25699	AF	336
O26859	AF	152
O26901	AF	690
O28341	AF	673
O28389	AF	86
O28434	AF	90
O28440	AF	236
O29026	AF	289
O29276	AF	238
O29370	AF	212
O29428	AF	169
O29612	AF	128
O29937	AF	253
O30971	AF	454
O31042	AF	173
O31158	AF	274
O31422	AF	55
O31505	AF	68
O31551	AF	605
O31608	AF	181
O31698	AF	147
O31743	AF	282
O31761	AF	241
O31863	AF	58
O31904	AF	378
O31949	AF	136
O32034	AF	422
O32215	AF	774
O32223	AF	358
O32231	AF	779
O32292	AF	76
O32321	AF	753
O32504	AF	300
O32583	AF	66
O33680	AF	465
O34299	AF	242
O34309	AF	866
O34344	AF	203
O34426	AF	126
O34528	AF	421
O34539	AF	392
O34614	AF	194
O34777	AF	147
O34999	AF	150
O35137	AF	399
O35257	AF	230
O35280-2	AF	382
O35284	AF	125
O35310	AF	311
O35417	AF	248
O35423-2	AF	392
O35484	AF	448
O35594-2	AF	107
O35601-2	AF	773
O35646	AF	641
O35685	AF	332
O35711-3	AF	200
O35711-4	AF	904
O35762	AF	365
O35779	AF	410
O35793	AF	184
O35817	AF	502
O35827	AF	504
O35841	AF	504
O35885	AF	263
O35903	AF	144
O36027	AF	574
O42173	AF	282
O42358	AF	292
O42653	AF	535
O42699	AF	193
O42721	AF	462
O42839	AF	719
O42861	AF	922
O42910	AF	658
O42945	AF	735
O42975	AF	972
O43029	AF	412
O43058	AF	663
O43070	AF	613
O43182-3	AF	690
O43182-4	AF	771
O43182-5	AF	562
O43182	AF	974
O43187	AF	625
O43236-4	AF	493
O43236-5	AF	331
O43236-6	AF	274
O43236-7	AF	996
O43236-8	AF	570
O43252	AF	624
O43281-3	AF	392
O43293	AF	454
O43310	AF	598
O43364	AF	376
O43390-2	AF	636
O43448	AF	404
O43502-2	AF	135
O43502	AF	376
O43543	AF	280
O43555	AF	120
O43598-2	AF	148
O43610	AF	288
O43660-2	AF	505
O43805	AF	119
O43818	AF	475
O43915	AF	354
O43927	AF	109
O44342	AF	257
O44406-2	AF	448
O44406-3	AF	242
O44406-4	AF	376
O44406	AF	582
O44445	AF	122
O44548	AF	877
O44552	AF	604
O44663	AF	69
O44739	AF	210
O45489	AF	101
O45686	AF	393
O45717	AF	293
O46098	AF	92
O46167	AF	68
O46419	AF	373
O46480	AF	345
O46504	AF	878
O48724	AF	807
O48726	AF	300
O49436	AF	660
O49523	AF	419
O49570	AF	650
O49595	AF	178
O49629	AF	310
O49711	AF	843
O50061	AF	282
O51121	AF	575
O51157	AF	901
O51309	AF	51
O52623	AF	240
O52793	AF	471
O53521	AF	600
O53561	AF	266
O53638	AF	251
O53873	AF	549
O54781	AF	681
O54788	AF	344
O54833	AF	350
O54887	AF	585
O54910	AF	364
O54923	AF	804
O54928	AF	536
O54935	AF	633
O54939	AF	306
O54992-4	AF	322
O54992	AF	473
O55004	AF	147
O55091	AF	318
O55142	AF	110
O55171	AF	453
O55233	AF	272
O57672	AF	234
O58001	AF	529
O58247	AF	778
O58275	AF	421
O58523	AF	278
O58801	AF	277
O59146	AF	142
O59469	AF	413
O59755	AF	548
O59796	AF	910
O60052	AF	294
O60062	AF	489
O60094	AF	959
O60097	AF	526
O60105	AF	482
O60129	AF	642
O60157	AF	681
O60174	AF	582
O60178	AF	286
O60182	AF	934
O60200	AF	86
O60225	AF	188
O60237-2	AF	386
O60237-4	AF	208
O60237-5	AF	515
O60240	AF	522
O60248-2	AF	178
O60248	AF	233
O60294	AF	686
O60347	AF	775
O60496	AF	412
O60502-3	AF	677
O60502-4	AF	863
O60516	AF	100
O60543	AF	219
O60548	AF	495
O60687	AF	465
O60729	AF	498
O60739	AF	113
O60812	AF	293
O60888	AF	179
O60925	AF	122
O60927	AF	126
O62140-2	AF	562
O62275	AF	965
O62589-3	AF	179
O62666	AF	631
O62703	AF	563
O62732	AF	415
O62742-2	AF	143
O62742	AF	547
O62827	AF	188
O62846	AF	209
O63852	AF	982
O64380	AF	660
O64597	AF	332
O64602	AF	510
O64647	AF	356
O64816	AF	432
O65201	AF	692
O65508	AF	377
O65567	AF	904
O66720	AF	148
O66875	AF	373
O66937	AF	485
O67178	AF	761
O67223	AF	383
O67358	AF	478
O67362	AF	176
O67615	AF	454
O67760	AF	199
O67915	AF	189
O69349	AF	393
O69762	AF	276
O70166	AF	180
O70194	AF	548
O70249	AF	345
O73777	AF	73
O74168	AF	937
O74205	AF	441
O74317	AF	113
O74343	AF	680
O74346	AF	948
O74364	AF	391
O74372	AF	282
O74388	AF	301
O74465	AF	999
O74480	AF	332
O74499	AF	113
O74522	AF	964
O74524	AF	492
O74535	AF	710
O74536	AF	576
O74560	AF	636
O74561	AF	967
O74689	AF	586
O74711	AF	592
O74751	AF	332
O74773	AF	982
O74782	AF	307
O74804	AF	490
O74846	AF	752
O74876	AF	357
O74946	AF	574
O74957	AF	834
O74958	AF	488
O74964	AF	803
O74986	AF	294
O75004	AF	501
O75143-2	AF	480
O75175	AF	753
O75190-2	AF	241
O75190-4	AF	277
O75323-2	AF	247
O75360	AF	226
O75400-5	AF	101
O75400	AF	957
O75409	AF	117
O75426-2	AF	318
O75426-4	AF	568
O75475-3	AF	329
O75475	AF	530
O75494-2	AF	261
O75496	AF	209
O75529-2	AF	325
O75529	AF	589
O75570	AF	445
O75596	AF	197
O75602-4	AF	270
O75602-5	AF	484
O75618	AF	318
O75628	AF	298
O75638-2	AF	180
O75791-2	AF	217
O75791	AF	330
O75828	AF	277
O75864-2	AF	257
O75864	AF	691
O75934	AF	225
O75937	AF	253
O75940	AF	238
O75971-2	AF	68
O75971	AF	98
O76013-2	AF	417
O76054-5	AF	320
O76070	AF	127
O76337	AF	492
O76357	AF	139
O76808	AF	554
O77237	AF	424
O77248	AF	188
O77420	AF	190
O77482	AF	174
O77537	AF	119
O77681	AF	453
O78425	AF	53
O80358-2	AF	274
O80358	AF	390
O80366	AF	234
O80448	AF	309
O80528	AF	599
O80588	AF	474
O80647	AF	836
O80742	AF	686
O80758	AF	283
O80800	AF	126
O80837	AF	190
O80852-2	AF	166
O80852	AF	215
O80866	AF	760
O81003	AF	87
O81032	AF	603
O81629-2	AF	531
O81635	AF	987
O81836	AF	314
O82132	AF	335
O82169	AF	232
O82175	AF	794
O82190	AF	992
O82210	AF	366
O82230-2	AF	180
O82234	AF	312
O82266	AF	530
O82363	AF	590
O82703	AF	111
O82784	AF	574
O82794	AF	220
O83281	AF	519
O83389	AF	791
O83777	AF	50
O83823	AF	724
O83992	AF	228
O84005	AF	100
O84078	AF	416
O84217	AF	348
O85041-2	AF	570
O85041	AF	869
O85043	AF	83
O85057	AF	543
O86109	AF	901
O86308	AF	223
O86683	AF	974
O87386	AF	987
O87942	AF	57
O88342	AF	606
O88346-3	AF	250
O88470	AF	375
O88485-2	AF	608
O88520	AF	582
O88621-2	AF	397
O88708	AF	433
O88869	AF	435
O88888	AF	571
O89017	AF	435
O89020-2	AF	430
O89020	AF	608
O89093-2	AF	96
O89110	AF	480
O93852	AF	557
O94017	AF	142
O94065	AF	803
O94083	AF	158
O94111	AF	94
O94247	AF	660
O94294	AF	886
O94303	AF	541
O94308	AF	422
O94325	AF	598
O94386	AF	427
O94395	AF	607
O94418	AF	851
O94437	AF	270
O94487	AF	624
O94495	AF	314
O94533	AF	760
O94534	AF	809
O94583	AF	182
O94619	AF	743
O94691	AF	752
O94782	AF	785
O94810	AF	467
O94864-2	AF	412
O94864-4	AF	279
O94919	AF	500
O94927-2	AF	290
O94955	AF	611
O95059	AF	124
O95073-2	AF	158
O95073	AF	299
O95147	AF	198
O95208-5	AF	356
O95208	AF	641
O95231	AF	258
O95236-2	AF	331
O95236-3	AF	202
O95238-2	AF	319
O95260	AF	518
O95407	AF	300
O95467	AF	245
O95475	AF	246
O95633-2	AF	237
O95715	AF	111
O95881	AF	172
O95931	AF	251
O95965-3	AF	401
O95983-2	AF	259
O95994	AF	175
O96533	AF	456
O96612	AF	451
O96615	AF	220
O96910	AF	76
O97524	AF	651
O97591	AF	170
O97628	AF	330
P00334	AF	256
P00358	AF	332
P00367-2	AF	391
P00378	AF	189
P00452-2	AF	736
P00508	AF	423
P00540	AF	346
P00579	AF	613
P00616	AF	152
P00635	AF	467
P00646	AF	551
P00655	AF	177
P00734	AF	622
P00738-2	AF	347
P00751-2	AF	621
P00894	AF	163
P00903	AF	187
P00905	AF	531
P00934	AF	428
P00935	AF	386
P01045	AF	619
P01098	AF	86
P01101	AF	380
P01173	AF	134
P01185	AF	164
P01215	AF	116
P01225	AF	129
P01270	AF	115
P01289-2	AF	112
P01297	AF	121
P01352	AF	104
P01362-2	AF	210
P01362	AF	271
P01481	AF	64
P01558	AF	319
P01575	AF	182
P01587	AF	141
P01588	AF	193
P01591	AF	159
P02345	AF	90
P02446	AF	98
P02448	AF	62
P02531	AF	169
P02652	AF	100
P02670	AF	192
P02752	AF	238
P02775	AF	128
P02808-2	AF	52
P02814	AF	79
P02816	AF	146
P02817-2	AF	75
P02817	AF	213
P02831	AF	443
P02833-2	AF	297
P02843	AF	439
P02856	AF	124
P02861	AF	101
P02888	AF	253
P02925	AF	296
P02967	AF	175
P03023	AF	360
P03850	AF	87
P03874	AF	630
P03879	AF	638
P03962	AF	267
P04004	AF	478
P04090-2	AF	117
P04090	AF	185
P04118	AF	112
P04152	AF	422
P04155	AF	84
P04197	AF	657
P04387	AF	435
P04476-2	AF	146
P04476	AF	220
P04644	AF	135
P04653-1	AF	206
P04705	AF	186
P04749	AF	135
P04776-2	AF	386
P04823	AF	166
P05049	AF	435
P05057	AF	253
P05059	AF	449
P05090	AF	189
P05113-2	AF	123
P05123	AF	381
P05205	AF	206
P05230-2	AF	60
P05230	AF	155
P05364	AF	381
P05386-2	AF	89
P05386	AF	114
P05408-2	AF	211
P05426	AF	260
P05468	AF	994
P05524	AF	245
P05527	AF	576
P05740	AF	184
P05747	AF	59
P05755	AF	195
P05987	AF	327
P06171	AF	419
P06200	AF	730
P06322	AF	134
P06367	AF	137
P06454-2	AF	110
P06601-2	AF	590
P06608	AF	348
P06652	AF	596
P06748-3	AF	259
P06844	AF	337
P06850	AF	196
P06865-2	AF	168
P06865	AF	529
P06869	AF	433
P07096	AF	191
P07103	AF	426
P07270	AF	312
P07291	AF	157
P07363-2	AF	557
P07507	AF	103
P07521	AF	95
P07585-4	AF	172
P07585-5	AF	75
P07602-3	AF	527
P07703	AF	335
P07834	AF	779
P07986	AF	484
P07992-3	AF	323
P07992-4	AF	225
P08018	AF	668
P08074	AF	244
P08136	AF	52
P08182-3	AF	215
P08207	AF	97
P08425	AF	469
P08463	AF	113
P08489	AF	838
P08495-2	AF	163
P08495	AF	408
P08651-4	AF	406
P08651	AF	508
P08660	AF	449
P08721	AF	317
P08729	AF	469
P08751	AF	169
P08833	AF	259
P08861	AF	270
P08874	AF	96
P08932	AF	430
P08959	AF	79
P09036	AF	80
P09056	AF	203
P09077	AF	417
P09087-2	AF	270
P09132-2	AF	110
P09132-3	AF	78
P09132	AF	144
P09346	AF	634
P09466-3	AF	86
P09466	AF	180
P09748	AF	444
P09804	AF	995
P09856	AF	190
P09858	AF	435
P09870	AF	526
P09913	AF	472
P09957	AF	541
P0A082	AF	169
P0A095	AF	182
P0A0N4	AF	188
P0A0Q2	AF	156
P0A182	AF	79
P0A239	AF	124
P0A358	AF	66
P0A5L7	AF	679
P0A5W9	AF	725
P0A6R3	AF	98
P0A6Y5	AF	292
P0A8H6	AF	169
P0A8J6	AF	87
P0A946	AF	148
P0A948	AF	194
P0A959	AF	405
P0A9E0	AF	292
P0A9I5	AF	87
P0A9K0	AF	386
P0A9M1	AF	784
P0A9P6	AF	629
P0A9S7	AF	255
P0A9T7	AF	113
P0AAA3	AF	195
P0ABD8	AF	156
P0AC00	AF	340
P0AC16	AF	122
P0AC53	AF	491
P0ACG3	AF	134
P0ACH4	AF	92
P0ACH9	AF	302
P0ACK7	AF	252
P0ACN4	AF	271
P0ACS9	AF	215
P0ACT8	AF	196
P0ACZ4	AF	204
P0ADA1	AF	208
P0ADN2	AF	112
P0ADV4	AF	185
P0AE11	AF	187
P0AE29	AF	225
P0AE70	AF	111
P0AE91	AF	157
P0AEE8	AF	278
P0AEN1	AF	233
P0AES9	AF	110
P0AEW9	AF	312
P0AEX9	AF	396
P0AF23	AF	406
P0AF61	AF	98
P0AFI5	AF	310
P0AFM2	AF	330
P0AFP2	AF	129
P0AFS3	AF	240
P0AFU4	AF	444
P0AFZ5	AF	169
P0AG11	AF	139
P0AG21	AF	744
P0AG76	AF	400
P0AGA7	AF	196
P0AGG2	AF	286
P0C079	AF	79
P0C0Q1	AF	282
P0C0V8	AF	87
P0C0X0	AF	67
P0C0Y5	AF	267
P0C1D3	AF	993
P0C1D6	AF	657
P0C1Q0	AF	421
P0C2D7	AF	88
P0C2I4	AF	478
P0C2S4	AF	625
P0C2T2	AF	325
P0C311	AF	249
P0C5F2	AF	36
P0C6E7	AF	568
P0C7H8	AF	128
P0C7L0-2	AF	451
P0C7M6	AF	154
P0C7P5	AF	193
P0C7R0	AF	761
P0C7T4	AF	53
P0C7T5	AF	689
P0C8E7	AF	114
P0C8M0	AF	69
P0C8P9	AF	57
P0CAY2	AF	53
P0CAZ1	AF	899
P0CB05	AF	711
P0CB08	AF	64
P0CB09	AF	78
P0CB15	AF	221
P0CB20	AF	123
P0CE29	AF	95
P0CG10	AF	540
P0CG19	AF	228
P0CG20	AF	571
P0CG36	AF	223
P0CG57	AF	118
P0CG63	AF	381
P0CG69	AF	763
P0CH43	AF	79
P0CH64	AF	225
P0CJ53	AF	256
P0CJ85	AF	424
P0CM44	AF	957
P0CM87	AF	115
P0CN07	AF	279
P0CN50	AF	463
P0CN58	AF	846
P0CO50	AF	751
P0CP16	AF	671
P0CP21	AF	493
P0CP24	AF	213
P0CQ45	AF	408
P0CR29	AF	463
P0CR42	AF	449
P0CS53	AF	569
P0CT04	AF	75
P0CT91	AF	416
P0CU09	AF	235
P0CV45	AF	556
P0CV57	AF	720
P0CX34	AF	63
P0CX37	AF	236
P0CY83	AF	76
P0CZ00	AF	812
P0CZ04	AF	133
P0DA53	AF	282
P0DB79	AF	142
P0DG93	AF	92
P0DI81-2	AF	124
P0DI81	AF	140
P0DJ14	AF	255
P0DJ29-2	AF	449
P0DJ29	AF	578
P0DJ69	AF	71
P0DJ95	AF	56
P0DJA3	AF	423
P0DJD4	AF	496
P0DJI6	AF	106
P0DJM0	AF	800
P0DKM5	AF	95
P0DL50	AF	80
P0DMB5	AF	334
P0DMC4	AF	54
P0DMJ4	AF	56
P0DO97	AF	292
P0DOC7	AF	647
P0DP57	AF	97
P0DPA6	AF	439
P0DPH6	AF	88
P0DPK3-2	AF	249
P0DPZ0	AF	79
P0DQH9	AF	172
P0DQJ1	AF	51
P0DQS1	AF	76
P0DQT9	AF	62
P0DQZ3	AF	115
P0DRA3	AF	65
P0DSO2	AF	92
P0DTK9	AF	627
P0DTR9	AF	101
P0DTS1	AF	382
P0DTX3	AF	64
P0DUM6	AF	93
P0DUM7	AF	554
P0DUN9	AF	58
P0DUT6	AF	66
P0DUZ5	AF	312
P0DV56	AF	222
P0DW04	AF	799
P0DW48	AF	684
P0DW63	AF	214
P0DW68	AF	984
P0DX02	AF	649
P0DX06	AF	486
P0DX85	AF	333
P0DX93	AF	487
P0DXA8	AF	230
P0DXG1	AF	976
P0DXW2	AF	359
P0DXW4	AF	55
P0DY24	AF	61
P0DY26	AF	87
P10026	AF	127
P10128	AF	250
P10146-2	AF	91
P10184-2	AF	451
P10400	AF	120
P10476	AF	962
P10505	AF	665
P10582	AF	929
P10619-2	AF	463
P10723	AF	548
P10735	AF	140
P10802	AF	638
P10815	AF	482
P10836	AF	82
P11048	AF	665
P11180	AF	647
P11242	AF	123
P11245	AF	290
P11260	AF	357
P11280	AF	142
P11308-2	AF	363
P11308-3	AF	486
P11308-5	AF	317
P11437	AF	907
P11478	AF	93
P11524	AF	147
P11560	AF	443
P11562	AF	249
P11880	AF	452
P11883	AF	453
P11922	AF	985
P11972	AF	698
P11996	AF	789
P12019	AF	452
P12026	AF	87
P12052	AF	229
P12106	AF	920
P12272-2	AF	175
P12297-3	AF	748
P12297	AF	963
P12416	AF	88
P12611	AF	486
P12656	AF	138
P12710	AF	127
P12730	AF	181
P12763	AF	359
P12884	AF	83
P12962	AF	161
P12974	AF	131
P13039	AF	400
P13051-2	AF	304
P13068	AF	57
P13086	AF	346
P13095	AF	152
P13125	AF	65
P13207	AF	167
P13233	AF	420
P13264-2	AF	603
P13439	AF	481
P13460	AF	202
P13461	AF	147
P13469	AF	542
P13484	AF	673
P13489	AF	461
P13645	AF	584
P13667	AF	645
P13676	AF	732
P13804-2	AF	284
P13984	AF	249
P14003	AF	337
P14016	AF	181
P14061	AF	328
P14081	AF	614
P14126	AF	387
P14138-3	AF	219
P14165	AF	428
P14195	AF	797
P14291	AF	827
P14325	AF	779
P14328	AF	600
P14606	AF	814
P14680	AF	807
P14724	AF	124
P14736	AF	754
P14765	AF	97
P14775	AF	96
P14843	AF	370
P14844	AF	148
P14865	AF	457
P14870	AF	579
P14908	AF	341
P14922	AF	966
P15025	AF	390
P15036	AF	469
P15156	AF	695
P15180	AF	591
P15244	AF	313
P15248	AF	144
P15373	AF	111
P15558	AF	774
P15612	AF	367
P15636	AF	653
P15696	AF	195
P15744	AF	216
P15873	AF	258
P15891	AF	592
P15927	AF	270
P16126	AF	520
P16218	AF	900
P16220-3	AF	230
P16220	AF	327
P16303	AF	565
P16333-2	AF	313
P16539	AF	409
P16664	AF	663
P16860	AF	134
P17054	AF	524
P17065	AF	759
P17074	AF	145
P17085-3	AF	176
P17096-2	AF	96
P17096-3	AF	179
P17306	AF	55
P17433	AF	272
P17535	AF	347
P17707	AF	334
P17735	AF	454
P17744	AF	502
P17839	AF	252
P18023	AF	343
P18153-2	AF	242
P18153	AF	321
P18204	AF	395
P18406	AF	379
P18483	AF	768
P18485	AF	485
P18509	AF	176
P18615-4	AF	350
P18653	AF	724
P18759	AF	758
P18846-2	AF	136
P18846	AF	271
P18894	AF	345
P19080	AF	127
P19093	AF	241
P19172	AF	302
P19313	AF	141
P19339-11	AF	42
P19339-14	AF	360
P19388	AF	210
P19419-2	AF	95
P19425	AF	97
P19427	AF	201
P19468	AF	637
P19569	AF	141
P19595	AF	477
P19636	AF	295
P19729	AF	92
P19735	AF	899
P19838-2	AF	969
P19879	AF	299
P19926	AF	413
P19955	AF	123
P19963	AF	145
P19970	AF	989
P20009-2	AF	322
P20052	AF	293
P20067-2	AF	148
P20095	AF	876
P20134	AF	766
P20189	AF	892
P20294	AF	200
P20394	AF	87
P20396	AF	242
P20433	AF	221
P20439	AF	530
P20485	AF	582
P20607	AF	211
P20711-2	AF	338
P20711-4	AF	387
P20767	AF	104
P20771	AF	199
P20784	AF	348
P20800	AF	178
P20822	AF	385
P20933	AF	346
P21169	AF	711
P21224	AF	338
P21266	AF	225
P21328	AF	916
P21340	AF	172
P21374	AF	235
P21520	AF	799
P21529	AF	508
P21563	AF	108
P21614	AF	476
P21651	AF	314
P21828	AF	262
P21922	AF	253
P21952	AF	449
P22022	AF	555
P22091	AF	329
P22141	AF	198
P22216	AF	821
P22222	AF	548
P22287	AF	63
P22301	AF	178
P22327	AF	624
P22355	AF	376
P22388	AF	202
P22414	AF	906
P22438	AF	575
P22467	AF	994
P22524	AF	234
P22699	AF	705
P22809	AF	382
P22810	AF	542
P22947	AF	60
P22980	AF	324
P23031	AF	619
P23106	AF	281
P23142-4	AF	683
P23159	AF	111
P23176	AF	639
P23202	AF	354
P23434	AF	173
P23588-2	AF	572
P23591	AF	321
P23638	AF	258
P23647	AF	805
P23695	AF	181
P23748	AF	554
P23873	AF	88
P23906	AF	349
P23946-2	AF	136
P23955	AF	577
P24131	AF	897
P24193	AF	336
P24228	AF	477
P24251	AF	133
P24279	AF	971
P24350-4	AF	394
P24482	AF	689
P24488	AF	334
P24500	AF	129
P24543	AF	361
P24575	AF	388
P24610	AF	479
P24720	AF	663
P24801	AF	340
P24813	AF	409
P24867	AF	279
P24870	AF	427
P25007	AF	227
P25040	AF	408
P25042	AF	368
P25046	AF	220
P25052	AF	236
P25053	AF	205
P25084	AF	239
P25208	AF	207
P25233	AF	325
P25239	AF	998
P25260	AF	274
P25261	AF	335
P25295	AF	446
P25298	AF	677
P25306	AF	595
P25311	AF	298
P25343	AF	265
P25344	AF	346
P25444	AF	293
P25451	AF	205
P25569	AF	745
P25576	AF	258
P25586	AF	316
P25605	AF	309
P25632	AF	483
P25646	AF	442
P25649	AF	128
P25651	AF	190
P25693	AF	308
P25701	AF	136
P25726	AF	545
P25810	AF	87
P25888	AF	454
P25963	AF	317
P25976-2	AF	728
P25991-4	AF	733
P26309	AF	610
P26374	AF	656
P26380	AF	163
P26394	AF	183
P26450	AF	724
P26473	AF	269
P26583	AF	209
P26586	AF	271
P26599	AF	557
P26631	AF	62
P26644	AF	297
P26686-4	AF	135
P26686-7	AF	216
P26802	AF	687
P26889	AF	267
P26948	AF	170
P27016	AF	308
P27033	AF	747
P27049	AF	158
P27187	AF	96
P27342	AF	147
P27352-2	AF	392
P27366	AF	350
P27539	AF	372
P27768	AF	182
P27882	AF	189
P27918	AF	469
P27926	AF	924
P27987-2	AF	644
P27987	AF	946
P28004	AF	379
P28037	AF	902
P28194	AF	127
P28263	AF	218
P28305	AF	269
P28324-2	AF	405
P28329	AF	748
P28355	AF	577
P28495	AF	268
P28562	AF	367
P28625	AF	365
P28630	AF	343
P28669	AF	640
P28707	AF	216
P28741	AF	701
P28743	AF	706
P28817	AF	500
P28870	AF	124
P29120	AF	753
P29146	AF	793
P29241	AF	282
P29338	AF	217
P29350-3	AF	597
P29461	AF	750
P29547	AF	415
P29555-2	AF	330
P29555	AF	590
P29564	AF	231
P29594	AF	452
P29717	AF	438
P29747	AF	516
P29808	AF	271
P30011	AF	297
P30034	AF	90
P30050-2	AF	132
P30078	AF	232
P30152	AF	198
P30176	AF	160
P30181	AF	916
P30260-2	AF	830
P30307	AF	473
P30367	AF	135
P30438-2	AF	88
P30619	AF	724
P30659	AF	86
P30713	AF	244
P30776	AF	628
P30885	AF	401
P30990	AF	170
P31006	AF	198
P31074	AF	159
P31110	AF	177
P31113	AF	233
P31116	AF	359
P31133	AF	370
P31150	AF	447
P31200	AF	58
P31240	AF	241
P31260-2	AF	94
P31260	AF	410
P31269	AF	272
P31270	AF	313
P31287	AF	129
P31315	AF	261
P31325	AF	406
P31339	AF	621
P31347	AF	149
P31378	AF	399
P31385	AF	405
P31673	AF	154
P31688	AF	896
P31919	AF	281
P31944	AF	242
P31988	AF	72
P32027	AF	508
P32057	AF	407
P32067	AF	415
P32073	AF	718
P32099	AF	338
P32115-3	AF	312
P32140	AF	413
P32151	AF	351
P32157	AF	224
P32190	AF	709
P32259	AF	974
P32316	AF	526
P32519-2	AF	595
P32523	AF	503
P32525	AF	599
P32581	AF	645
P32585	AF	307
P32614	AF	470
P32618	AF	956
P32742-4	AF	817
P32756	AF	627
P32765	AF	221
P32794	AF	780
P32797	AF	924
P32825	AF	507
P32828	AF	619
P32833	AF	620
P32844	AF	805
P32860	AF	256
P32893	AF	560
P32896	AF	925
P32899	AF	183
P32909	AF	740
P32960	AF	227
P32961-2	AF	340
P32963	AF	355
P32969	AF	192
P33078	AF	163
P33118	AF	329
P33203	AF	583
P33215-2	AF	508
P33215	AF	660
P33301	AF	854
P33306	AF	851
P33308	AF	149
P33333	AF	303
P33371	AF	315
P33399	AF	275
P33412	AF	323
P33420	AF	868
P33522	AF	465
P33538	AF	969
P33540	AF	896
P33573	AF	641
P33656	AF	378
P33744	AF	862
P33895	AF	451
P33913	AF	604
P34020	AF	324
P34072	AF	584
P34100	AF	714
P34130	AF	210
P34159	AF	96
P34162	AF	210
P34183	AF	521
P34208	AF	496
P34217	AF	668
P34223	AF	423
P34227	AF	261
P34252	AF	453
P34264	AF	195
P34291	AF	401
P34307	AF	886
P34314	AF	965
P34324	AF	273
P34326	AF	187
P34344-2	AF	136
P34344	AF	610
P34351	AF	102
P34382	AF	182
P34385	AF	608
P34425	AF	468
P34456	AF	419
P34459	AF	337
P34487	AF	918
P34522	AF	594
P34547-2	AF	414
P34552-4	AF	498
P34552	AF	882
P34555	AF	205
P34560-2	AF	195
P34584	AF	84
P34619	AF	1000
P34647-2	AF	516
P34647	AF	810
P34951	AF	143
P35046	AF	256
P35189	AF	244
P35203	AF	478
P35223	AF	820
P35234	AF	369
P35244	AF	121
P35247	AF	375
P35428	AF	282
P35541	AF	130
P35548	AF	267
P35583	AF	459
P35626	AF	688
P35639	AF	168
P35659-2	AF	341
P35718	AF	212
P35732	AF	738
P35734	AF	292
P35745	AF	97
P35754	AF	106
P35783	AF	204
P35807	AF	61
P35827	AF	939
P35831	AF	775
P36024	AF	562
P36041	AF	632
P36052	AF	402
P36105	AF	138
P36117	AF	915
P36150	AF	593
P36156	AF	370
P36158	AF	585
P36160	AF	344
P36188-10	AF	260
P36188-3	AF	208
P36417	AF	708
P36418	AF	959
P36501	AF	51
P36517	AF	319
P36531	AF	177
P36589	AF	240
P36600	AF	412
P36615	AF	306
P36616	AF	544
P36629	AF	517
P36667	AF	264
P36675	AF	72
P36872-2	AF	443
P36916-2	AF	430
P36952-2	AF	231
P36975	AF	212
P36980-2	AF	243
P37024	AF	809
P37025	AF	176
P37028	AF	266
P37198	AF	522
P37202	AF	970
P37237-2	AF	215
P37272	AF	419
P37344	AF	325
P37398-2	AF	704
P37529	AF	217
P37554	AF	178
P37562	AF	338
P37614	AF	89
P37690	AF	419
P37773	AF	457
P37935	AF	928
P37938	AF	940
P38022	AF	461
P38041	AF	980
P38093	AF	719
P38094	AF	865
P38138	AF	954
P38139	AF	375
P38159-2	AF	378
P38159-3	AF	196
P38183	AF	143
P38202	AF	106
P38203	AF	95
P38236	AF	366
P38260	AF	290
P38262	AF	535
P38308	AF	924
P38319	AF	544
P38337	AF	142
P38339	AF	666
P38351	AF	445
P38352	AF	637
P38478	AF	502
P38489	AF	217
P38562	AF	355
P38571-2	AF	343
P38619	AF	223
P38694	AF	644
P38738	AF	679
P38760	AF	659
P38769	AF	630
P38782	AF	295
P38785	AF	314
P38803	AF	334
P38818	AF	585
P38830	AF	627
P38884	AF	321
P38900	AF	624
P38907	AF	458
P38912	AF	153
P38920	AF	769
P38922	AF	454
P38997	AF	369
P39009	AF	513
P39015	AF	273
P39016	AF	859
P39081	AF	626
P39112	AF	969
P39165	AF	464
P39176	AF	310
P39347	AF	396
P39375	AF	130
P39393	AF	906
P39466	AF	183
P39572	AF	448
P39620	AF	181
P39633	AF	424
P39644	AF	259
P39679	AF	754
P39715	AF	212
P39726	AF	170
P39729	AF	369
P39731	AF	289
P39743	AF	482
P39744	AF	710
P39825	AF	127
P39831	AF	248
P39955	AF	897
P39998	AF	551
P40018	AF	196
P40023	AF	145
P40045	AF	126
P40050	AF	688
P40055	AF	554
P40063	AF	208
P40096	AF	142
P40118	AF	317
P40121-2	AF	333
P40157	AF	782
P40188	AF	164
P40204	AF	77
P40205	AF	109
P40222	AF	546
P40306	AF	273
P40316	AF	373
P40328	AF	754
P40357	AF	651
P40359	AF	213
P40362	AF	594
P40376	AF	512
P40403	AF	209
P40414	AF	161
P40442	AF	995
P40460	AF	691
P40465	AF	213
P40479	AF	209
P40522	AF	640
P40530	AF	394
P40563	AF	679
P40604	AF	592
P40645-2	AF	786
P40688	AF	548
P40817	AF	404
P40850	AF	830
P40923	AF	201
P40935	AF	295
P40937-2	AF	319
P40954	AF	567
P40960	AF	533
P40996	AF	536
P41002	AF	786
P41111	AF	523
P41137	AF	134
P41138	AF	119
P41205	AF	273
P41214-2	AF	460
P41214	AF	584
P41223	AF	144
P41227-2	AF	220
P41412	AF	657
P41439-4	AF	172
P41439	AF	245
P41508	AF	979
P41694	AF	129
P41697	AF	788
P41778-2	AF	347
P41784	AF	80
P41813	AF	862
P41842	AF	771
P41903	AF	349
P41911	AF	440
P41920	AF	201
P41934	AF	542
P42089	AF	133
P42124	AF	760
P42332	AF	306
P42517	AF	181
P42657	AF	270
P42698	AF	387
P42737-2	AF	259
P42737	AF	331
P42743	AF	161
P42759	AF	260
P42771-2	AF	105
P42771-3	AF	116
P42771	AF	156
P42773	AF	168
P42774-2	AF	313
P42784	AF	414
P42826	AF	600
P42845	AF	420
P42855	AF	113
P42898	AF	656
P42931	AF	214
P43234	AF	321
P43251-3	AF	545
P43345	AF	332
P43358	AF	317
P43432	AF	335
P43491	AF	103
P43535	AF	752
P43563	AF	287
P43567	AF	385
P43572	AF	832
P43618	AF	361
P43622	AF	192
P43637	AF	560
P43712	AF	312
P43741	AF	930
P43779-2	AF	178
P43780	AF	103
P44040	AF	61
P44255	AF	178
P44401	AF	493
P44602	AF	905
P44726	AF	287
P44758	AF	241
P45192	AF	334
P45202	AF	158
P45453	AF	55
P45628	AF	59
P45663	AF	87
P45727	AF	620
P45936	AF	192
P45942	AF	531
P45955	AF	263
P45962-3	AF	118
P45962	AF	598
P45970	AF	821
P45984-2	AF	382
P45984-5	AF	242
P45985	AF	399
P46003	AF	120
P46012	AF	952
P46071	AF	989
P46157	AF	65
P46162	AF	63
P46205	AF	276
P46228	AF	307
P46321	AF	641
P46337	AF	251
P46350	AF	82
P46382	AF	123
P46402	AF	167
P46425	AF	210
P46489	AF	453
P46544	AF	295
P46551	AF	730
P46554	AF	333
P46578	AF	892
P46581	AF	192
P46640	AF	310
P46675	AF	888
P46683	AF	200
P46690	AF	106
P46768	AF	141
P46777	AF	297
P46897	AF	258
P46918	AF	900
P46941	AF	837
P46946	AF	345
P46947	AF	266
P46963	AF	296
P46997	AF	583
P47001	AF	227
P47006	AF	233
P47027	AF	764
P47030	AF	604
P47042	AF	667
P47093	AF	109
P47101	AF	745
P47110	AF	350
P47112	AF	604
P47113	AF	574
P47116	AF	818
P47149	AF	201
P47167	AF	239
P47442	AF	601
P47448	AF	597
P47474	AF	100
P47476	AF	104
P47486	AF	703
P47575	AF	197
P47687	AF	228
P47691	AF	292
P47782	AF	161
P47821	AF	323
P47822	AF	140
P47845	AF	242
P47873	AF	199
P47874	AF	163
P47915	AF	160
P47992	AF	114
P48031	AF	348
P48037	AF	673
P48053	AF	995
P48317	AF	165
P48365	AF	746
P48377	AF	963
P48412	AF	387
P48445	AF	690
P48507-2	AF	252
P48524	AF	976
P48556	AF	350
P48566	AF	633
P48729-3	AF	325
P48732	AF	543
P48756	AF	144
P48791	AF	319
P48804	AF	194
P48840	AF	955
P48941	AF	116
P48961	AF	293
P48997	AF	467
P49005	AF	469
P49013	AF	570
P49051	AF	814
P49067	AF	649
P49126	AF	94
P49137-2	AF	370
P49192-2	AF	116
P49294	AF	530
P49354-2	AF	312
P49458-2	AF	82
P49518	AF	309
P49541	AF	497
P49618	AF	237
P49638	AF	278
P49657-2	AF	604
P49657	AF	908
P49710	AF	486
P49723	AF	345
P49756-2	AF	294
P49756-4	AF	164
P49762	AF	832
P49764	AF	158
P49770	AF	351
P49799	AF	205
P49813	AF	359
P49842-2	AF	364
P49842	AF	254
P49913	AF	170
P49921	AF	91
P49955	AF	971
P49957	AF	279
P50089	AF	785
P50091	AF	288
P50158	AF	200
P50168	AF	427
P50219-2	AF	189
P50219	AF	401
P50222	AF	304
P50231	AF	92
P50521	AF	455
P50527	AF	658
P50530	AF	696
P50531	AF	606
P50548-2	AF	473
P50583	AF	147
P50652	AF	591
P50747	AF	726
P50750-2	AF	489
P50874	AF	479
P50995-2	AF	472
P51030	AF	357
P51125-5	AF	431
P51125	AF	788
P51136	AF	467
P51163	AF	265
P51208	AF	263
P51306	AF	67
P51397	AF	102
P51486	AF	363
P51568	AF	400
P51569	AF	419
P51570	AF	392
P51583	AF	425
P51612	AF	930
P51617-3	AF	693
P51659-2	AF	761
P51697	AF	156
P51807	AF	113
P51884	AF	338
P51942	AF	500
P51943	AF	422
P51959-2	AF	161
P51959	AF	295
P52006	AF	141
P52012	AF	523
P52164-2	AF	151
P52272-2	AF	691
P52306-5	AF	608
P52309	AF	149
P52321	AF	392
P52402	AF	328
P52478	AF	192
P52491	AF	188
P52551	AF	743
P52556	AF	206
P52597	AF	415
P52654-3	AF	324
P52661	AF	342
P52718	AF	531
P52759	AF	137
P52811	AF	151
P52815	AF	198
P52836	AF	312
P52843	AF	285
P52926-2	AF	106
P52945	AF	283
P52952-2	AF	151
P52952-3	AF	112
P52952	AF	324
P53044	AF	361
P53086	AF	805
P53118	AF	685
P53119	AF	910
P53135	AF	668
P53169	AF	641
P53197	AF	566
P53201	AF	476
P53218	AF	158
P53250	AF	332
P53251	AF	210
P53255	AF	507
P53286	AF	410
P53297	AF	722
P53321	AF	146
P53331	AF	553
P53333	AF	577
P53335	AF	271
P53535	AF	974
P53566-4	AF	242
P53566-5	AF	396
P53575	AF	249
P53603	AF	541
P53604-2	AF	209
P53617	AF	575
P53627	AF	662
P53728	AF	308
P53734	AF	629
P53741	AF	515
P53743	AF	316
P53761	AF	440
P53783	AF	391
P53805-3	AF	171
P53805-4	AF	117
P53805	AF	252
P53820	AF	52
P53851	AF	422
P53859	AF	292
P53904	AF	254
P53911	AF	425
P53919	AF	492
P53930	AF	226
P53946	AF	755
P53973	AF	706
P53997	AF	269
P53999	AF	127
P54000	AF	292
P54076	AF	331
P54105	AF	237
P54256-2	AF	599
P54269	AF	693
P54277	AF	932
P54279	AF	859
P54319	AF	795
P54352-2	AF	495
P54353	AF	166
P54369	AF	227
P54385-2	AF	549
P54394	AF	931
P54420	AF	632
P54421	AF	334
P54423	AF	894
P54426	AF	63
P54452	AF	172
P54475	AF	438
P54508	AF	264
P54550	AF	338
P54604	AF	302
P54616	AF	258
P54619-2	AF	299
P54631	AF	400
P54681	AF	367
P54687	AF	386
P54705	AF	685
P54733-2	AF	602
P54742	AF	807
P54790	AF	616
P54791	AF	529
P54802	AF	743
P54803	AF	685
P54823	AF	483
P54843-2	AF	380
P54846	AF	237
P54857	AF	326
P54860	AF	961
P54886-2	AF	793
P54951	AF	165
P54993	AF	277
P54995	AF	453
P55002	AF	183
P55036-2	AF	268
P55065	AF	493
P55083	AF	255
P55095	AF	180
P55206	AF	126
P55210-2	AF	253
P55231	AF	521
P55240	AF	125
P55302	AF	360
P55347-2	AF	405
P55379	AF	516
P55465	AF	909
P55612	AF	464
P55715	AF	212
P55770	AF	128
P55826-2	AF	506
P55830-2	AF	218
P55906	AF	683
P55965	AF	697
P55982	AF	788
P56174	AF	112
P56179-2	AF	265
P56179	AF	175
P56182	AF	461
P56277	AF	68
P56279	AF	114
P56287	AF	678
P56518	AF	576
P56546-2	AF	988
P56546	AF	445
P56552	AF	54
P56581-2	AF	397
P56711	AF	80
P56717	AF	131
P56733	AF	150
P56942	AF	165
P57076	AF	290
P57077-1	AF	242
P57077	AF	142
P57235	AF	690
P57381	AF	812
P57446	AF	324
P57633	AF	584
P57775	AF	412
P57993	AF	763
P58004	AF	480
P58005-3	AF	321
P58005-4	AF	353
P58289	AF	88
P58340-5	AF	243
P58546	AF	118
P58742	AF	546
P58775	AF	284
P58777	AF	219
P58911	AF	501
P58925	AF	73
P59074	AF	171
P59103-2	AF	16
P59103-3	AF	82
P59103-4	AF	126
P59205	AF	658
P59282	AF	170
P59311	AF	340
P59368	AF	82
P59597	AF	962
P59674	AF	313
P59708	AF	125
P59825	AF	626
P59827-2	AF	575
P59828	AF	529
P59900	AF	758
P60211	AF	61
P60212	AF	87
P60357	AF	90
P60372	AF	401
P60408	AF	238
P60413	AF	245
P60832	AF	96
P60896	AF	70
P60983	AF	142
P61025	AF	79
P61060	AF	207
P61091	AF	144
P61204-2	AF	144
P61204	AF	181
P61255	AF	145
P61279	AF	116
P61358	AF	136
P61364	AF	130
P61753	AF	509
P61875	AF	775
P61898	AF	116
P61916-2	AF	125
P61926	AF	76
P61950	AF	176
P61960	AF	85
P61975	AF	326
P62024	AF	580
P62066	AF	106
P62089	AF	166
P62253	AF	170
P62281	AF	158
P62305	AF	92
P62307	AF	86
P62314	AF	119
P62397	AF	170
P62487	AF	172
P62495-2	AF	404
P62520	AF	63
P62521	AF	643
P62554	AF	101
P62597	AF	778
P62598	AF	596
P62650	AF	174
P62843	AF	145
P62850	AF	133
P62852	AF	125
P62862	AF	133
P62996-2	AF	38
P62996	AF	288
P63054	AF	62
P63057-2	AF	458
P63072	AF	162
P63089	AF	168
P63123	AF	156
P63153	AF	146
P63178	AF	243
P63207	AF	175
P63324	AF	132
P63485	AF	323
P63746	AF	111
P63883	AF	417
P64062	AF	436
P64524	AF	124
P64578	AF	104
P64602	AF	97
P64678	AF	137
P64778	AF	266
P64822	AF	109
P65042	AF	105
P65396	AF	163
P65518	AF	232
P65899	AF	429
P66628	AF	130
P66726	AF	72
P67413	AF	212
P67433	AF	213
P67463	AF	71
P67530	AF	60
P67791	AF	63
P67813	AF	101
P67860-2	AF	192
P67860-3	AF	148
P67861	AF	144
P67940	AF	54
P67984	AF	128
P68036-2	AF	122
P68036-3	AF	212
P68356	AF	66
P69004	AF	376
P69046	AF	51
P69735	AF	775
P69792	AF	116
P69850	AF	94
P69852	AF	69
P70120	AF	167
P70261	AF	859
P70314	AF	315
P70324-2	AF	721
P70327	AF	436
P70339	AF	274
P70354	AF	204
P70379	AF	247
P70429-2	AF	393
P70445	AF	120
P70473	AF	382
P70492	AF	215
P70507-2	AF	544
P70541	AF	452
P71229	AF	670
P71590	AF	527
P72495	AF	489
P72533	AF	639
P72539	AF	719
P72578	AF	632
P72758-2	AF	447
P72758	AF	687
P73014	AF	57
P74111	AF	750
P74126	AF	562
P74327	AF	143
P74459	AF	898
P74794	AF	72
P75074	AF	103
P75374	AF	148
P75465	AF	419
P75478	AF	506
P75726	AF	510
P75862	AF	180
P76017	AF	955
P76083	AF	475
P76084	AF	140
P76291	AF	323
P76319	AF	159
P76341	AF	137
P76393	AF	648
P76402	AF	110
P77334	AF	661
P77503	AF	351
P77596	AF	655
P77627	AF	235
P77743	AF	528
P77775	AF	297
P77989	AF	743
P78346	AF	268
P78367	AF	333
P78411	AF	483
P78424-2	AF	655
P78560-2	AF	103
P78560	AF	199
P78602	AF	110
P78706	AF	604
P78710	AF	540
P78953	AF	920
P78963	AF	625
P78972	AF	488
P79149	AF	773
P79295	AF	575
P79765	AF	357
P79944	AF	692
P80009	AF	333
P80060	AF	92
P80067	AF	462
P80205	AF	355
P80571	AF	60
P80647	AF	53
P80876	AF	172
P81014	AF	57
P81121	AF	120
P81133	AF	766
P81140	AF	408
P81160	AF	54
P81277	AF	87
P81405	AF	80
P81584	AF	175
P81705	AF	61
P81782	AF	63
P81792	AF	90
P81827	AF	101
P82024	AF	180
P82147-2	AF	145
P82147	AF	187
P82343-2	AF	405
P82358	AF	84
P82450	AF	542
P82535	AF	76
P82593	AF	825
P82597	AF	250
P82715	AF	297
P82733	AF	126
P82766	AF	77
P82818	AF	66
P82930	AF	218
P82946	AF	55
P82979	AF	210
P82993	AF	535
P83105	AF	476
P83253	AF	111
P83268	AF	52
P83302	AF	57
P83404	AF	98
P83434	AF	91
P83579	AF	58
P83673	AF	184
P83731	AF	157
P83942	AF	110
P83952	AF	50
P84103-2	AF	124
P84103	AF	164
P84246	AF	136
P84329	AF	595
P84347	AF	215
P84408	AF	55
P84550-2	AF	868
P84550	AF	965
P84585	AF	82
P84741	AF	859
P84777	AF	61
P85100	AF	199
P85213	AF	72
P85257	AF	129
P85797	AF	197
P85881	AF	63
P86013	AF	53
P86093	AF	58
P86110	AF	70
P86215	AF	50
P86397	AF	168
P86407	AF	75
P86476	AF	72
P86483	AF	67
P86792	AF	133
P86807	AF	72
P86856	AF	321
P86857	AF	189
P87049	AF	411
P87060	AF	775
P87074	AF	778
P87144	AF	703
P87174	AF	210
P87252	AF	176
P87271	AF	102
P87314	AF	932
P87379-2	AF	217
P89102	AF	971
P89114	AF	91
P90513	AF	252
P90947	AF	927
P90978-2	AF	143
P90978	AF	496
P91278	AF	362
P91529	AF	296
P91641	AF	252
P91859	AF	878
P92560	AF	111
P92958-2	AF	359
P92965	AF	350
P92983	AF	499
P93043	AF	980
P93105	AF	157
P93198	AF	139
P93306	AF	394
P93431-2	AF	433
P93479	AF	535
P93831	AF	902
P93847	AF	219
P94391	AF	515
P94424	AF	249
P94538	AF	248
P94548	AF	194
P94552	AF	495
P95690	AF	876
P95691	AF	602
P95748	AF	255
P96105	AF	674
P96155	AF	611
P96503	AF	143
P96622	AF	116
P96633	AF	126
P96669	AF	463
P96681	AF	482
P96722	AF	602
P96740	AF	413
P96856	AF	220
P97298	AF	417
P97299	AF	295
P97303-2	AF	716
P97328	AF	298
P97361	AF	278
P97427	AF	572
P97459	AF	594
P97466	AF	232
P97590	AF	136
P97592	AF	246
P97615	AF	166
P97636-2	AF	175
P97737	AF	476
P97865	AF	318
P97875	AF	163
P97930-2	AF	80
P97930	AF	212
P98083-2	AF	469
P98089	AF	837
P98173	AF	230
P98180	AF	649
P9WEK2	AF	511
P9WF24	AF	91
P9WFP8	AF	129
P9WGB9	AF	326
P9WGD1	AF	532
P9WGI3	AF	261
P9WGM3	AF	205
P9WGS9	AF	254
P9WH43	AF	481
P9WH53	AF	162
P9WHJ3	AF	790
P9WI95	AF	213
P9WIB0	AF	517
P9WIB9	AF	199
P9WIC1	AF	105
P9WIH9	AF	103
P9WIK5	AF	472
P9WJ87	AF	82
P9WJC1	AF	729
P9WJE1	AF	392
P9WJG2	AF	162
P9WK28	AF	374
P9WKL5	AF	241
P9WL21	AF	602
P9WL67	AF	413
P9WLH6	AF	233
P9WLK9	AF	104
P9WM24	AF	218
P9WM39	AF	456
P9WM54	AF	454
P9WM92	AF	131
P9WMD1	AF	202
P9WMI1	AF	474
P9WMK9	AF	195
P9WMQ1	AF	771
P9WN26	AF	994
P9WNB0	AF	591
P9WNH3	AF	341
P9WP11	AF	148
P9WP33	AF	93
P9WPA3	AF	407
P9WPB5	AF	302
P9WPI3	AF	631
P9WQ60	AF	705
P9WQ84	AF	771
P9WQH5	AF	473
Q00004	AF	622
Q00059-2	AF	214
Q00168	AF	530
Q00196-2	AF	479
Q00196-5	AF	583
Q00204	AF	847
Q00539	AF	523
Q00558	AF	381
Q00643	AF	224
Q00684	AF	551
Q00688	AF	224
Q00888-3	AF	326
Q00888	AF	419
Q00958	AF	420
Q01070	AF	205
Q01094	AF	437
Q01159	AF	459
Q01247	AF	87
Q01262	AF	690
Q01329	AF	785
Q01460	AF	367
Q01477	AF	912
Q01634	AF	655
Q01649	AF	594
Q01657	AF	459
Q01664	AF	338
Q01702	AF	269
Q01722	AF	534
Q01766	AF	294
Q01832	AF	198
Q01Y83	AF	391
Q02197	AF	733
Q02208	AF	771
Q02241-3	AF	673
Q02326	AF	176
Q02328-2	AF	921
Q02354	AF	440
Q02383	AF	582
Q02394	AF	358
Q02457	AF	562
Q02724	AF	621
Q02733	AF	499
Q02779	AF	954
Q02793	AF	397
Q02796	AF	332
Q02833-3	AF	320
Q02844-2	AF	46
Q02884	AF	456
Q02887	AF	496
Q02931	AF	896
Q02934	AF	887
Q02950	AF	344
Q02959	AF	697
Q02MM2	AF	187
Q03017-2	AF	482
Q03048	AF	143
Q03063	AF	452
Q030Z7	AF	156
Q03124	AF	581
Q03173-2	AF	390
Q03173-4	AF	783
Q03173-6	AF	507
Q03178	AF	341
Q03213	AF	719
Q03250-2	AF	48
Q03250	AF	176
Q03308	AF	798
Q03344	AF	107
Q03373	AF	323
Q03386	AF	895
Q03435	AF	203
Q03503	AF	176
Q03569	AF	525
Q03571	AF	560
Q03586	AF	508
Q035Y8	AF	93
Q03609	AF	983
Q03649	AF	449
Q03776	AF	544
Q03785	AF	461
Q03823	AF	816
Q03828	AF	476
Q03898	AF	291
Q03920	AF	221
Q03935	AF	383
Q03957	AF	528
Q039Y8	AF	201
Q03KA9	AF	230
Q03M55	AF	320
Q03PB4	AF	749
Q03QT1	AF	157
Q04087	AF	347
Q04110	AF	302
Q04177	AF	643
Q04179	AF	340
Q04206	AF	551
Q04222	AF	970
Q04226	AF	346
Q04235	AF	462
Q04305	AF	513
Q04353	AF	90
Q04377	AF	747
Q04383	AF	521
Q04430	AF	367
Q04431	AF	385
Q04432	AF	237
Q04437	AF	629
Q04500	AF	899
Q04503	AF	555
Q04511	AF	668
Q04526	AF	418
Q04571	AF	108
Q04712	AF	507
Q04724	AF	770
Q04728	AF	441
Q04737	AF	248
Q04748	AF	898
Q04786	AF	847
Q04841	AF	333
Q04868	AF	273
Q04974	AF	831
Q04JX6	AF	427
Q04KC3	AF	309
Q04KE2	AF	217
Q05053	AF	558
Q05115	AF	240
Q05153-2	AF	268
Q05153	AF	646
Q05156	AF	746
Q05195-2	AF	211
Q05466	AF	284
Q05468	AF	723
Q05519-2	AF	483
Q05599	AF	181
Q05638	AF	597
Q05682-2	AF	564
Q05682	AF	793
Q05733	AF	847
Q05753-2	AF	359
Q05806	AF	131
Q05863	AF	155
Q05949	AF	395
Q05AM5	AF	821
Q05C16	AF	587
Q05JY7	AF	942
Q06066	AF	321
Q06078	AF	939
Q06132	AF	899
Q06160	AF	661
Q06178	AF	401
Q06188	AF	304
Q06198	AF	193
Q06204	AF	433
Q06213	AF	157
Q06216	AF	648
Q06238	AF	988
Q06265-4	AF	372
Q06336	AF	557
Q06337	AF	982
Q06340	AF	456
Q06344	AF	628
Q06348	AF	247
Q06390	AF	306
Q06406	AF	86
Q06440	AF	651
Q06453	AF	408
Q06494	AF	345
Q06504	AF	195
Q06511	AF	250
Q06559	AF	246
Q06583	AF	618
Q06629	AF	674
Q06649	AF	559
Q06665	AF	692
Q06683	AF	689
Q06697	AF	393
Q06710-2	AF	387
Q06710-5	AF	287
Q06831	AF	440
Q06903	AF	690
Q06915	AF	478
Q06SE7	AF	696
Q06VW1	AF	149
Q07093	AF	676
Q07381	AF	788
Q07395	AF	620
Q07475	AF	68
Q07508	AF	261
Q07566	AF	538
Q07627	AF	177
Q07655	AF	649
Q07731-3	AF	159
Q07731-4	AF	211
Q07834	AF	825
Q07839	AF	416
Q07844	AF	837
Q07845	AF	632
Q07916-1	AF	301
Q07916-3	AF	190
Q07916	AF	576
Q07YK0	AF	434
Q08024-4	AF	148
Q08024	AF	187
Q08048-2	AF	723
Q08048-3	AF	211
Q08119	AF	714
Q081J0	AF	203
Q08380	AF	585
Q083D7	AF	198
Q08412	AF	411
Q08446	AF	395
Q08491	AF	747
Q08492	AF	214
Q08496	AF	732
Q08648-2	AF	50
Q08648-3	AF	113
Q08648-5	AF	80
Q08683	AF	685
Q08723	AF	338
Q08732	AF	759
Q08752	AF	370
Q08817	AF	791
Q08824	AF	135
Q08856	AF	258
Q08877-8	AF	564
Q08887	AF	554
Q08891	AF	616
Q08956	AF	461
Q08962	AF	181
Q08977	AF	551
Q08CF3	AF	511
Q08DI1	AF	899
Q08DJ8	AF	525
Q08EC4-3	AF	685
Q08IB7	AF	530
Q08J23-2	AF	732
Q08J23-3	AF	531
Q09024	AF	267
Q09170	AF	460
Q09177	AF	125
Q09235	AF	458
Q09263	AF	859
Q09307	AF	495
Q09309	AF	454
Q09313-2	AF	915
Q09314-2	AF	757
Q09345	AF	823
Q09373	AF	507
Q09375	AF	121
Q09433-2	AF	114
Q09446	AF	915
Q09501	AF	776
Q09581	AF	297
Q09602	AF	416
Q09646	AF	446
Q09689	AF	395
Q09699	AF	632
Q09778	AF	899
Q09796	AF	990
Q09808	AF	152
Q09813	AF	979
Q09822	AF	927
Q09823	AF	791
Q09830	AF	772
Q09831	AF	566
Q09850	AF	706
Q09866	AF	905
Q09872	AF	977
Q09873	AF	420
Q09909	AF	639
Q09933	AF	882
Q09948	AF	542
Q09T02	AF	68
Q09YN1	AF	360
Q0AVM4	AF	610
Q0AYA9	AF	82
Q0B2Y2	AF	156
Q0BCK0	AF	104
Q0BVJ4	AF	107
Q0C4B4	AF	332
Q0CB82	AF	765
Q0CCY5	AF	486
Q0CQ46	AF	818
Q0D2H9	AF	430
Q0D2K5	AF	195
Q0D8N0-3	AF	330
Q0DDE3	AF	810
Q0DVX2	AF	641
Q0E8C8	AF	450
Q0G838-3	AF	158
Q0G838-4	AF	298
Q0G9H1	AF	57
Q0G9Y0	AF	78
Q0H6L1	AF	270
Q0HI72	AF	92
Q0HKZ7	AF	96
Q0HNU8	AF	142
Q0HQI7	AF	310
Q0HVD3	AF	446
Q0IID2	AF	217
Q0IJ01	AF	597
Q0INM3	AF	919
Q0J0G7	AF	282
Q0J7Y8	AF	947
Q0JB89	AF	343
Q0JHF1	AF	266
Q0JHU7-2	AF	499
Q0JJ05	AF	987
Q0JKI9	AF	718
Q0JYN7	AF	339
Q0K845	AF	493
Q0KEP0	AF	294
Q0KHT7	AF	674
Q0KK56-2	AF	596
Q0KK56	AF	942
Q0MTC0	AF	192
Q0P4V4	AF	785
Q0P5A1	AF	186
Q0P5G4	AF	455
Q0P5J8	AF	837
Q0P8J6	AF	779
Q0PHV7	AF	610
Q0S222	AF	190
Q0SN50	AF	598
Q0SQH4	AF	113
Q0SV48	AF	501
Q0T0J2	AF	459
Q0T7R0	AF	414
Q0TFI6	AF	296
Q0TFY7	AF	90
Q0TMG0	AF	457
Q0U397	AF	658
Q0UI02	AF	931
Q0UI04	AF	437
Q0UK12	AF	546
Q0V640	AF	946
Q0V6Q2	AF	338
Q0V865	AF	463
Q0V8C2	AF	745
Q0V8R7	AF	384
Q0VC66	AF	347
Q0VCL3	AF	314
Q0VCQ7	AF	981
Q0VCT9	AF	273
Q0VD50	AF	281
Q0VDD7-2	AF	637
Q0VFX9	AF	168
Q0VFZ6	AF	552
Q0VIA1-2	AF	106
Q0VIA1	AF	134
Q0W085	AF	257
Q0W4B8	AF	219
Q0WMY5	AF	952
Q0WPK4	AF	793
Q0WQE7	AF	617
Q0WR66-2	AF	516
Q0WR66	AF	793
Q0WVV0	AF	664
Q0WVV6	AF	601
Q0WWT7	AF	292
Q0ZGT2	AF	675
Q0ZIH5	AF	417
Q10083	AF	130
Q10156	AF	690
Q10163	AF	147
Q10173	AF	441
Q10198	AF	624
Q10213	AF	887
Q10223	AF	431
Q10273	AF	135
Q10313	AF	787
Q10328	AF	942
Q10336	AF	327
Q10337	AF	849
Q10338	AF	583
Q10491	AF	928
Q10574	AF	142
Q10579	AF	570
Q10585	AF	124
Q10586	AF	325
Q10654-2	AF	384
Q10921	AF	230
Q10CH5	AF	410
Q10D00	AF	579
Q10E64-2	AF	729
Q10KY3	AF	600
Q10LF7	AF	535
Q10MH8	AF	770
Q10N04	AF	147
Q10Q07	AF	401
Q10QA5	AF	318
Q10S44	AF	354
Q10S83	AF	942
Q11187	AF	896
Q117Z7	AF	212
Q11QD9	AF	156
Q11VN0	AF	285
Q12030	AF	206
Q12033	AF	661
Q12040	AF	230
Q12043	AF	749
Q12050	AF	791
Q12068	AF	342
Q12072	AF	812
Q12080	AF	455
Q12083	AF	715
Q12100	AF	620
Q12120	AF	418
Q12124	AF	431
Q12130	AF	139
Q12152	AF	901
Q12159	AF	226
Q12206	AF	467
Q12211	AF	544
Q12223	AF	238
Q12224	AF	676
Q12229	AF	455
Q12230	AF	341
Q12277	AF	265
Q12297	AF	353
Q12305	AF	139
Q12307	AF	118
Q12308	AF	588
Q12310	AF	699
Q12317	AF	492
Q12334	AF	223
Q12365	AF	385
Q12416	AF	295
Q12427	AF	513
Q12429	AF	685
Q12453	AF	761
Q12502	AF	818
Q12517	AF	231
Q12558	AF	985
Q12627	AF	576
Q12647	AF	473
Q12748	AF	733
Q12751	AF	981
Q12800	AF	502
Q12805-5	AF	355
Q12805	AF	493
Q12849-5	AF	318
Q12849	AF	480
Q12905	AF	390
Q12906-3	AF	764
Q12947	AF	444
Q12950	AF	439
Q12B26	AF	637
Q12FD4	AF	424
Q12MJ8	AF	505
Q12R19	AF	195
Q12TT4	AF	188
Q12WC5	AF	191
Q12WC8	AF	401
Q13042-4	AF	526
Q13164-2	AF	677
Q13164-4	AF	451
Q13203	AF	477
Q13216-2	AF	205
Q13216	AF	396
Q13227-2	AF	303
Q13322	AF	594
Q13347	AF	325
Q133R5	AF	256
Q13426	AF	336
Q13451-2	AF	268
Q13451	AF	457
Q13620-3	AF	717
Q13790	AF	326
Q13794-2	AF	136
Q13794	AF	54
Q13825-2	AF	310
Q13895	AF	437
Q13952-5	AF	354
Q13976-3	AF	389
Q13976	AF	671
Q13VF8	AF	207
Q14050	AF	684
Q14103-4	AF	287
Q14135-2	AF	259
Q14135-3	AF	41
Q14135-5	AF	206
Q14153-2	AF	305
Q14153	AF	422
Q14166	AF	644
Q14186-2	AF	311
Q14186	AF	410
Q14331	AF	258
Q14376-2	AF	274
Q14558	AF	356
Q14653-2	AF	300
Q14653-3	AF	154
Q14653-5	AF	104
Q14653	AF	427
Q14657	AF	143
Q14696-2	AF	138
Q14696	AF	234
Q14738-3	AF	496
Q147F9	AF	451
Q14894	AF	314
Q148F6	AF	287
Q14934-18	AF	724
Q14934-20	AF	436
Q14934-23	AF	189
Q14934-24	AF	82
Q14934-4	AF	934
Q149C2	AF	625
Q14AI6-2	AF	315
Q14AT2-2	AF	707
Q14AT2	AF	947
Q14B71-2	AF	392
Q14B71	AF	982
Q14CB8-4	AF	112
Q14CB8-5	AF	301
Q14CS0	AF	331
Q14CX7	AF	972
Q14CZ0-2	AF	198
Q14CZ0	AF	275
Q14FX6	AF	226
Q14FZ6	AF	205
Q15024	AF	291
Q15025	AF	636
Q15048	AF	493
Q15051-2	AF	465
Q15051-3	AF	303
Q15051	AF	598
Q15056-2	AF	228
Q15061	AF	677
Q15327	AF	319
Q15361	AF	905
Q15365	AF	356
Q15369-2	AF	96
Q15370-2	AF	161
Q15370	AF	118
Q15417-3	AF	283
Q15459-2	AF	728
Q15544-2	AF	154
Q15544	AF	211
Q15744	AF	281
Q15813	AF	527
Q15814	AF	346
Q15828	AF	149
Q15834	AF	202
Q15KI8	AF	412
Q15VL9	AF	93
Q16143	AF	134
Q16186	AF	407
Q16254	AF	413
Q16378-2	AF	65
Q16378	AF	134
Q16401-2	AF	461
Q16533	AF	368
Q16540	AF	153
Q16613	AF	207
Q16637	AF	294
Q16659	AF	721
Q16663	AF	113
Q16762	AF	297
Q16890-3	AF	131
Q16890-4	AF	102
Q16890-5	AF	175
Q16A32	AF	677
Q16Y34	AF	272
Q17043	AF	556
Q17192	AF	92
Q17381-3	AF	411
Q17569	AF	389
Q17635	AF	590
Q17800	AF	951
Q17902-2	AF	569
Q17944	AF	383
Q17Q97	AF	180
Q17RM4-3	AF	665
Q17VS7	AF	238
Q17XG8	AF	255
Q17YH9	AF	508
Q18006	AF	384
Q18012	AF	125
Q18066-2	AF	324
Q18184	AF	89
Q18211	AF	569
Q18234	AF	66
Q18277	AF	150
Q18502	AF	102
Q18581-2	AF	332
Q18581	AF	906
Q18711	AF	235
Q18909	AF	319
Q18CP5	AF	902
Q18JF4	AF	94
Q19213	AF	174
Q19294	AF	673
Q19375	AF	511
Q19404	AF	442
Q19642	AF	778
Q19706-2	AF	256
Q19802	AF	461
Q19849-6	AF	435
Q19857	AF	944
Q1ACF2	AF	113
Q1AS69	AF	339
Q1BBA2	AF	521
Q1C1Y8	AF	553
Q1C276	AF	310
Q1C3U6	AF	264
Q1CBW5	AF	106
Q1CH57	AF	102
Q1CLL0	AF	187
Q1CNU3	AF	488
Q1DJF7	AF	465
Q1ELU5-1	AF	179
Q1G391	AF	388
Q1GFQ4	AF	345
Q1GK51	AF	172
Q1IF47	AF	251
Q1ITW5	AF	424
Q1IYX1	AF	187
Q1J6G8	AF	113
Q1JPY8	AF	512
Q1KMD3	AF	747
Q1L9C7-2	AF	163
Q1MT80	AF	618
Q1MTN7	AF	957
Q1MX18-3	AF	334
Q1MX18	AF	579
Q1PEY6-2	AF	129
Q1PEY6	AF	156
Q1PF20	AF	259
Q1QCM1	AF	109
Q1QYW1	AF	694
Q1R5J5	AF	657
Q1RDL6	AF	306
Q1RGS6	AF	125
Q1RIV0	AF	104
Q1RMH8	AF	162
Q1RML1	AF	223
Q1RML2	AF	634
Q1RML7	AF	298
Q1RMS6	AF	962
Q1RNF8	AF	542
Q1V023	AF	443
Q1WU26	AF	270
Q1X6Y9	AF	164
Q1X8D7-2	AF	633
Q1XDF3	AF	566
Q1ZXC8	AF	691
Q1ZXE6	AF	865
Q1ZXI2	AF	642
Q1ZZU3	AF	235
Q1ZZU7	AF	115
Q20057	AF	113
Q20351	AF	259
Q20402	AF	555
Q20561	AF	147
Q20636	AF	369
Q208S2	AF	603
Q20938-2	AF	420
Q21065	AF	581
Q21067-2	AF	502
Q21187-2	AF	280
Q21187-3	AF	94
Q21253	AF	475
Q21341	AF	698
Q21361	AF	401
Q21407-2	AF	664
Q21407-3	AF	358
Q21407-4	AF	178
Q21738	AF	335
Q21827	AF	812
Q21836	AF	362
Q21CM2	AF	234
Q21FY5	AF	558
Q21JK7	AF	215
Q21U20	AF	704
Q22053	AF	352
Q22328	AF	622
Q22720	AF	629
Q22782	AF	205
Q22812	AF	399
Q229Z6	AF	634
Q23212	AF	184
Q23229	AF	417
Q23256	AF	501
Q23421	AF	703
Q23533	AF	239
Q23552-3	AF	460
Q23794	AF	99
Q23925	AF	909
Q23973	AF	217
Q24008	AF	674
Q24145	AF	939
Q24151	AF	761
Q24207-2	AF	227
Q24276	AF	389
Q24318-2	AF	441
Q24338	AF	425
Q24434	AF	479
Q24533	AF	382
Q24535	AF	449
Q24573-2	AF	906
Q24JJ9	AF	361
Q24X59	AF	131
Q25189	AF	317
Q257X2	AF	167
Q26263	AF	435
Q26454	AF	866
Q27049	AF	160
Q27081	AF	400
Q27083	AF	309
Q27350	AF	416
Q27403	AF	504
Q27886	AF	348
Q28038	AF	130
Q28147-2	AF	209
Q28147	AF	351
Q28198	AF	566
Q28262	AF	444
Q28283	AF	343
Q28661	AF	458
Q28901	AF	463
Q28989-2	AF	406
Q28BL6	AF	672
Q28CA1	AF	75
Q28D40	AF	562
Q28DZ1	AF	743
Q28FH2	AF	827
Q28I13	AF	82
Q28IN9	AF	173
Q29126	AF	144
Q29261	AF	827
Q29411	AF	383
Q29465	AF	528
Q298W7	AF	644
Q29RS0	AF	370
Q29RT1	AF	148
Q2FU50	AF	135
Q2FXC2	AF	235
Q2FZA9	AF	310
Q2FZU0	AF	443
Q2G296	AF	555
Q2G798	AF	279
Q2G8J9	AF	74
Q2HJD7	AF	336
Q2HJF4	AF	288
Q2I2R5	AF	64
Q2IFQ4	AF	347
Q2IIL9	AF	209
Q2IPT3	AF	267
Q2J8X3	AF	861
Q2JL69	AF	74
Q2JNE1	AF	141
Q2JT83	AF	78
Q2JTZ8	AF	260
Q2JX22	AF	157
Q2K4W8	AF	199
Q2K7G6	AF	338
Q2KBV2	AF	294
Q2KHU4	AF	272
Q2KI45	AF	426
Q2KIA0	AF	441
Q2KIA6	AF	683
Q2KIC2	AF	477
Q2KIM0	AF	468
Q2KIQ2	AF	495
Q2KJJ0	AF	941
Q2L4Q9	AF	553
Q2L6L1	AF	187
Q2LCR8	AF	162
Q2LUT2	AF	486
Q2M329	AF	555
Q2M3G4-2	AF	847
Q2MKA7-3	AF	200
Q2NHQ2	AF	276
Q2NIG5	AF	68
Q2NL34	AF	319
Q2NL67-2	AF	518
Q2NL67-3	AF	388
Q2NQM7	AF	110
Q2NQY0	AF	161
Q2PAY4	AF	83
Q2PGV8	AF	361
Q2Q5Y8	AF	833
Q2QDF1	AF	302
Q2QM77	AF	484
Q2QMH1	AF	591
Q2QYL8	AF	619
Q2R185	AF	225
Q2R4Z5	AF	164
Q2RIB6	AF	83
Q2TAK8-2	AF	642
Q2TBI7-2	AF	429
Q2TBL8	AF	361
Q2TBX7	AF	354
Q2U4L7	AF	690
Q2UI87	AF	657
Q2UIM2	AF	506
Q2UK93	AF	240
Q2UKV0	AF	707
Q2UMD5	AF	984
Q2UVH8	AF	346
Q2V338	AF	492
Q2V3I3	AF	109
Q2V488	AF	85
Q2V4E2	AF	86
Q2VUH8	AF	323
Q2WG76	AF	128
Q2WGJ6	AF	581
Q2Y8S0	AF	371
Q2YDF1	AF	277
Q2YKV1	AF	158
Q2YM28	AF	152
Q2YT99	AF	420
Q2YWQ8	AF	485
Q2YWY1	AF	268
Q2YY21	AF	383
Q30KQ6	AF	69
Q30XT2	AF	236
Q313K2	AF	202
Q31F43	AF	209
Q31HD7	AF	662
Q31UQ7	AF	91
Q31VX4	AF	59
Q31XF6	AF	229
Q31ZY2	AF	644
Q320W6	AF	309
Q326L9	AF	310
Q32B56	AF	329
Q32LE5	AF	308
Q32M02	AF	492
Q32NC0-2	AF	132
Q32NC0	AF	220
Q32P12-2	AF	604
Q32P65	AF	168
Q32PB9	AF	70
Q32PJ7	AF	716
Q32PV0	AF	300
Q32SG6	AF	964
Q32ZH4	AF	85
Q33569	AF	87
Q336P2	AF	882
Q336R9	AF	263
Q381V1	AF	250
Q381V6	AF	819
Q381X9	AF	586
Q383A1	AF	812
Q383Q5	AF	209
Q384Y1	AF	929
Q386M3	AF	862
Q387Y5	AF	751
Q38830	AF	239
Q38850	AF	249
Q38861	AF	767
Q38879	AF	133
Q38914	AF	555
Q38960	AF	346
Q38CE9	AF	796
Q38X69	AF	890
Q38XN3	AF	318
Q39030	AF	471
Q39182	AF	77
Q39192	AF	362
Q39236	AF	106
Q39256	AF	631
Q393M6	AF	332
Q39659	AF	725
Q39A42	AF	194
Q39M92	AF	201
Q3A247	AF	221
Q3AMJ0	AF	480
Q3AZ50	AF	229
Q3B820	AF	660
Q3B8G8	AF	311
Q3B8N5-2	AF	365
Q3B8N5	AF	592
Q3C256	AF	83
Q3E792	AF	108
Q3E7K4	AF	59
Q3E7L7	AF	223
Q3E811	AF	62
Q3E833	AF	88
Q3E846	AF	104
Q3E880-2	AF	101
Q3E8A8	AF	95
Q3E9I4	AF	103
Q3EBR6-2	AF	462
Q3EBZ2	AF	407
Q3ECH9	AF	101
Q3ECK2	AF	548
Q3ECL0	AF	75
Q3IK90	AF	284
Q3IPX9	AF	474
Q3J5D3	AF	359
Q3J7V8	AF	95
Q3J8S9	AF	178
Q3KG65	AF	118
Q3KKY7	AF	442
Q3KNJ2-2	AF	229
Q3KNJ2	AF	295
Q3KP66-3	AF	578
Q3KQP7-2	AF	140
Q3KQP7	AF	186
Q3KQU3-3	AF	377
Q3KR97-2	AF	473
Q3KRB8	AF	267
Q3LHH8	AF	102
Q3LI63	AF	56
Q3LI72	AF	72
Q3LSS0	AF	960
Q3M6L1	AF	348
Q3M745	AF	245
Q3MHV6	AF	582
Q3MI99	AF	408
Q3MIN7	AF	710
Q3MK94-2	AF	424
Q3S8Q4	AF	557
Q3SL47	AF	258
Q3SWF3	AF	318
Q3SXM5-2	AF	275
Q3SYR2	AF	240
Q3SZP0	AF	322
Q3SZX9	AF	391
Q3T003	AF	176
Q3T022	AF	153
Q3T028	AF	272
Q3T0R7	AF	397
Q3T0X5	AF	263
Q3T0Z7	AF	242
Q3T1L0	AF	802
Q3T6E2	AF	351
Q3TCN2-2	AF	451
Q3TEA8	AF	554
Q3TLP5-2	AF	265
Q3TLP5-3	AF	191
Q3TTP0	AF	639
Q3U0S6	AF	961
Q3U0V2	AF	310
Q3U1C4	AF	858
Q3U1T9-2	AF	691
Q3U1T9-3	AF	232
Q3U1T9-4	AF	499
Q3U1T9-5	AF	425
Q3U4H6	AF	486
Q3U821	AF	830
Q3U829	AF	807
Q3UE37	AF	356
Q3UEN2	AF	891
Q3UFT3-2	AF	578
Q3UHX9-2	AF	345
Q3UJC8-2	AF	390
Q3UJC8	AF	639
Q3UK10	AF	175
Q3UKU1	AF	639
Q3UMB5-2	AF	785
Q3UMG5	AF	773
Q3UMQ8	AF	489
Q3UN54	AF	99
Q3UQ24	AF	132
Q3UQU0	AF	596
Q3URQ7-2	AF	353
Q3URQ7-3	AF	234
Q3URY2-2	AF	339
Q3USH5	AF	945
Q3UTH8-4	AF	516
Q3UVG3	AF	837
Q3UW68	AF	665
Q3UYC0-2	AF	469
Q3UYG8	AF	475
Q3UYI6-2	AF	169
Q3UYI6	AF	415
Q3UZ39-2	AF	628
Q3UZ45	AF	379
Q3V1D5	AF	599
Q3V3R1	AF	977
Q3V6R6	AF	505
Q3YEH5	AF	61
Q3YZA9	AF	141
Q3YZV4	AF	200
Q3Z1Z2	AF	287
Q3Z3F2	AF	109
Q3Z523	AF	152
Q3Z529	AF	86
Q3Z5U8	AF	566
Q3ZAF8	AF	96
Q3ZC66	AF	101
Q3ZN08	AF	260
Q3ZXU5	AF	300
Q3ZYX5	AF	471
Q40144	AF	296
Q40161	AF	630
Q40477	AF	225
Q40960	AF	312
Q41058	AF	922
Q41258	AF	132
Q43415	AF	498
Q43418	AF	229
Q43502	AF	201
Q43725	AF	430
Q43866	AF	584
Q44212	AF	135
Q44347	AF	71
Q44879	AF	434
Q45489	AF	360
Q45743	AF	622
Q45744	AF	649
Q45812	AF	192
Q45GW3	AF	790
Q460N3-2	AF	444
Q460N3	AF	678
Q46684	AF	654
Q46829	AF	479
Q46845	AF	288
Q469A3	AF	526
Q46L69	AF	89
Q47149	AF	92
Q47860	AF	460
Q47N06	AF	758
Q47SC4	AF	99
Q47U23	AF	615
Q47V01	AF	399
Q48446	AF	170
Q48AT8	AF	81
Q48DU8	AF	912
Q48FL6	AF	312
Q48RM8	AF	366
Q48U25	AF	279
Q48UT7	AF	215
Q49172	AF	165
Q49428	AF	324
Q49689	AF	869
Q496M5-2	AF	299
Q498E6-2	AF	287
Q498R1-2	AF	506
Q498R1	AF	700
Q498R3	AF	793
Q499A3	AF	566
Q49B96	AF	90
Q49MG5-2	AF	377
Q49MG5	AF	647
Q49W78	AF	78
Q4A5G1	AF	462
Q4A696	AF	890
Q4A8Q9	AF	88
Q4AE62-3	AF	292
Q4AE62-4	AF	376
Q4AE62-6	AF	329
Q4AE70	AF	651
Q4FZV0-2	AF	498
Q4G055	AF	515
Q4G074	AF	617
Q4G0W2	AF	176
Q4G338	AF	324
Q4H3P5	AF	571
Q4HYI0	AF	71
Q4IBL8	AF	497
Q4IR09	AF	997
Q4J8Q2	AF	264
Q4J8R1	AF	876
Q4JAB7	AF	688
Q4JC71	AF	219
Q4JCJ1	AF	511
Q4JEI2	AF	87
Q4JHE1	AF	517
Q4JL84-2	AF	170
Q4JL84-3	AF	214
Q4JL84-4	AF	86
Q4JV13	AF	131
Q4KGT8	AF	336
Q4KL71	AF	83
Q4KLG2	AF	688
Q4KLI2	AF	335
Q4KLN5	AF	287
Q4KLU2	AF	641
Q4KMQ1-2	AF	405
Q4KMQ1	AF	711
Q4KWZ6	AF	211
Q4L5Q0	AF	175
Q4L608	AF	557
Q4LCT0	AF	80
Q4LFA9	AF	780
Q4P2W8	AF	798
Q4P652	AF	820
Q4QIU7	AF	231
Q4QL36	AF	95
Q4QQU1	AF	636
Q4QRJ7	AF	580
Q4R180	AF	711
Q4R1C4	AF	892
Q4R350	AF	744
Q4R3V2	AF	569
Q4R407	AF	491
Q4R5K7	AF	166
Q4R5P3	AF	217
Q4R720	AF	530
Q4R803	AF	357
Q4U3Y2	AF	549
Q4UKE2	AF	600
Q4UL32	AF	720
Q4UM15	AF	80
Q4UMU1	AF	406
Q4UMU5	AF	70
Q4UN64	AF	121
Q4UXI3	AF	92
Q4V7Y7	AF	655
Q4V847	AF	991
Q4VC05	AF	210
Q4VP10	AF	91
Q4W4Z2	AF	366
Q4WD43	AF	497
Q4WDF1	AF	582
Q4WE63	AF	799
Q4WED9	AF	761
Q4WJJ3	AF	873
Q4WJM6	AF	129
Q4WUG7	AF	850
Q4WZ67	AF	436
Q4X0W8	AF	570
Q4X1W0	AF	359
Q4ZJN1-2	AF	195
Q4ZJN1	AF	333
Q4ZPM1	AF	824
Q4ZV08	AF	779
Q4ZW72	AF	236
Q500V5	AF	517
Q500V9	AF	526
Q500Y9	AF	317
Q501D2	AF	572
Q501S4	AF	254
Q50203	AF	245
Q50770	AF	142
Q50947	AF	279
Q50LF2	AF	405
Q50LG0	AF	297
Q51384	AF	66
Q51416	AF	371
Q51519	AF	637
Q51785	AF	196
Q52149	AF	1000
Q52472	AF	329
Q52725	AF	477
Q52883	AF	349
Q52LG2	AF	175
Q52QU2	AF	581
Q52VH2	AF	402
Q53197	AF	512
Q53209	AF	369
Q53F19-2	AF	340
Q53F19	AF	620
Q53GS7-2	AF	659
Q53H54	AF	448
Q53H96-2	AF	254
Q53JF7	AF	138
Q53KW9	AF	803
Q53NI2	AF	981
Q53R41-2	AF	804
Q53U15	AF	541
Q53VY0	AF	169
Q53W17	AF	464
Q53WG9	AF	211
Q54410	AF	537
Q54808	AF	145
Q54BD4	AF	931
Q54BF0	AF	593
Q54C76	AF	421
Q54D84	AF	697
Q54DF7	AF	495
Q54DL7	AF	750
Q54DN6	AF	501
Q54DU5	AF	932
Q54DY0	AF	669
Q54EJ7	AF	84
Q54EQ9	AF	919
Q54F11	AF	667
Q54F38	AF	619
Q54F80	AF	514
Q54FG5	AF	873
Q54FK2	AF	184
Q54FM3	AF	619
Q54FR9	AF	967
Q54GU5	AF	968
Q54GY8	AF	202
Q54IF2	AF	641
Q54IH6	AF	565
Q54II8	AF	321
Q54IJ9	AF	976
Q54IL2	AF	913
Q54IT1	AF	846
Q54IV3	AF	986
Q54J14	AF	928
Q54JM5	AF	975
Q54JV5	AF	873
Q54JW0	AF	436
Q54K37	AF	558
Q54KA7	AF	986
Q54LB3	AF	846
Q54MH2	AF	842
Q54MH8	AF	808
Q54MV3	AF	906
Q54N68	AF	108
Q54NI1	AF	837
Q54NU9	AF	790
Q54P70	AF	766
Q54PB4	AF	481
Q54PE0	AF	922
Q54PK9	AF	908
Q54QC8	AF	598
Q54QG9	AF	442
Q54QS0	AF	799
Q54QS3	AF	712
Q54QW1	AF	670
Q54R98	AF	663
Q54RP0	AF	648
Q54RR8	AF	254
Q54SB6	AF	552
Q54SL6	AF	531
Q54T81	AF	540
Q54T86	AF	568
Q54TB8	AF	877
Q54TH6	AF	597
Q54TN2	AF	580
Q54TR1	AF	531
Q54TT6	AF	981
Q54TW2	AF	686
Q54UL8	AF	983
Q54VB4	AF	639
Q54VF1	AF	685
Q54WD7	AF	942
Q54WV4	AF	556
Q54WW7	AF	695
Q54WZ3	AF	586
Q54X65	AF	68
Q54XT6	AF	783
Q54Y25	AF	108
Q553X3	AF	799
Q55433	AF	147
Q556N5	AF	287
Q556U6	AF	926
Q557I1	AF	684
Q557J6	AF	481
Q55AX0	AF	904
Q55CK2	AF	877
Q55CQ7	AF	931
Q55CW5	AF	103
Q55DK2	AF	737
Q55E54	AF	962
Q55EX6	AF	511
Q55F94-3	AF	893
Q55FC3	AF	87
Q55FT9	AF	332
Q55G11	AF	718
Q55GH4	AF	878
Q55GK3	AF	669
Q55GU0	AF	916
Q561R0	AF	188
Q561X3	AF	254
Q562E2-2	AF	950
Q56598	AF	372
Q566E5	AF	508
Q566R4-2	AF	176
Q56840	AF	250
Q56WH4-2	AF	305
Q56XY2	AF	298
Q56XZ1-2	AF	696
Q56YN3	AF	524
Q570R7-2	AF	278
Q57336	AF	347
Q57696	AF	99
Q576X0	AF	633
Q57798	AF	239
Q57872	AF	204
Q57957	AF	270
Q579E8	AF	511
Q57G28	AF	108
Q57H91	AF	466
Q57J85	AF	293
Q57KI9	AF	302
Q57LD3	AF	243
Q57PR1	AF	138
Q57UZ7	AF	550
Q57YS8	AF	650
Q58013	AF	141
Q58019	AF	261
Q580W5	AF	938
Q58345	AF	208
Q58356	AF	374
Q58371	AF	762
Q58396	AF	114
Q58446	AF	859
Q58454	AF	895
Q586F4	AF	263
Q58784	AF	134
Q587E3	AF	735
Q587J8	AF	217
Q58915	AF	387
Q58988	AF	83
Q58993	AF	350
Q58996	AF	160
Q58CM8	AF	195
Q58DN7	AF	586
Q58G82	AF	188
Q58T34	AF	949
Q58T44	AF	139
Q59332	AF	307
Q59459	AF	117
Q59821	AF	430
Q59E55-2	AF	564
Q59EK9	AF	446
Q59KM8	AF	710
Q59LU0	AF	562
Q59NP5	AF	418
Q59PP0	AF	472
Q59RQ0	AF	906
Q59U73	AF	323
Q59VH7	AF	588
Q59VQ3	AF	214
Q59WG5	AF	202
Q59X49	AF	212
Q59Y46	AF	758
Q5A109	AF	151
Q5A1N6	AF	465
Q5A216	AF	788
Q5A220	AF	600
Q5A246	AF	595
Q5A287	AF	805
Q5A3P6	AF	947
Q5A4X5	AF	559
Q5A6T5	AF	589
Q5A961	AF	690
Q5AJC1	AF	945
Q5AMH1	AF	594
Q5ANG4	AF	716
Q5AP53	AF	732
Q5AP80	AF	785
Q5APG7	AF	958
Q5APU2	AF	597
Q5ASA5	AF	980
Q5ASN8	AF	168
Q5AW17	AF	577
Q5AXT5	AF	745
Q5AYE3	AF	575
Q5AYK0	AF	203
Q5B2E9	AF	601
Q5BBK4	AF	974
Q5BGR2	AF	791
Q5BH19	AF	546
Q5BIN2	AF	385
Q5BJ56-2	AF	647
Q5BJT7	AF	629
Q5BL28	AF	318
Q5BQN5	AF	834
Q5CD77	AF	694
Q5D0E6-2	AF	516
Q5D0E6-3	AF	138
Q5D0E6-4	AF	376
Q5DTI6-4	AF	368
Q5DTI6	AF	991
Q5DTW2-2	AF	975
Q5DU00-2	AF	368
Q5DU00	AF	475
Q5DUY3	AF	133
Q5E447	AF	221
Q5E689	AF	450
Q5E7R7	AF	187
Q5E913	AF	628
Q5E9C0	AF	277
Q5E9H9	AF	306
Q5EA18	AF	346
Q5EAD2	AF	533
Q5EBA1	AF	776
Q5EBL4-2	AF	362
Q5EBL4-3	AF	252
Q5EBM0-2	AF	303
Q5EBM0	AF	449
Q5EG05-2	AF	97
Q5EG05	AF	197
Q5F5W1	AF	419
Q5FBB7-5	AF	258
Q5FBB7-6	AF	527
Q5FEH6	AF	129
Q5FF55	AF	95
Q5FIN5	AF	435
Q5FKW9	AF	405
Q5FL56	AF	311
Q5FV35	AF	626
Q5FVK6-2	AF	158
Q5FVK6	AF	850
Q5FW85	AF	670
Q5FWH6-2	AF	803
Q5FWP9	AF	488
Q5FZP5	AF	616
Q5G265	AF	875
Q5GTF2	AF	188
Q5GWR0	AF	432
Q5H038	AF	455
Q5HHB4	AF	438
Q5HLQ6	AF	536
Q5HPI3	AF	282
Q5HW85	AF	132
Q5HXU1	AF	901
Q5HYK7-3	AF	731
Q5HYK7-5	AF	397
Q5HYN5	AF	189
Q5I0J4	AF	144
Q5I1X5	AF	824
Q5I2B2	AF	89
Q5IFK1	AF	842
Q5JDG5	AF	195
Q5JE04	AF	215
Q5JET4	AF	836
Q5JHB2	AF	94
Q5JHG7	AF	568
Q5JKF2-2	AF	651
Q5JNZ5	AF	115
Q5JR98	AF	221
Q5JTW2-5	AF	706
Q5JVF3-2	AF	397
Q5KU05	AF	828
Q5L3P0	AF	600
Q5L521	AF	420
Q5LB17	AF	721
Q5LIC7	AF	695
Q5LLN4	AF	165
Q5LRI7	AF	201
Q5LSQ1	AF	149
Q5M154	AF	255
Q5M8G4	AF	605
Q5M990	AF	258
Q5M9F1	AF	428
Q5M9H1	AF	808
Q5MJ09	AF	141
Q5MQL3	AF	104
Q5NCR9	AF	542
Q5ND04	AF	624
Q5NDL1	AF	527
Q5NG61	AF	188
Q5NTB3	AF	625
Q5NTH0	AF	438
Q5NVG8	AF	559
Q5NVH8	AF	552
Q5NVJ8	AF	740
Q5NVN6	AF	541
Q5NVR0	AF	354
Q5NXV7	AF	636
Q5NZ93	AF	972
Q5P107	AF	258
Q5P5G2	AF	658
Q5P5G6	AF	303
Q5P9M8	AF	823
Q5PCH6	AF	266
Q5PGA0	AF	120
Q5PGU7	AF	365
Q5PLL9	AF	324
Q5PRE5	AF	913
Q5Q0E6-3	AF	493
Q5QA75	AF	101
Q5QJC9	AF	447
Q5QMZ9	AF	868
Q5QP82-2	AF	522
Q5QY14	AF	128
Q5R328	AF	317
Q5R507	AF	272
Q5R529	AF	130
Q5R6R5	AF	434
Q5R6Z9	AF	692
Q5R752	AF	626
Q5R7A7	AF	496
Q5R7F9	AF	763
Q5R7R9	AF	536
Q5R7U0	AF	838
Q5R812	AF	453
Q5R8I2	AF	244
Q5R8K7	AF	556
Q5R8W6	AF	432
Q5R8Z4	AF	681
Q5RAK8	AF	846
Q5RB36	AF	780
Q5RBM8	AF	932
Q5RBY8	AF	854
Q5RBZ2	AF	342
Q5RD14	AF	785
Q5RD78	AF	776
Q5RD94	AF	246
Q5RDI0	AF	995
Q5RDK1	AF	929
Q5RFI6	AF	764
Q5RFJ8	AF	931
Q5RGE4	AF	92
Q5RGJ5	AF	544
Q5RKG2	AF	723
Q5RKH0	AF	552
Q5RM09	AF	315
Q5SF94	AF	364
Q5SID7	AF	216
Q5SM25	AF	324
Q5SPJ8	AF	961
Q5SQH8-2	AF	172
Q5SQH8-4	AF	496
Q5SUE7-2	AF	222
Q5SUE7	AF	619
Q5SW24-2	AF	604
Q5SW24-3	AF	366
Q5SW24-4	AF	280
Q5SW24	AF	774
Q5SW25	AF	972
Q5SW45	AF	561
Q5SXH7-3	AF	366
Q5SXH7-4	AF	363
Q5SXH7-6	AF	468
Q5SZJ8-2	AF	106
Q5SZJ8-3	AF	181
Q5SZJ8-4	AF	189
Q5SZJ8	AF	279
Q5SZQ8	AF	465
Q5T1N1-2	AF	415
Q5T1N1-4	AF	761
Q5T2D3	AF	398
Q5T4W7	AF	220
Q5T5J6	AF	900
Q5T5X7	AF	828
Q5T6J7-3	AF	141
Q5T6J7	AF	187
Q5T7N3-2	AF	367
Q5T7N3	AF	995
Q5T7V8-2	AF	221
Q5T7V8	AF	369
Q5T8R8	AF	295
Q5TAP6	AF	766
Q5TCM9	AF	118
Q5TDP6-2	AF	208
Q5TDP6-3	AF	118
Q5TDP6	AF	509
Q5TID7	AF	509
Q5TKA1-2	AF	558
Q5TKD8	AF	216
Q5TM59	AF	607
Q5TYM7	AF	744
Q5TYP4	AF	911
Q5TYW6	AF	277
Q5U243	AF	534
Q5U4F0	AF	457
Q5U4Q0	AF	628
Q5U5M8	AF	195
Q5V468	AF	396
Q5V5M5	AF	775
Q5V7I2	AF	408
Q5VRY0	AF	625
Q5VT40	AF	261
Q5VWK0	AF	638
Q5VWX1	AF	349
Q5VY09	AF	327
Q5VZ52	AF	161
Q5W0V3-2	AF	738
Q5W262	AF	770
Q5WA76	AF	805
Q5WAH3	AF	95
Q5WF32	AF	491
Q5WFE8	AF	159
Q5WRS0	AF	515
Q5WUR6	AF	605
Q5WV03	AF	200
Q5X9P3	AF	398
Q5XF33	AF	418
Q5XFW2	AF	323
Q5XHI4	AF	905
Q5XHX6-2	AF	528
Q5XHZ6	AF	586
Q5XI58	AF	588
Q5XI65	AF	754
Q5XIC0	AF	391
Q5XIQ5	AF	686
Q5XK72	AF	933
Q5XM24	AF	494
Q5XTQ4	AF	574
Q5XUX0-2	AF	431
Q5XUX0	AF	539
Q5XUX6	AF	644
Q5XV31	AF	948
Q5XVC4	AF	488
Q5Y4V6	AF	73
Q5YGP8	AF	574
Q5Z678	AF	510
Q5Z8Y4	AF	616
Q5Z9Z0	AF	504
Q5ZEF1	AF	127
Q5ZIA2	AF	725
Q5ZJ25	AF	787
Q5ZJ60	AF	385
Q5ZJY3	AF	917
Q5ZKD7	AF	967
Q5ZLD3	AF	629
Q5ZLE9	AF	931
Q5ZND2	AF	970
Q5ZPJ7	AF	81
Q5ZRV5	AF	123
Q5ZU30	AF	644
Q5ZXB5	AF	111
Q5ZXN6	AF	949
Q60342	AF	362
Q60345	AF	217
Q60432	AF	999
Q60443	AF	622
Q60557	AF	671
Q60662-2	AF	840
Q60780-2	AF	340
Q60787	AF	533
Q60898	AF	281
Q60AX4	AF	92
Q60EH4	AF	597
Q60I27-2	AF	754
Q60I27-3	AF	468
Q60I27-5	AF	190
Q60I27-6	AF	300
Q60I27	AF	953
Q61039	AF	217
Q61068	AF	526
Q61122	AF	486
Q61179	AF	399
Q61205	AF	232
Q61247	AF	491
Q61249	AF	340
Q61371	AF	824
Q613L4	AF	892
Q61400	AF	265
Q61471	AF	362
Q61574	AF	329
Q61575	AF	648
Q61823	AF	469
Q61850	AF	494
Q61979-3	AF	54
Q61999	AF	247
Q61FA3	AF	198
Q61LN7	AF	779
Q62233-2	AF	284
Q62356	AF	306
Q62376-2	AF	166
Q62424	AF	386
Q62426	AF	98
Q62673	AF	603
Q62698	AF	497
Q62782	AF	281
Q62809	AF	144
Q62835	AF	554
Q62894	AF	562
Q62935	AF	430
Q62967	AF	401
Q62MN2	AF	274
Q63042	AF	198
Q63087-2	AF	192
Q63087-3	AF	283
Q63111	AF	709
Q63117	AF	490
Q63184	AF	513
Q63185	AF	620
Q63250	AF	286
Q63312	AF	831
Q63340	AF	419
Q63454	AF	274
Q63470-2	AF	754
Q63518	AF	621
Q63569	AF	439
Q63665-3	AF	279
Q63665-5	AF	22
Q63767	AF	968
Q639W8	AF	367
Q63DX5	AF	193
Q63EG2	AF	246
Q63EG7	AF	123
Q63HQ0-2	AF	269
Q63JF5	AF	269
Q63KH5	AF	328
Q640P2-2	AF	323
Q640P2	AF	490
Q64280	AF	368
Q64332-2	AF	479
Q64339	AF	161
Q64368	AF	298
Q64387	AF	187
Q64559-1	AF	338
Q64669	AF	274
Q64702-2	AF	464
Q64709-3	AF	169
Q64709-4	AF	246
Q64LD2-2	AF	287
Q64LD2	AF	544
Q64RQ5	AF	305
Q64UM6	AF	196
Q64XA6	AF	189
Q650T9	AF	696
Q651U1	AF	582
Q65C83	AF	93
Q65D02	AF	325
Q65JZ4	AF	57
Q65ZG8-2	AF	297
Q65ZG8-3	AF	453
Q65ZG8	AF	597
Q65ZX2	AF	883
Q662R6	AF	199
Q667F9	AF	264
Q66D46	AF	157
Q66EE5	AF	506
Q66HB3	AF	777
Q66HB5	AF	876
Q66HB6	AF	847
Q66HC1	AF	651
Q66HC9	AF	619
Q66HP6	AF	511
Q66IT9	AF	293
Q66IZ5	AF	432
Q66PF5	AF	466
Q66X19	AF	978
Q67A25	AF	210
Q67LR6	AF	140
Q67UF5-2	AF	395
Q67XJ2	AF	176
Q67YG7	AF	148
Q68A21	AF	315
Q68DC2-3	AF	335
Q68DC2	AF	871
Q68EI0	AF	431
Q68EL2	AF	160
Q68EN5-2	AF	408
Q68EN5-3	AF	316
Q68EV5	AF	277
Q68FJ8	AF	507
Q68FU8	AF	644
Q68GV9	AF	382
Q68J44	AF	220
Q68RJ5	AF	683
Q68RX5	AF	353
Q68UI8	AF	603
Q68VX0	AF	434
Q69SG5	AF	528
Q69TF4	AF	666
Q69YI7-2	AF	172
Q69YI7	AF	327
Q6A0I4	AF	301
Q6A331	AF	971
Q6AJL8	AF	183
Q6AT33	AF	281
Q6AU80	AF	800
Q6AXQ7-2	AF	440
Q6AXQ7	AF	822
Q6AY14	AF	474
Q6AY30	AF	429
Q6AY70-2	AF	157
Q6AY70	AF	488
Q6AY96	AF	508
Q6AYG7	AF	414
Q6AYK9-2	AF	541
Q6AYR4	AF	321
Q6AYT2	AF	373
Q6B516	AF	760
Q6B8I1-3	AF	92
Q6B8I1-4	AF	166
Q6B8I1-5	AF	60
Q6BAA4-4	AF	318
Q6BAA4	AF	426
Q6BCY4-2	AF	237
Q6BDR8	AF	300
Q6BH05	AF	990
Q6BH34	AF	203
Q6BKH3	AF	798
Q6BKI8	AF	254
Q6BKN2	AF	448
Q6BMH4	AF	524
Q6BMN7	AF	550
Q6BRB4	AF	92
Q6BRH3	AF	720
Q6BSD9	AF	290
Q6BSL1	AF	577
Q6BU95	AF	521
Q6BYP7	AF	223
Q6BZP5	AF	565
Q6C161	AF	955
Q6C265	AF	112
Q6C2Y6	AF	461
Q6C3P4	AF	989
Q6C519	AF	866
Q6C6D6	AF	181
Q6C6R8	AF	417
Q6C842	AF	706
Q6C9N0	AF	719
Q6CFE7	AF	757
Q6CG46	AF	515
Q6CHA2	AF	264
Q6CHE5	AF	990
Q6CHP9	AF	773
Q6CJB5	AF	478
Q6CM12	AF	813
Q6CQN6	AF	121
Q6CU55	AF	439
Q6CU65	AF	543
Q6CVA2	AF	989
Q6CWV1	AF	572
Q6CWX7	AF	820
Q6CXN5	AF	772
Q6CXR1	AF	813
Q6CYA2	AF	798
Q6CZW2	AF	95
Q6CZX9	AF	84
Q6D291	AF	376
Q6D3U2	AF	234
Q6D434	AF	105
Q6DDS9	AF	726
Q6DDV8	AF	715
Q6DF94	AF	793
Q6DFL5	AF	678
Q6DGN6-2	AF	487
Q6DGN6	AF	629
Q6DIJ4	AF	805
Q6DIL6	AF	503
Q6DKG0	AF	725
Q6DSU1	AF	109
Q6DV79	AF	771
Q6E3F2	AF	571
Q6EV70	AF	395
Q6EWX0	AF	534
Q6EX42-2	AF	792
Q6EZC3	AF	141
Q6F6Y2	AF	385
Q6F8K4	AF	541
Q6FHJ7	AF	346
Q6FIU2	AF	447
Q6FIV3	AF	348
Q6FJ19	AF	106
Q6FN65	AF	565
Q6FP19	AF	808
Q6FPN0	AF	870
Q6FQ83	AF	667
Q6FR48	AF	997
Q6FRZ8	AF	588
Q6FU81	AF	666
Q6FUQ5	AF	152
Q6FVA1	AF	946
Q6FW61	AF	767
Q6FX50	AF	716
Q6FZR9	AF	55
Q6G0B0	AF	974
Q6G8M0	AF	229
Q6GB78	AF	190
Q6GGV4	AF	897
Q6GHG6	AF	705
Q6GHI4	AF	435
Q6GHI8	AF	383
Q6GID4	AF	197
Q6GLZ1	AF	198
Q6GM07	AF	207
Q6GNB7	AF	179
Q6GP60	AF	377
Q6GPZ1	AF	351
Q6H9K0	AF	377
Q6H9L7-2	AF	292
Q6H9L7-4	AF	76
Q6H9L7-5	AF	490
Q6HAN0	AF	301
Q6HCE2	AF	802
Q6I5C3	AF	209
Q6I6D4	AF	404
Q6ID70-2	AF	117
Q6IE06	AF	240
Q6IE32	AF	85
Q6IGX9	AF	72
Q6IN84-2	AF	155
Q6IN84	AF	353
Q6ING4	AF	806
Q6IPR1	AF	90
Q6IPU0-2	AF	115
Q6IPU0	AF	288
Q6IQ19-2	AF	156
Q6IQ19-3	AF	129
Q6IQ19	AF	270
Q6IQS6	AF	348
Q6IQY5-2	AF	578
Q6ISS4-2	AF	135
Q6IUP1	AF	357
Q6IV18-2	AF	60
Q6IV18	AF	89
Q6J2E6	AF	240
Q6JBY9-2	AF	106
Q6JBY9	AF	416
Q6JEL3	AF	608
Q6JHY2-2	AF	700
Q6JHY2-3	AF	341
Q6JHY2-4	AF	128
Q6JHY2-5	AF	431
Q6K641	AF	780
Q6K6S5	AF	475
Q6K7R9	AF	811
Q6K973	AF	846
Q6KAI0	AF	982
Q6KAU8-2	AF	403
Q6KAU8-3	AF	602
Q6KF82	AF	684
Q6KHE8	AF	201
Q6KZL5	AF	311
Q6L201	AF	103
Q6L8G9	AF	129
Q6L8H4	AF	278
Q6L8K1	AF	283
Q6LA43-2	AF	487
Q6LMG6	AF	245
Q6MDK5	AF	92
Q6ME73	AF	154
Q6MEC8	AF	340
Q6MTF5	AF	428
Q6MTR9	AF	474
Q6MX40	AF	93
Q6MZQ0-2	AF	139
Q6MZQ0-3	AF	240
Q6MZQ0-4	AF	205
Q6MZQ0	AF	368
Q6NEC9	AF	497
Q6NKX5-2	AF	179
Q6NKX5	AF	454
Q6NLV4	AF	647
Q6NME7	AF	127
Q6NMF0	AF	107
Q6NQ54	AF	115
Q6NQ99	AF	344
Q6NRC7	AF	682
Q6NT76-4	AF	304
Q6NT76-5	AF	443
Q6NTE8-2	AF	271
Q6NTE8-3	AF	288
Q6NUH0	AF	125
Q6NUN7-2	AF	307
Q6NUN7	AF	778
Q6NUX0-2	AF	495
Q6NV72-2	AF	635
Q6NV74	AF	962
Q6NVV7	AF	123
Q6NW59	AF	339
Q6NWJ4	AF	618
Q6NXW6	AF	688
Q6NXY1-4	AF	645
Q6NXY1	AF	996
Q6NY98	AF	598
Q6NYC8-2	AF	377
Q6NYC8	AF	613
Q6NZ13	AF	183
Q6P026	AF	90
Q6P1C1	AF	489
Q6P1J9	AF	531
Q6P1Q9-2	AF	313
Q6P1R4	AF	473
Q6P1V3	AF	422
Q6P1W0	AF	713
Q6P1W5-2	AF	408
Q6P1W5	AF	598
Q6P2P2-2	AF	732
Q6P3S6	AF	717
Q6P3X3	AF	843
Q6P4I2	AF	378
Q6P788	AF	281
Q6P8J2	AF	170
Q6PBI4-2	AF	577
Q6PBJ2	AF	192
Q6PCB0-2	AF	233
Q6PCB0-3	AF	64
Q6PCB0	AF	445
Q6PCT5	AF	263
Q6PD74-2	AF	206
Q6PD74	AF	315
Q6PDI6-2	AF	338
Q6PDI6-3	AF	388
Q6PDI6	AF	601
Q6PDZ2	AF	836
Q6PEH5	AF	145
Q6PF06-3	AF	174
Q6PF06-4	AF	229
Q6PF06	AF	316
Q6PF15-2	AF	427
Q6PF21	AF	905
Q6PF93-2	AF	848
Q6PG16	AF	667
Q6PGA0-2	AF	434
Q6PGB6-3	AF	129
Q6PGB6	AF	169
Q6PGN9-3	AF	310
Q6PGN9-4	AF	163
Q6PGQ7-2	AF	489
Q6PH08-2	AF	623
Q6PH08-4	AF	523
Q6PID8-2	AF	299
Q6PID8	AF	442
Q6PJG6-2	AF	286
Q6PK57	AF	102
Q6PQQ3	AF	558
Q6PQQ4	AF	584
Q6PRD7	AF	247
Q6PZ03-2	AF	342
Q6Q152-2	AF	252
Q6Q152	AF	504
Q6Q547	AF	58
Q6QHK4	AF	219
Q6QLQ9	AF	68
Q6QUW1	AF	452
Q6R0C4	AF	249
Q6R650	AF	450
Q6RVD6-2	AF	65
Q6RVD6	AF	105
Q6RY98	AF	351
Q6S5C2	AF	307
Q6SP97	AF	255
Q6SPE9	AF	550
Q6SXP0	AF	96
Q6T8E9	AF	727
Q6TEL0	AF	632
Q6TGC6	AF	507
Q6TH01	AF	122
Q6TLJ2	AF	176
Q6TMA3	AF	270
Q6UN15-4	AF	378
Q6UN15	AF	594
Q6UUV7-3	AF	618
Q6UWP2-2	AF	181
Q6UWQ7	AF	119
Q6UWZ7-2	AF	300
Q6UWZ7	AF	409
Q6UX39-2	AF	208
Q6UXB8-2	AF	270
Q6UXB8	AF	463
Q6UXH1-3	AF	284
Q6UXH1-5	AF	402
Q6UXH9-3	AF	609
Q6UXI7-3	AF	203
Q6VN19	AF	620
Q6VY07	AF	963
Q6W0C5	AF	159
Q6WN34-4	AF	142
Q6WN34-5	AF	93
Q6WN34	AF	429
Q6WNK7	AF	96
Q6WRX3-2	AF	417
Q6WRX3	AF	759
Q6X7J9	AF	251
Q6X9E4-2	AF	394
Q6XBF8	AF	437
Q6XBJ3	AF	505
Q6XD76	AF	172
Q6XE24	AF	437
Q6XIN1	AF	172
Q6XLL5	AF	60
Q6Y4S4-2	AF	126
Q6Y685-2	AF	368
Q6Y685	AF	774
Q6YD93	AF	98
Q6YUB8	AF	397
Q6YZI0	AF	927
Q6Z965	AF	394
Q6ZFU6	AF	331
Q6ZMV5-2	AF	756
Q6ZNB5-2	AF	142
Q6ZNB5	AF	234
Q6ZNK6	AF	161
Q6ZNX1	AF	250
Q6ZRY4-2	AF	98
Q6ZRY4	AF	209
Q6ZTI6-2	AF	135
Q6ZTI6	AF	216
Q6ZTQ3-4	AF	303
Q6ZUS6-2	AF	322
Q6ZUS6-3	AF	141
Q6ZUS6	AF	474
Q6ZUT1-2	AF	293
Q6ZVD7-2	AF	227
Q6ZVD7-3	AF	169
Q6ZVD7	AF	989
Q6ZVF9	AF	776
Q6ZWJ1-2	AF	245
Q6ZWJ1	AF	553
Q6ZWX6	AF	315
Q6ZZY0	AF	620
Q700C7	AF	364
Q70HJ3	AF	384
Q70KY4	AF	559
Q70PR7	AF	421
Q70SU8	AF	342
Q70US9	AF	523
Q71A38	AF	239
Q71RC2-5	AF	653
Q71RC2-7	AF	445
Q71RP9	AF	148
Q71Z59	AF	266
Q71ZD5	AF	241
Q726S7	AF	704
Q726Y4	AF	199
Q72HS8	AF	312
Q72RH6	AF	135
Q72SC4	AF	96
Q732I0	AF	304
Q73BS0	AF	172
Q73EU1	AF	525
Q73ZP8	AF	388
Q746Y8	AF	346
Q74D29	AF	286
Q750U8	AF	450
Q754H6	AF	860
Q755I4	AF	829
Q759Q6	AF	111
Q75B91	AF	697
Q75CM4	AF	814
Q75CZ2	AF	967
Q75D88	AF	975
Q75DX7	AF	556
Q75EQ0	AF	339
Q75GX9-2	AF	250
Q75HV1	AF	840
Q75IM9	AF	409
Q75JF2	AF	131
Q75L34	AF	502
Q75M35	AF	955
Q75PQ8	AF	576
Q75TC2	AF	148
Q75WE7	AF	822
Q75WH1	AF	99
Q76B40	AF	513
Q76BS7	AF	598
Q76FF3	AF	123
Q76IQ4-2	AF	108
Q76KA3	AF	135
Q76KJ5	AF	399
Q76MT4	AF	842
Q76MX4-2	AF	162
Q76N32-2	AF	620
Q76NV1	AF	836
Q76P07	AF	833
Q78JE5	AF	402
Q79FW5	AF	584
Q79LY0	AF	468
Q7A0N0	AF	166
Q7A2K8	AF	255
Q7A3K1	AF	118
Q7A425	AF	115
Q7CG46	AF	96
Q7CH67	AF	267
Q7G1L2	AF	192
Q7JQD3	AF	367
Q7JUR6	AF	540
Q7JUX9	AF	446
Q7JVI3	AF	387
Q7JXA8	AF	418
Q7K4Z4	AF	273
Q7KRI2	AF	127
Q7KVH9	AF	188
Q7KWX2	AF	581
Q7L0X2-2	AF	621
Q7L4P6-2	AF	252
Q7L4P6	AF	421
Q7L513-10	AF	382
Q7L513-11	AF	242
Q7L513-6	AF	175
Q7L513-7	AF	124
Q7L775	AF	607
Q7L8A9-2	AF	204
Q7L8A9	AF	365
Q7L8S5	AF	288
Q7LL22	AF	462
Q7M4L6-2	AF	376
Q7MHF3	AF	406
Q7MUW6	AF	732
Q7MYW8	AF	156
Q7N3P8	AF	65
Q7N743	AF	555
Q7NRJ5	AF	226
Q7NXL8	AF	340
Q7NZ02	AF	461
Q7PC79	AF	988
Q7PPZ8	AF	272
Q7PTL0	AF	154
Q7Q3J5	AF	84
Q7QIJ8	AF	409
Q7QJW7	AF	423
Q7RTN6-5	AF	373
Q7RTS1	AF	189
Q7RTS3	AF	328
Q7RTU4	AF	235
Q7RTU7	AF	201
Q7RXU7	AF	396
Q7S0S2	AF	791
Q7S9V5	AF	509
Q7SBJ9	AF	777
Q7SF85	AF	113
Q7SGZ5	AF	962
Q7SXN4	AF	635
Q7SYB2	AF	655
Q7SYD9	AF	892
Q7SZS1	AF	239
Q7T103	AF	449
Q7T1M3	AF	144
Q7TMB3	AF	317
Q7TNG5-3	AF	841
Q7TNG5	AF	649
Q7TNI7-2	AF	153
Q7TNL3	AF	435
Q7TNP2	AF	601
Q7TNV9	AF	67
Q7TS72	AF	678
Q7TSD4-2	AF	359
Q7TSD4-4	AF	253
Q7TSD4-7	AF	197
Q7TT00-3	AF	384
Q7TT00	AF	530
Q7TXM1	AF	583
Q7V396	AF	603
Q7V4Z3	AF	408
Q7VK82	AF	104
Q7VL77	AF	240
Q7VLG4	AF	98
Q7VMD6	AF	124
Q7VQY9	AF	100
Q7VRD4	AF	262
Q7VRQ5	AF	293
Q7VSV5	AF	214
Q7VV85	AF	88
Q7VWE4	AF	156
Q7W1D9	AF	239
Q7W2U1	AF	61
Q7W7H7	AF	313
Q7WF01	AF	252
Q7WG19	AF	519
Q7WY62-2	AF	46
Q7X2H8	AF	546
Q7XA40	AF	992
Q7XA67	AF	254
Q7XAD0	AF	146
Q7XAK4	AF	212
Q7XD66	AF	167
Q7XHL3	AF	497
Q7XJ60	AF	276
Q7XJ96	AF	471
Q7XJM8	AF	640
Q7XQT2	AF	499
Q7XSK1	AF	302
Q7XYY2-2	AF	727
Q7Y211	AF	890
Q7Y219	AF	976
Q7YRC6	AF	344
Q7YS70	AF	373
Q7YTB0-1	AF	331
Q7YTB0	AF	661
Q7Z304-2	AF	133
Q7Z304	AF	686
Q7Z3D6-2	AF	621
Q7Z3D6-6	AF	159
Q7Z3Z4-3	AF	453
Q7Z3Z4	AF	852
Q7Z4H4	AF	148
Q7Z4Q2-2	AF	594
Q7Z4Q2-3	AF	314
Q7Z5A8-2	AF	169
Q7Z5A8	AF	133
Q7Z5Q5-3	AF	611
Q7Z5Q5	AF	900
Q7Z6J9-2	AF	177
Q7Z6J9	AF	526
Q7Z6M4	AF	381
Q7Z7B7	AF	95
Q7Z7E8-2	AF	253
Q7Z7E8	AF	422
Q7Z7F0-2	AF	564
Q7Z7F0-3	AF	384
Q7Z7F0-4	AF	241
Q7ZUS1	AF	425
Q7ZVE0	AF	226
Q7ZVR8-2	AF	711
Q7ZY13	AF	451
Q801X7	AF	142
Q803A7	AF	490
Q804R0	AF	257
Q805D7	AF	133
Q80ST9-2	AF	419
Q80ST9	AF	704
Q80T19	AF	83
Q80TA6-2	AF	437
Q80TA6	AF	747
Q80TZ3	AF	938
Q80UK0	AF	696
Q80UK7-2	AF	560
Q80US8	AF	206
Q80V72	AF	448
Q80VM3-2	AF	59
Q80VM3	AF	471
Q80VR2	AF	395
Q80W98	AF	304
Q80WA4	AF	474
Q80WJ1-2	AF	269
Q80WJ1	AF	673
Q80WM4	AF	400
Q80Y19	AF	987
Q80Y83-15	AF	343
Q80Y83-16	AF	116
Q80Y83-9	AF	477
Q80Y83	AF	711
Q80YA3	AF	547
Q80YR3	AF	822
Q80YS9	AF	662
Q80YT5	AF	790
Q80Z29	AF	491
Q80Z64-2	AF	280
Q80ZG6	AF	193
Q80ZI1	AF	223
Q80ZW0	AF	539
Q80ZX8-2	AF	529
Q80ZX8-3	AF	668
Q80ZX8	AF	901
Q810H6-2	AF	824
Q810M6	AF	228
Q810W9	AF	920
Q811S9	AF	538
Q812G9	AF	52
Q814Z4	AF	405
Q81GG7	AF	253
Q81H98	AF	117
Q81M56	AF	149
Q81RQ7	AF	412
Q81XA8	AF	155
Q820U3	AF	246
Q825H1	AF	144
Q82XW4	AF	51
Q82YW1	AF	102
Q835R8	AF	179
Q83CY8	AF	151
Q83DV5	AF	107
Q83HD6	AF	187
Q83NZ5	AF	478
Q83RT9	AF	372
Q83WC4	AF	265
Q840P8	AF	228
Q841V6	AF	566
Q845T3	AF	292
Q84F84	AF	88
Q84JF0	AF	310
Q84JF4	AF	609
Q84JU4-2	AF	178
Q84JU4	AF	257
Q84M93	AF	486
Q84MD2	AF	83
Q84MD6	AF	257
Q84NN4	AF	301
Q84T68	AF	238
Q84TB5	AF	434
Q84TG3	AF	411
Q84V03-2	AF	455
Q84V03-3	AF	727
Q84VX3-2	AF	246
Q84VX3-3	AF	602
Q84VX4	AF	777
Q84W65	AF	371
Q84WK0	AF	352
Q84WW6	AF	492
Q85FU7	AF	153
Q866X6	AF	331
Q867T7	AF	604
Q86A14	AF	760
Q86A84	AF	654
Q86AD5	AF	413
Q86AH1	AF	640
Q86AT8	AF	638
Q86B53	AF	998
Q86CR6	AF	124
Q86HE5	AF	297
Q86HN7	AF	978
Q86HW6	AF	798
Q86HX9	AF	894
Q86I79	AF	522
Q86MA2	AF	743
Q86MA7	AF	862
Q86MD3-2	AF	460
Q86RN8	AF	873
Q86SC0	AF	66
Q86SE8-2	AF	136
Q86SE8	AF	214
Q86SX3-2	AF	393
Q86SX3	AF	495
Q86SZ2-2	AF	130
Q86TI2-2	AF	892
Q86TL0-2	AF	141
Q86TL0	AF	474
Q86TU7-3	AF	284
Q86TU7	AF	594
Q86U38-2	AF	535
Q86UX2-2	AF	694
Q86UX2-3	AF	728
Q86UX2-4	AF	244
Q86UX2	AF	942
Q86UY5-2	AF	294
Q86V42-3	AF	301
Q86V42	AF	546
Q86VV4-2	AF	321
Q86VV4	AF	465
Q86VX2-2	AF	199
Q86W50-2	AF	224
Q86W50	AF	562
Q86WH2-2	AF	90
Q86WH2	AF	238
Q86WP2-3	AF	465
Q86WP2-4	AF	302
Q86X02	AF	465
Q86X24-4	AF	314
Q86X24	AF	394
Q86X51	AF	503
Q86X83-2	AF	169
Q86XA0-2	AF	123
Q86XA0	AF	190
Q86XE5-3	AF	164
Q86XE5	AF	327
Q86YD7	AF	464
Q86YJ6-2	AF	405
Q86YJ6-5	AF	247
Q86YW7	AF	130
Q874L7	AF	674
Q87C87	AF	240
Q87CK3	AF	346
Q87LY1	AF	341
Q884R9	AF	380
Q887Q4	AF	479
Q88FF8	AF	186
Q88JG6	AF	556
Q88K33	AF	132
Q88UE6	AF	356
Q88VB0	AF	72
Q88YL5	AF	377
Q894B7	AF	485
Q89A52	AF	463
Q89AG0	AF	126
Q89AY6	AF	448
Q89BP1	AF	245
Q89YR9	AF	702
Q89ZI2	AF	737
Q8A7M7	AF	161
Q8AVP1	AF	343
Q8AW52	AF	134
Q8BFP9	AF	434
Q8BFQ4	AF	313
Q8BFS9-2	AF	567
Q8BFZ4-2	AF	128
Q8BFZ4	AF	434
Q8BG15-4	AF	300
Q8BG15-5	AF	256
Q8BG15	AF	465
Q8BG26-2	AF	431
Q8BGC0-2	AF	195
Q8BGD8	AF	79
Q8BGG7-2	AF	516
Q8BGI4	AF	693
Q8BGM7-2	AF	464
Q8BGQ1-2	AF	472
Q8BGT5	AF	522
Q8BH48-2	AF	441
Q8BH65-2	AF	559
Q8BH65-3	AF	381
Q8BH65-4	AF	199
Q8BHB4	AF	942
Q8BHJ5	AF	514
Q8BIR2-2	AF	611
Q8BJS7	AF	891
Q8BJW5-2	AF	703
Q8BK06-2	AF	436
Q8BK06-3	AF	194
Q8BK75-2	AF	260
Q8BKT2	AF	225
Q8BLA1	AF	635
Q8BLF2-6	AF	457
Q8BLF2	AF	595
Q8BM65-4	AF	748
Q8BMK0	AF	761
Q8BNU0-2	AF	271
Q8BNU0	AF	468
Q8BNV1-2	AF	574
Q8BP71-5	AF	435
Q8BQJ6	AF	493
Q8BRC6-1	AF	345
Q8BRC6	AF	783
Q8BRE0	AF	195
Q8BSN9-2	AF	571
Q8BTH8	AF	459
Q8BUR3-2	AF	589
Q8BUR9	AF	78
Q8BUZ1	AF	375
Q8BVK9	AF	445
Q8BVN8	AF	258
Q8BW86-2	AF	764
Q8BWQ4	AF	767
Q8BWR2	AF	211
Q8BWR8	AF	686
Q8BX05-3	AF	426
Q8BY71	AF	416
Q8BY98	AF	327
Q8BYH7	AF	645
Q8BZQ2-2	AF	494
Q8C052	AF	973
Q8C0D0-2	AF	247
Q8C0D0	AF	338
Q8C0Q9-3	AF	580
Q8C142	AF	308
Q8C167-2	AF	638
Q8C167-3	AF	458
Q8C167-4	AF	264
Q8C262	AF	412
Q8C4S8	AF	1000
Q8C551	AF	337
Q8C5L3	AF	540
Q8C6A8	AF	355
Q8C6G1	AF	249
Q8C8Y5-3	AF	39
Q8C8Y5	AF	445
Q8C9X6-2	AF	763
Q8CAK3-2	AF	163
Q8CAK3	AF	290
Q8CAS9-2	AF	830
Q8CAS9-3	AF	678
Q8CBR6	AF	354
Q8CCK0	AF	372
Q8CDS7	AF	251
Q8CDV6-2	AF	487
Q8CE33-2	AF	569
Q8CE96-3	AF	314
Q8CE96-4	AF	175
Q8CE96	AF	497
Q8CEI1	AF	110
Q8CEK3	AF	90
Q8CEZ0	AF	266
Q8CFI2	AF	235
Q8CFP6	AF	273
Q8CFR0	AF	287
Q8CGR7	AF	320
Q8CGX0	AF	577
Q8CGZ0	AF	936
Q8CHM3	AF	199
Q8CHN2	AF	145
Q8CHZ9	AF	379
Q8CJ67-4	AF	206
Q8CJ67-5	AF	125
Q8CJ67	AF	570
Q8CJ69	AF	685
Q8CJ99-2	AF	671
Q8CN55	AF	252
Q8CPP2	AF	375
Q8CT62	AF	269
Q8CV11	AF	502
Q8CVZ5	AF	118
Q8DAS4	AF	207
Q8DD21	AF	122
Q8DHC6	AF	668
Q8DNZ8	AF	260
Q8DPI6	AF	229
Q8DQ36	AF	551
Q8DQG4	AF	79
Q8DW88	AF	803
Q8EK66	AF	100
Q8EUG2	AF	150
Q8EUY2	AF	306
Q8F7K0	AF	117
Q8FAS0	AF	77
Q8FBE9	AF	72
Q8FBP0	AF	848
Q8FDH0	AF	310
Q8FEJ1	AF	475
Q8FF72	AF	345
Q8FIT1	AF	312
Q8FJB6	AF	427
Q8FP91	AF	642
Q8FU35	AF	155
Q8FWN7	AF	527
Q8FWV8	AF	411
Q8FZW0	AF	243
Q8G5X4	AF	540
Q8GGD4	AF	400
Q8GGG1	AF	458
Q8GJM6	AF	152
Q8GT41	AF	179
Q8GUL2	AF	958
Q8GUP3	AF	873
Q8GW72	AF	506
Q8GWQ6	AF	232
Q8GWS0	AF	174
Q8GWV5	AF	760
Q8GXA1	AF	568
Q8GXD9-2	AF	627
Q8GY54	AF	216
Q8GY55	AF	315
Q8GYD2-2	AF	215
Q8GYE8	AF	567
Q8GYJ4	AF	162
Q8GYL7	AF	852
Q8GYP6	AF	860
Q8GYY7	AF	783
Q8GZA6	AF	879
Q8GZN1	AF	704
Q8H045	AF	650
Q8H0P8	AF	261
Q8H0V5	AF	354
Q8H0W3-2	AF	330
Q8H106	AF	632
Q8H110	AF	337
Q8H191	AF	497
Q8H1D9	AF	605
Q8H1E7	AF	754
Q8H1S6	AF	229
Q8H1U4	AF	916
Q8H7U8	AF	211
Q8H8T0	AF	364
Q8H8U5	AF	244
Q8HXH6	AF	312
Q8HZ60	AF	782
Q8IAS0	AF	573
Q8IAX8	AF	248
Q8IIJ6	AF	465
Q8IIK4-2	AF	181
Q8ILC2	AF	407
Q8IM46	AF	954
Q8IN41	AF	142
Q8IN42	AF	147
Q8IN43	AF	129
Q8IPX7	AF	232
Q8IQ05	AF	993
Q8IRT0	AF	911
Q8IRY7-2	AF	488
Q8IRY7-3	AF	284
Q8IRY7-4	AF	366
Q8IUH3-2	AF	328
Q8IUH3-3	AF	474
Q8IUM7-3	AF	234
Q8IUR0	AF	188
Q8IUW3-2	AF	152
Q8IUZ5-2	AF	107
Q8IUZ5-3	AF	175
Q8IUZ5	AF	450
Q8IV13-2	AF	166
Q8IV13	AF	435
Q8IV76-2	AF	639
Q8IVS2-2	AF	180
Q8IVS2	AF	390
Q8IW93-2	AF	502
Q8IW93	AF	802
Q8IWE2-2	AF	356
Q8IWE2	AF	563
Q8IWW6-2	AF	816
Q8IX04-2	AF	379
Q8IX04-5	AF	215
Q8IX04-6	AF	449
Q8IX04-7	AF	199
Q8IXF0-3	AF	920
Q8IXF0-5	AF	153
Q8IXM3	AF	137
Q8IXT1-2	AF	178
Q8IY31	AF	132
Q8IY51	AF	512
Q8IY81	AF	847
Q8IYE1	AF	715
Q8IYK2	AF	499
Q8IYS1	AF	436
Q8IYX3-1	AF	515
Q8IYX4	AF	353
Q8IZ02-3	AF	432
Q8IZ81	AF	293
Q8IZC4-3	AF	163
Q8IZJ0	AF	200
Q8IZQ8-2	AF	684
Q8J0E9	AF	609
Q8J1G7	AF	945
Q8J1L4	AF	726
Q8JZM0	AF	345
Q8JZS6-2	AF	471
Q8K0C1	AF	963
Q8K0D0-2	AF	430
Q8K0Q5	AF	663
Q8K114-2	AF	576
Q8K1K6	AF	397
Q8K2A7	AF	710
Q8K2C7-2	AF	617
Q8K2V6-2	AF	984
Q8K2X3	AF	378
Q8K352	AF	380
Q8K3D3-2	AF	121
Q8K3D3	AF	89
Q8K3E9-2	AF	507
Q8K3I6	AF	234
Q8K3X6	AF	423
Q8K4C5	AF	194
Q8K4F6	AF	465
Q8K4H1	AF	305
Q8K4I3	AF	771
Q8K4L6	AF	441
Q8K4M9	AF	950
Q8K4R4-2	AF	268
Q8K4R4-4	AF	209
Q8K4R9-3	AF	627
Q8K9J7	AF	54
Q8K9P0	AF	432
Q8KA58	AF	147
Q8KIL1	AF	740
Q8KIY1	AF	973
Q8KLM3	AF	270
Q8KNP2	AF	104
Q8KRU5	AF	556
Q8KUU5	AF	626
Q8L3C7	AF	701
Q8L3W1	AF	341
Q8L4M1	AF	367
Q8L7K4	AF	252
Q8L7M4-2	AF	298
Q8L7M4	AF	567
Q8L7W8	AF	843
Q8L8A8	AF	535
Q8L8Y3	AF	91
Q8L981	AF	63
Q8L999-2	AF	338
Q8L9A0	AF	270
Q8L9H6	AF	99
Q8L9T7	AF	157
Q8LAD7	AF	77
Q8LAS8	AF	284
Q8LBM2	AF	131
Q8LC03	AF	294
Q8LDQ4	AF	405
Q8LEV3-2	AF	481
Q8LEV3	AF	809
Q8LF21	AF	614
Q8LGE7	AF	106
Q8LGI3	AF	318
Q8LLD4	AF	563
Q8LNZ2	AF	938
Q8LPQ9-2	AF	858
Q8MJD6	AF	73
Q8MKL1	AF	167
Q8MMH4	AF	78
Q8MN55	AF	81
Q8MP00	AF	90
Q8MPD6	AF	148
Q8MR31	AF	767
Q8MUF9	AF	649
Q8MX88	AF	975
Q8N100	AF	152
Q8N159	AF	534
Q8N165	AF	341
Q8N196	AF	739
Q8N1A0-2	AF	255
Q8N1G4	AF	583
Q8N2E6	AF	242
Q8N2H3	AF	581
Q8N302-2	AF	109
Q8N302-3	AF	176
Q8N302	AF	714
Q8N328	AF	593
Q8N344	AF	545
Q8N3J2	AF	472
Q8N3X6-2	AF	213
Q8N3X6-3	AF	318
Q8N3X6	AF	602
Q8N3Y1-2	AF	532
Q8N427	AF	588
Q8N443-2	AF	192
Q8N443-3	AF	238
Q8N443	AF	379
Q8N461-2	AF	267
Q8N461	AF	479
Q8N4Q1	AF	142
Q8N4T8-2	AF	179
Q8N4U5-2	AF	266
Q8N4U5	AF	519
Q8N531-2	AF	533
Q8N584-2	AF	522
Q8N584-3	AF	76
Q8N612-2	AF	986
Q8N612-3	AF	705
Q8N6C8-2	AF	375
Q8N6F8	AF	245
Q8N6I1	AF	236
Q8N6U2	AF	182
Q8N7B6-3	AF	123
Q8N7B6-4	AF	200
Q8N7H5-3	AF	485
Q8N8A6	AF	666
Q8N8B7	AF	351
Q8N8E3-2	AF	211
Q8N8N7-2	AF	180
Q8N8Y2	AF	350
Q8N8Z3	AF	221
Q8N907	AF	189
Q8N983-4	AF	159
Q8N983	AF	215
Q8N9N5	AF	519
Q8N9P0	AF	234
Q8NA77	AF	164
Q8NAB2	AF	612
Q8NAG6-1	AF	575
Q8NAX2	AF	398
Q8NBA8-2	AF	232
Q8NBA8	AF	298
Q8NBE8	AF	558
Q8NBF2-2	AF	367
Q8NBF2	AF	726
Q8NBH2-3	AF	640
Q8NBL1	AF	392
Q8NBP7-2	AF	196
Q8NBT2-2	AF	151
Q8NBT2	AF	197
Q8NCE2	AF	650
Q8NCF0-2	AF	339
Q8NDB2-2	AF	770
Q8NDT2-2	AF	563
Q8NDX9-2	AF	146
Q8NDX9	AF	201
Q8NDZ0-2	AF	645
Q8NE18-2	AF	475
Q8NE18-3	AF	277
Q8NE18	AF	718
Q8NE31-2	AF	458
Q8NE63	AF	616
Q8NEB7	AF	543
Q8NEF3	AF	446
Q8NEL9	AF	900
Q8NEP3-2	AF	489
Q8NEP3-3	AF	418
Q8NEX9	AF	313
Q8NFI3-2	AF	377
Q8NFU3-2	AF	74
Q8NFU3-3	AF	109
Q8NFW5-2	AF	377
Q8NG50-6	AF	228
Q8NG50-7	AF	79
Q8NHP1-3	AF	249
Q8NHP1	AF	331
Q8NHP7-2	AF	312
Q8NHP7	AF	514
Q8NHS4-2	AF	464
Q8NHS4	AF	586
Q8NHV1	AF	300
Q8NHV9	AF	184
Q8NHZ8	AF	85
Q8NI38-2	AF	465
Q8NI38-3	AF	150
Q8NI38	AF	313
Q8NI77	AF	898
Q8NJP6	AF	382
Q8NKE1	AF	683
Q8NKF5	AF	632
Q8NW39	AF	895
Q8NW54	AF	372
Q8P3Y1	AF	242
Q8P9R1	AF	350
Q8PCB8	AF	347
Q8PDW5	AF	337
Q8PGP9	AF	564
Q8Q051	AF	345
Q8QZR4	AF	282
Q8R035-2	AF	177
Q8R0A6	AF	236
Q8R0J1	AF	787
Q8R0S4-2	AF	473
Q8R179-2	AF	518
Q8R1S4-2	AF	723
Q8R2G6	AF	949
Q8R2N2	AF	686
Q8R2U2	AF	564
Q8R2Z0	AF	308
Q8R4S2	AF	854
Q8R4U1-2	AF	178
Q8R4U1	AF	393
Q8R555	AF	646
Q8R7V6	AF	96
Q8RUD6	AF	169
Q8RWK8	AF	608
Q8RWL0	AF	354
Q8RWL4-2	AF	268
Q8RWL4	AF	349
Q8RWN0-2	AF	570
Q8RWS0	AF	124
Q8RWV3-2	AF	361
Q8RX71	AF	269
Q8RXC8	AF	460
Q8RXJ0	AF	440
Q8RXK2	AF	782
Q8RXN8	AF	349
Q8RXS5	AF	888
Q8RXU4-2	AF	344
Q8RY59-2	AF	588
Q8RY71-2	AF	261
Q8RY71	AF	341
Q8RZ35-2	AF	378
Q8S1V1	AF	424
Q8S2G4	AF	345
Q8S8C7	AF	407
Q8S8F2	AF	940
Q8S8P0	AF	184
Q8S8S7	AF	801
Q8S8Y8-2	AF	500
Q8S924	AF	96
Q8S944-2	AF	480
Q8S983	AF	955
Q8S9D1	AF	831
Q8S9J1-2	AF	478
Q8SR54	AF	939
Q8SSQ3	AF	929
Q8STF6-2	AF	793
Q8SUM8	AF	129
Q8SWP1	AF	236
Q8SX68	AF	609
Q8SZZ8	AF	684
Q8T133	AF	808
Q8T1G4	AF	181
Q8T2T7	AF	828
Q8T638	AF	363
Q8T9Z7	AF	245
Q8TAA5-2	AF	122
Q8TAA5	AF	225
Q8TAD8	AF	396
Q8TAK5	AF	448
Q8TAM1	AF	723
Q8TAM6	AF	284
Q8TAP6-2	AF	584
Q8TAP6-3	AF	267
Q8TAP8	AF	253
Q8TAS1	AF	419
Q8TBK2-2	AF	449
Q8TBP0-4	AF	392
Q8TBP0	AF	767
Q8TC90	AF	406
Q8TCC3	AF	161
Q8TCV5-2	AF	123
Q8TCV5	AF	224
Q8TCX1-3	AF	334
Q8TCX1-4	AF	201
Q8TCX1-5	AF	144
Q8TD91	AF	643
Q8TDC0-2	AF	205
Q8TDC0-3	AF	87
Q8TDR4	AF	215
Q8TE96-2	AF	599
Q8TE96-3	AF	357
Q8TEB1	AF	546
Q8TEL6-2	AF	532
Q8TEL6-3	AF	789
Q8TF74-2	AF	290
Q8TF74	AF	440
Q8TFG4	AF	800
Q8TG40	AF	248
Q8TGJ1	AF	51
Q8TGY9	AF	327
Q8TI93	AF	184
Q8TPT4	AF	500
Q8TPU4	AF	607
Q8TV04	AF	116
Q8UJC4	AF	194
Q8UUG2	AF	79
Q8UW64	AF	217
Q8UWD9	AF	375
Q8VBT2	AF	327
Q8VBV4-1	AF	629
Q8VCB2-4	AF	102
Q8VCB2	AF	745
Q8VCE9-3	AF	702
Q8VCI0	AF	550
Q8VCQ3	AF	287
Q8VCR2-2	AF	300
Q8VDI7	AF	409
Q8VDK1-2	AF	290
Q8VDM6-2	AF	759
Q8VDM6-3	AF	340
Q8VDP4	AF	922
Q8VE37	AF	421
Q8VE65	AF	161
Q8VE85	AF	172
Q8VEJ4	AF	485
Q8VH46	AF	731
Q8VH51-2	AF	524
Q8VH51-3	AF	367
Q8VHH8	AF	169
Q8VHI4	AF	689
Q8VHK7	AF	237
Q8VI94	AF	511
Q8VIH1	AF	527
Q8VIM5-3	AF	983
Q8VIP2	AF	865
Q8VN02	AF	106
Q8VPD4	AF	534
Q8VSC3	AF	545
Q8VSP9	AF	239
Q8VWI7	AF	869
Q8VWJ2	AF	318
Q8VY07	AF	560
Q8VYB1	AF	196
Q8VYB7	AF	678
Q8VYF7	AF	238
Q8VYJ2	AF	356
Q8VZE4	AF	805
Q8VZE7	AF	671
Q8VZV9	AF	161
Q8W0Y9	AF	625
Q8W1W6-2	AF	451
Q8W261	AF	74
Q8W2F3-2	AF	279
Q8W463	AF	225
Q8W475	AF	512
Q8W489	AF	865
Q8W4D0	AF	631
Q8W4I6	AF	660
Q8W4J3-2	AF	502
Q8W4K5	AF	498
Q8W5S1	AF	336
Q8WNZ3	AF	50
Q8WPC2	AF	140
Q8WPJ2	AF	367
Q8WT56	AF	178
Q8WTP8	AF	325
Q8WTS6	AF	366
Q8WUA4-2	AF	585
Q8WUA4	AF	911
Q8WV07	AF	137
Q8WVT3	AF	735
Q8WW01-2	AF	129
Q8WW01	AF	171
Q8WW35	AF	142
Q8WWB5-3	AF	273
Q8WWK9-4	AF	494
Q8WWK9	AF	683
Q8WWY7	AF	111
Q8WXA2-2	AF	114
Q8WXB1	AF	218
Q8WXC3	AF	89
Q8WXC6-1	AF	252
Q8WXC6	AF	57
Q8WXD5	AF	167
Q8WXI4-2	AF	594
Q8WXW3-2	AF	216
Q8WXW3-3	AF	103
Q8WXW3-4	AF	298
Q8WXW3	AF	757
Q8WYA1	AF	636
Q8WYJ6-2	AF	172
Q8WYP3-2	AF	944
Q8WZ26	AF	134
Q8WZ82	AF	227
Q8WZA9	AF	623
Q8X5P4	AF	185
Q8X5X6	AF	531
Q8XAU9	AF	196
Q8XCH4	AF	248
Q8XEN6	AF	88
Q8XHH5	AF	281
Q8XHS9	AF	222
Q8XIP3	AF	412
Q8XKV0	AF	192
Q8XL65	AF	192
Q8XUR0	AF	270
Q8XVC3	AF	504
Q8Y620	AF	89
Q8Y6R2	AF	276
Q8YAD3	AF	207
Q8YB10	AF	436
Q8YMD9	AF	703
Q8YRC9	AF	652
Q8YTZ6	AF	793
Q8Z2H4	AF	198
Q8Z2V5	AF	282
Q8Z5J6	AF	203
Q8Z7I7	AF	274
Q8Z7R6	AF	403
Q8ZBN6	AF	606
Q8ZBY6	AF	815
Q8ZF73	AF	330
Q8ZJI2	AF	903
Q8ZKE6	AF	154
Q8ZKL1	AF	289
Q8ZKW2	AF	498
Q8ZMS4	AF	809
Q8ZNR3	AF	782
Q8ZRF7	AF	207
Q8ZT21	AF	221
Q8ZTU5	AF	375
Q8ZVK6	AF	256
Q90249	AF	137
Q90423	AF	307
Q90839	AF	350
Q90867	AF	634
Q90WN7	AF	977
Q90WZ1	AF	208
Q90X38	AF	506
Q90ZL1	AF	131
Q91145	AF	929
Q91584-2	AF	341
Q91605	AF	152
Q91615	AF	885
Q91620	AF	405
Q91636	AF	730
Q91754	AF	619
Q91VF2	AF	295
Q91VL8	AF	393
Q91VR8	AF	75
Q91W40	AF	508
Q91W90	AF	417
Q91W96	AF	807
Q91WK7	AF	299
Q91WV0	AF	176
Q91Y44-2	AF	326
Q91Y44	AF	956
Q91YD3	AF	602
Q91YE9-2	AF	555
Q91YI0	AF	464
Q91YM4-2	AF	600
Q91YN5	AF	522
Q91YP6-2	AF	328
Q91YR1	AF	350
Q91YR9	AF	329
Q91YX0	AF	663
Q91ZD6-2	AF	132
Q91ZD6	AF	262
Q91ZU0	AF	318
Q92076	AF	647
Q920D5	AF	420
Q920H1-3	AF	113
Q920M5-2	AF	471
Q921C5-3	AF	338
Q921I9	AF	245
Q921U8-2	AF	921
Q921U8-4	AF	467
Q922G7	AF	430
Q922K9	AF	512
Q922L6	AF	591
Q922M3	AF	315
Q922Y1	AF	297
Q92325	AF	660
Q92358	AF	132
Q92380	AF	923
Q92383	AF	228
Q923A2	AF	608
Q923D4	AF	86
Q923W4	AF	202
Q92445	AF	79
Q92496-2	AF	577
Q92496-3	AF	331
Q92503-2	AF	719
Q92552	AF	414
Q92564-2	AF	257
Q92567-2	AF	235
Q92567-3	AF	129
Q925G1-2	AF	668
Q925Q8-2	AF	606
Q925Q8-3	AF	500
Q925W5	AF	79
Q92600	AF	299
Q92674-2	AF	522
Q92674	AF	756
Q92686	AF	78
Q92688-2	AF	195
Q92734-2	AF	396
Q92734-4	AF	280
Q92738	AF	828
Q92748	AF	146
Q92791	AF	437
Q92796-2	AF	512
Q92796-3	AF	366
Q92796	AF	817
Q92830	AF	837
Q92841	AF	729
Q92858	AF	354
Q92886	AF	237
Q928K4	AF	467
Q92902-3	AF	324
Q92902	AF	700
Q92979	AF	244
Q92990	AF	594
Q92BB2	AF	200
Q92BT5	AF	298
Q92D49	AF	78
Q92E83	AF	213
Q92HF5	AF	831
Q92JB4	AF	78
Q92JL9	AF	440
Q92KF8	AF	259
Q92LA8	AF	167
Q92NF5	AF	496
Q92R45	AF	241
Q92XV9	AF	63
Q931R3	AF	468
Q93352	AF	257
Q93356	AF	278
Q93454	AF	373
Q93538	AF	915
Q936X2	AF	605
Q93794-2	AF	585
Q93833-2	AF	325
Q93833	AF	412
Q93JY3	AF	755
Q93NG6	AF	367
Q93NY7	AF	752
Q93TJ5	AF	640
Q93VK8	AF	86
Q93VM9	AF	599
Q93VR3	AF	377
Q93WI9	AF	179
Q93WK5	AF	727
Q93XQ4	AF	371
Q93YS6	AF	688
Q93YZ7	AF	491
Q93Z30-2	AF	438
Q93ZB1	AF	154
Q93ZB9	AF	493
Q93ZE2	AF	368
Q93ZE8	AF	218
Q93ZG3-2	AF	393
Q93ZJ9	AF	605
Q94045	AF	124
Q940J1	AF	294
Q940L5	AF	198
Q940Z2-2	AF	730
Q94165	AF	256
Q941B6	AF	409
Q941C7	AF	75
Q941W1	AF	212
Q944H0-2	AF	475
Q944I4-2	AF	362
Q944I4-3	AF	364
Q944I4	AF	456
Q94519-2	AF	143
Q94527	AF	971
Q945P1	AF	317
Q946J8	AF	445
Q94738	AF	886
Q94899	AF	444
Q94918-2	AF	622
Q949U7	AF	234
Q94A57	AF	295
Q94A97-3	AF	112
Q94AC8-2	AF	263
Q94AI4-2	AF	963
Q94AX2	AF	277
Q94BM7	AF	794
Q94BQ3-2	AF	754
Q94C48-2	AF	436
Q94C95	AF	626
Q94CB1-2	AF	263
Q94CE5	AF	504
Q94CU5	AF	943
Q94CV1	AF	228
Q94EH8	AF	295
Q94ID6	AF	189
Q94JY4	AF	85
Q94K85	AF	359
Q95003	AF	224
Q95J46-2	AF	85
Q95J46	AF	121
Q95JC9-3	AF	566
Q95K27	AF	346
Q95K63	AF	926
Q95LP5-2	AF	697
Q95LP5-3	AF	528
Q95LV1	AF	654
Q95LV5-3	AF	617
Q95NJ8	AF	55
Q95P90	AF	94
Q95Q00	AF	798
Q95QT8-2	AF	552
Q95RC0	AF	377
Q95RV2	AF	345
Q95T19	AF	464
Q95UQ1	AF	197
Q95XP9-2	AF	628
Q95XP9-4	AF	307
Q95XR2-2	AF	376
Q95XR2-3	AF	38
Q95Y80-2	AF	765
Q95YE9	AF	877
Q95ZL9	AF	152
Q960N3	AF	483
Q96291	AF	266
Q96348	AF	510
Q96449	AF	345
Q966V2	AF	388
Q968Z6	AF	557
Q969D9-2	AF	63
Q969D9	AF	159
Q969E3	AF	161
Q969F1	AF	213
Q969H8	AF	173
Q969K4-2	AF	336
Q969K4-3	AF	453
Q969K4-4	AF	405
Q96A04	AF	125
Q96A44	AF	273
Q96A56-2	AF	164
Q96A56	AF	240
Q96A58-2	AF	180
Q96AA8-3	AF	820
Q96AB6	AF	310
Q96AE4	AF	644
Q96AQ7-2	AF	164
Q96AQ7-3	AF	129
Q96B26	AF	276
Q96BM1	AF	317
Q96BN6-2	AF	528
Q96BP2	AF	118
Q96BR5	AF	231
Q96BT3-2	AF	299
Q96BT3-3	AF	151
Q96BT3	AF	561
Q96CD2-2	AF	127
Q96CD2	AF	204
Q96CG3	AF	184
Q96CN4	AF	794
Q96CN5	AF	670
Q96CT2-2	AF	702
Q96D46	AF	503
Q96D98	AF	161
Q96DG6	AF	245
Q96DH6-2	AF	251
Q96DH6-3	AF	151
Q96DH6	AF	328
Q96DI7	AF	357
Q96DN0	AF	273
Q96DN2-2	AF	219
Q96DN2	AF	955
Q96DR4-2	AF	159
Q96DR4	AF	205
Q96DR5	AF	249
Q96DR7-3	AF	446
Q96DR7-4	AF	791
Q96DX5	AF	294
Q96DY7-3	AF	329
Q96DY7	AF	904
Q96DZ1-2	AF	429
Q96E14-2	AF	84
Q96E14	AF	147
Q96E29-3	AF	296
Q96E29	AF	417
Q96EK7-2	AF	764
Q96EK7-3	AF	242
Q96ES7	AF	293
Q96EW2-2	AF	225
Q96EW2	AF	488
Q96EY7-2	AF	280
Q96EY7	AF	689
Q96F85-2	AF	128
Q96F85	AF	164
Q96FN5	AF	646
Q96FV2-2	AF	378
Q96G01-2	AF	93
Q96G01	AF	975
Q96GC5-3	AF	194
Q96GD3-6	AF	480
Q96GD3	AF	660
Q96GN5	AF	454
Q96HE9	AF	360
Q96HH9-2	AF	440
Q96HH9-5	AF	328
Q96IK5	AF	515
Q96IY1-2	AF	213
Q96IY1	AF	281
Q96IZ0	AF	340
Q96IZ7-2	AF	276
Q96J01-2	AF	327
Q96JB8-3	AF	266
Q96JB8-5	AF	565
Q96KP1	AF	924
Q96KS9	AF	214
Q96KT6	AF	92
Q96L34-2	AF	688
Q96LB8-2	AF	369
Q96LC9-2	AF	163
Q96LC9-3	AF	129
Q96LK0	AF	163
Q96LM5	AF	186
Q96LR2	AF	239
Q96LR5	AF	201
Q96LW2-2	AF	171
Q96LW2-3	AF	274
Q96LW2	AF	410
Q96LX7-2	AF	443
Q96LX7-3	AF	110
Q96LX7-5	AF	613
Q96M02-2	AF	602
Q96M27-3	AF	462
Q96M27-4	AF	311
Q96MD7-1	AF	157
Q96MD7-2	AF	35
Q96MK3	AF	541
Q96MY7	AF	647
Q96N64-3	AF	520
Q96N64	AF	755
Q96NB1-2	AF	100
Q96NB1	AF	174
Q96NL8	AF	207
Q96P44	AF	957
Q96PV6-1	AF	781
Q96PV6-3	AF	54
Q96PZ2	AF	611
Q96Q27-1	AF	587
Q96QR1	AF	104
Q96QU6-2	AF	158
Q96QU6	AF	501
Q96RK1	AF	184
Q96RQ3	AF	725
Q96RR4	AF	588
Q96S16-2	AF	234
Q96S44	AF	253
Q96S65	AF	589
Q96S94-3	AF	298
Q96S94-5	AF	226
Q96S94	AF	520
Q96VC4	AF	552
Q96VG1	AF	69
Q96W55	AF	51
Q973G0	AF	263
Q973G3	AF	709
Q976L5	AF	188
Q97AJ4	AF	345
Q97EC3	AF	340
Q97I99	AF	116
Q97IC2	AF	657
Q97ML3	AF	306
Q97Q59	AF	112
Q97SE4	AF	514
Q97WG8	AF	500
Q97ZE2	AF	227
Q97ZQ4	AF	81
Q980A1	AF	179
Q980B1	AF	434
Q981V0	AF	927
Q987C8	AF	367
Q988D4	AF	278
Q98CN8	AF	219
Q98DT4	AF	385
Q98GQ5	AF	210
Q98HD8	AF	107
Q98RF9	AF	100
Q98SR9	AF	222
Q98ST6	AF	258
Q98TA5	AF	896
Q99003	AF	344
Q99107	AF	845
Q99109	AF	652
Q99166	AF	91
Q99207	AF	810
Q99388	AF	208
Q99525	AF	98
Q99547	AF	160
Q99567	AF	741
Q99581	AF	238
Q99583	AF	582
Q99607	AF	663
Q99626	AF	313
Q99627-2	AF	160
Q99627	AF	209
Q99638	AF	391
Q99645	AF	322
Q99741	AF	560
Q99748	AF	197
Q99848	AF	306
Q99856	AF	593
Q99932-2	AF	501
Q99944	AF	293
Q99952-2	AF	353
Q99952	AF	460
Q99954	AF	134
Q99J39-2	AF	454
Q99J79	AF	432
Q99JI1	AF	82
Q99JI4	AF	389
Q99JP0	AF	894
Q99JY3-2	AF	219
Q99JY3	AF	328
Q99L02	AF	253
Q99LC3	AF	355
Q99LG4	AF	440
Q99LH1	AF	728
Q99LS1	AF	296
Q99LT0	AF	99
Q99ME3	AF	962
Q99ML8	AF	113
Q99MT2	AF	958
Q99MW3	AF	458
Q99X26	AF	929
Q99ZM2	AF	330
Q9A1J4	AF	119
Q9A1S2	AF	340
Q9A6N1	AF	232
Q9AD92	AF	77
Q9AHE8	AF	517
Q9AJ77	AF	991
Q9AJ99	AF	142
Q9AL95	AF	379
Q9AR71	AF	266
Q9ASR1-2	AF	213
Q9ASR1	AF	843
Q9ASY9-2	AF	147
Q9ASY9	AF	221
Q9AT00	AF	345
Q9ATH2	AF	115
Q9AXT8	AF	912
Q9BG94	AF	470
Q9BLJ6	AF	677
Q9BP70	AF	79
Q9BPZ3	AF	127
Q9BQ15-2	AF	112
Q9BQ15	AF	211
Q9BQ65-2	AF	247
Q9BQ65-3	AF	186
Q9BQ90	AF	382
Q9BQB4	AF	213
Q9BQM9	AF	153
Q9BR61	AF	282
Q9BRJ9	AF	268
Q9BRL6-2	AF	275
Q9BRP7-2	AF	475
Q9BRP7	AF	624
Q9BRR8	AF	931
Q9BRT6	AF	129
Q9BSD3-2	AF	224
Q9BSH4	AF	297
Q9BSQ5-2	AF	465
Q9BSQ5-3	AF	353
Q9BST9-3	AF	513
Q9BSU1-2	AF	258
Q9BSU1	AF	422
Q9BT09-2	AF	54
Q9BT09	AF	278
Q9BT25	AF	410
Q9BT56	AF	116
Q9BTF0-2	AF	303
Q9BTF0	AF	503
Q9BTP7	AF	215
Q9BUA3	AF	381
Q9BUE0	AF	208
Q9BUH6-2	AF	106
Q9BUH6	AF	204
Q9BV47-2	AF	86
Q9BV47	AF	211
Q9BV86-2	AF	145
Q9BV90	AF	132
Q9BVV2	AF	318
Q9BW66-2	AF	118
Q9BW83-2	AF	185
Q9BWC9	AF	280
Q9BWN1	AF	585
Q9BWU0	AF	742
Q9BWU1-2	AF	442
Q9BXD5-4	AF	240
Q9BXD5-5	AF	109
Q9BXD5	AF	320
Q9BXJ9-4	AF	526
Q9BXJ9	AF	866
Q9BXL5	AF	484
Q9BXU0	AF	123
Q9BY27	AF	220
Q9BYB4-2	AF	212
Q9BYB4	AF	327
Q9BYC8	AF	188
Q9BYP8	AF	105
Q9BYQ8	AF	210
Q9BYZ8-2	AF	134
Q9BYZ8	AF	158
Q9BZ23-2	AF	279
Q9BZ23-4	AF	460
Q9BZD4	AF	464
Q9BZE1	AF	423
Q9BZE2	AF	481
Q9BZP6-3	AF	315
Q9BZP6	AF	476
Q9C075-2	AF	285
Q9C075	AF	422
Q9C098	AF	648
Q9C0C6	AF	399
Q9C0F1	AF	390
Q9C0I3-2	AF	677
Q9C0I3	AF	900
Q9C0K7-3	AF	280
Q9C1B9	AF	447
Q9C4B7	AF	537
Q9C598-2	AF	153
Q9C598	AF	283
Q9C5D2	AF	610
Q9C5H9	AF	678
Q9C5J9	AF	342
Q9C5K8	AF	187
Q9C670-2	AF	339
Q9C685	AF	211
Q9C690	AF	379
Q9C6B6	AF	604
Q9C6K3	AF	603
Q9C6T1-2	AF	450
Q9C707	AF	298
Q9C778-2	AF	243
Q9C778	AF	355
Q9C7I5	AF	189
Q9C7S6	AF	215
Q9C7W0	AF	85
Q9C8E6-2	AF	722
Q9C8J7	AF	509
Q9C8Y3	AF	511
Q9C8Y4	AF	417
Q9C950	AF	643
Q9C951-2	AF	322
Q9C951	AF	840
Q9C9F6	AF	755
Q9C9G2	AF	535
Q9C9G6	AF	157
Q9C9T2	AF	451
Q9C9U0	AF	991
Q9CAG5	AF	782
Q9CAN3	AF	658
Q9CAN6-2	AF	360
Q9CAR0	AF	253
Q9CAY1	AF	623
Q9CBM9	AF	402
Q9CFC9	AF	311
Q9CHE0	AF	662
Q9CID5	AF	769
Q9CL29	AF	327
Q9CNH7	AF	234
Q9CNN6	AF	168
Q9CPQ5-2	AF	126
Q9CPQ5	AF	267
Q9CPU7	AF	355
Q9CPY3-2	AF	127
Q9CPY3	AF	264
Q9CQ37	AF	204
Q9CQ62	AF	335
Q9CQ76	AF	512
Q9CQB2	AF	160
Q9CQE9	AF	139
Q9CQF3	AF	227
Q9CQM6-2	AF	379
Q9CQR4	AF	140
Q9CQT7	AF	168
Q9CR02-2	AF	158
Q9CR02	AF	221
Q9CR73	AF	140
Q9CS74	AF	641
Q9CSP9-6	AF	433
Q9CSP9-7	AF	714
Q9CUB6	AF	454
Q9CW46	AF	748
Q9CWH4	AF	259
Q9CWZ3-2	AF	173
Q9CX60	AF	105
Q9CXI5	AF	179
Q9CXW4	AF	178
Q9CZK6	AF	655
Q9CZV8-3	AF	438
Q9CZX5	AF	332
Q9D032-2	AF	361
Q9D067-3	AF	222
Q9D067	AF	708
Q9D0L8-3	AF	410
Q9D1C1	AF	179
Q9D1C2	AF	127
Q9D1E6	AF	244
Q9D1M4	AF	174
Q9D1Q6	AF	406
Q9D279	AF	648
Q9D2F5	AF	341
Q9D2H2-1	AF	150
Q9D2H2	AF	614
Q9D2Z4	AF	221
Q9D300	AF	466
Q9D309	AF	235
Q9D3R6-2	AF	217
Q9D3R6-3	AF	409
Q9D3R6	AF	539
Q9D3V5-2	AF	220
Q9D3V5	AF	435
Q9D439-2	AF	428
Q9D486-2	AF	685
Q9D513	AF	470
Q9D5A0	AF	399
Q9D5A9	AF	208
Q9D783-2	AF	389
Q9D783	AF	621
Q9D7I8-2	AF	370
Q9D7I8-3	AF	257
Q9D7Z3-2	AF	243
Q9D995-3	AF	249
Q9D995	AF	334
Q9D9H8	AF	365
Q9D9T8	AF	648
Q9D9U9	AF	551
Q9D9W1	AF	207
Q9DA01	AF	134
Q9DAF3	AF	408
Q9DAM9	AF	344
Q9DAN1	AF	588
Q9DAP0	AF	323
Q9DB07	AF	301
Q9DB60	AF	201
Q9DB96	AF	315
Q9DBB9	AF	547
Q9DBD0	AF	700
Q9DBK7	AF	977
Q9DBQ9-3	AF	679
Q9DBR3-3	AF	357
Q9DBR3	AF	673
Q9DBX2	AF	301
Q9DC33-3	AF	180
Q9DC33-4	AF	101
Q9DC33	AF	346
Q9DC48	AF	579
Q9DCB1-3	AF	95
Q9DCM7	AF	586
Q9DCP9	AF	168
Q9DG80	AF	140
Q9DG96	AF	386
Q9EP97	AF	568
Q9EPB1	AF	500
Q9EPB4	AF	193
Q9EPV8	AF	73
Q9EQ61	AF	584
Q9EQ80	AF	376
Q9EQH4-3	AF	265
Q9EQR6	AF	623
Q9ER69-2	AF	151
Q9ER69	AF	396
Q9ER88-2	AF	361
Q9ERE8	AF	362
Q9ERV7	AF	915
Q9ES63	AF	869
Q9ES64	AF	910
Q9ESG2	AF	212
Q9ESL0	AF	520
Q9ESM3	AF	341
Q9EST4-2	AF	161
Q9EST4-3	AF	224
Q9ESV0	AF	857
Q9ESV6	AF	432
Q9ESY9	AF	248
Q9EXD6	AF	139
Q9F131	AF	394
Q9F5Y0	AF	86
Q9F7D7	AF	300
Q9FA32	AF	77
Q9FD10	AF	408
Q9FE25	AF	248
Q9FEB5	AF	379
Q9FF41	AF	579
Q9FF81	AF	440
Q9FF86	AF	484
Q9FFE3	AF	535
Q9FFF2	AF	334
Q9FFI5	AF	476
Q9FFM6	AF	307
Q9FFS4	AF	101
Q9FFX6	AF	695
Q9FG37	AF	838
Q9FGC7-2	AF	610
Q9FGD7	AF	765
Q9FGT7	AF	635
Q9FH40-2	AF	267
Q9FHH2	AF	990
Q9FHZ1	AF	405
Q9FHZ3	AF	243
Q9FIB4	AF	678
Q9FIL7	AF	470
Q9FIT7	AF	974
Q9FIV6	AF	586
Q9FIX2	AF	165
Q9FJ07	AF	342
Q9FJF4-2	AF	121
Q9FJF4	AF	306
Q9FJG9-2	AF	276
Q9FJG9	AF	445
Q9FJH9	AF	738
Q9FJK8	AF	908
Q9FJR9	AF	735
Q9FJT7	AF	346
Q9FJV0	AF	356
Q9FJV5-2	AF	223
Q9FJW6	AF	798
Q9FJZ3	AF	431
Q9FK47	AF	402
Q9FK72	AF	345
Q9FKB0	AF	88
Q9FKB6-2	AF	320
Q9FKB6	AF	614
Q9FKF0	AF	957
Q9FKI0	AF	687
Q9FKI4	AF	192
Q9FKQ7	AF	150
Q9FKZ1	AF	809
Q9FLD8	AF	678
Q9FLN4	AF	198
Q9FLP9	AF	431
Q9FLR3-2	AF	315
Q9FLT2	AF	300
Q9FLU1	AF	454
Q9FLX8	AF	348
Q9FM91	AF	455
Q9FME3	AF	360
Q9FMP8	AF	827
Q9FMQ1	AF	816
Q9FNF8	AF	574
Q9FNI1	AF	122
Q9FNN3	AF	908
Q9FNR1	AF	309
Q9FNY0-2	AF	483
Q9FNY3	AF	292
Q9FNZ4	AF	112
Q9FPN7-2	AF	178
Q9FPQ8	AF	291
Q9FPW4	AF	614
Q9FPW6	AF	561
Q9FQ20-2	AF	809
Q9FRI0	AF	145
Q9FRT9	AF	90
Q9FRV4	AF	310
Q9FT54	AF	369
Q9FT77	AF	796
Q9FT81	AF	518
Q9FUD3	AF	277
Q9FUS6	AF	227
Q9FUZ7	AF	668
Q9FVX0	AF	442
Q9FX53-2	AF	361
Q9FX53-3	AF	278
Q9FZ76	AF	233
Q9FZA2-2	AF	315
Q9GKI7-2	AF	598
Q9GKK3-2	AF	233
Q9GKK3-3	AF	109
Q9GLG4	AF	668
Q9GMY4	AF	389
Q9GRF8	AF	216
Q9GRW7	AF	697
Q9GS00	AF	601
Q9GSL0	AF	331
Q9GSX9-2	AF	157
Q9GSX9	AF	566
Q9GV36	AF	850
Q9GZP0-2	AF	364
Q9GZQ3	AF	224
Q9GZS1	AF	419
Q9GZU5	AF	476
Q9GZV1-2	AF	327
Q9GZX6	AF	179
Q9GZZ8	AF	138
Q9H069-2	AF	457
Q9H078-5	AF	506
Q9H078	AF	707
Q9H079	AF	304
Q9H095-2	AF	345
Q9H095	AF	443
Q9H0K6-2	AF	388
Q9H0L4	AF	616
Q9H0W8-2	AF	495
Q9H0Z9-2	AF	121
Q9H0Z9	AF	239
Q9H112-2	AF	103
Q9H112	AF	138
Q9H147	AF	329
Q9H173	AF	461
Q9H1A7	AF	115
Q9H1B4-3	AF	168
Q9H1B4-5	AF	302
Q9H1B4	AF	397
Q9H1M4	AF	99
Q9H1R3	AF	596
Q9H2L5-3	AF	251
Q9H2L5-4	AF	121
Q9H320	AF	206
Q9H3C7-2	AF	288
Q9H3C7-3	AF	457
Q9H3P2-7	AF	265
Q9H3P2	AF	528
Q9H3U1-2	AF	929
Q9H3U1-3	AF	222
Q9H467	AF	287
Q9H497-2	AF	336
Q9H497-3	AF	181
Q9H4X1-2	AF	117
Q9H5Q4	AF	396
Q9H693	AF	158
Q9H6I2	AF	414
Q9H6J7-2	AF	337
Q9H6Z4	AF	567
Q9H7C4-2	AF	476
Q9H7L9	AF	328
Q9H867-1	AF	144
Q9H867-2	AF	123
Q9H867-3	AF	89
Q9H867-5	AF	194
Q9H892	AF	705
Q9H8H2-3	AF	319
Q9H8H2-4	AF	585
Q9H8H2-6	AF	214
Q9H8Y1	AF	702
Q9H967	AF	626
Q9H981-2	AF	513
Q9H981-3	AF	329
Q9H987-2	AF	753
Q9H987	AF	977
Q9H9H5	AF	199
Q9H9J2	AF	332
Q9H9Q2-2	AF	157
Q9H9Q2	AF	264
Q9HA47-2	AF	201
Q9HA47-4	AF	282
Q9HAD4-2	AF	404
Q9HAF1-3	AF	201
Q9HAQ2-2	AF	725
Q9HB40-2	AF	296
Q9HB40	AF	452
Q9HBU6-2	AF	258
Q9HBU6	AF	452
Q9HC96-3	AF	517
Q9HC96-6	AF	274
Q9HC96-7	AF	139
Q9HC96-8	AF	138
Q9HCC6	AF	221
Q9HCS4	AF	588
Q9HCS7	AF	855
Q9HCT0	AF	170
Q9HCU9	AF	246
Q9HD89-2	AF	82
Q9HD89	AF	108
Q9HDY1	AF	731
Q9HEZ3	AF	394
Q9HF03	AF	724
Q9HFC8	AF	795
Q9HGK9	AF	479
Q9HGM8	AF	695
Q9HGY3	AF	345
Q9HI21	AF	213
Q9HI70	AF	768
Q9HK20	AF	402
Q9HSA3	AF	355
Q9HSB9	AF	276
Q9HSG5	AF	434
Q9HTH8	AF	321
Q9HU92	AF	266
Q9HWA7	AF	922
Q9HYF1	AF	496
Q9I1M1	AF	350
Q9I317	AF	67
Q9I4N1	AF	451
Q9I5J6	AF	230
Q9I5U8	AF	110
Q9I6H1	AF	116
Q9I742	AF	902
Q9I745	AF	169
Q9I7D3	AF	961
Q9I9A7	AF	617
Q9I9L7	AF	383
Q9IA22	AF	247
Q9JHK5	AF	350
Q9JI13-2	AF	413
Q9JI15	AF	78
Q9JI81	AF	333
Q9JIA1-3	AF	291
Q9JIA1	AF	557
Q9JII5-2	AF	405
Q9JIQ3	AF	237
Q9JJ66	AF	499
Q9JJ78	AF	330
Q9JJH5	AF	557
Q9JJS0	AF	997
Q9JJW5	AF	264
Q9JJY4	AF	825
Q9JJZ5	AF	550
Q9JK54	AF	188
Q9JK81	AF	380
Q9JKB1	AF	230
Q9JKD8	AF	530
Q9JKN5	AF	260
Q9JL61	AF	658
Q9JLI6-2	AF	283
Q9JLI6	AF	432
Q9JLI8-2	AF	401
Q9JLI8	AF	962
Q9JLQ0	AF	637
Q9JLR5	AF	209
Q9JM58	AF	425
Q9JM90-2	AF	127
Q9JM90	AF	297
Q9JUU9	AF	291
Q9JV26	AF	383
Q9JWI7	AF	592
Q9JXE3	AF	291
Q9JXU9	AF	436
Q9K1N8	AF	522
Q9K8G8	AF	880
Q9K9K5	AF	491
Q9KC05	AF	104
Q9KKJ5	AF	708
Q9KLN2	AF	151
Q9KPQ9	AF	296
Q9KRA6	AF	233
Q9KTK8	AF	483
Q9KV01	AF	118
Q9KVG6	AF	584
Q9KWW7	AF	673
Q9KY04	AF	669
Q9KY07	AF	363
Q9L1E4	AF	204
Q9L1I4	AF	942
Q9L268	AF	137
Q9L4P2	AF	273
Q9LAB5	AF	175
Q9LCC0	AF	762
Q9LCU3	AF	276
Q9LD95	AF	547
Q9LDE1	AF	323
Q9LDE2	AF	279
Q9LDE4	AF	244
Q9LDH1	AF	151
Q9LDM2	AF	307
Q9LDX1	AF	625
Q9LEZ9	AF	242
Q9LF10	AF	720
Q9LFF1	AF	754
Q9LFM6	AF	602
Q9LH42	AF	312
Q9LHJ2	AF	461
Q9LHN9	AF	605
Q9LI64	AF	163
Q9LIL5	AF	523
Q9LIR6	AF	575
Q9LJ04	AF	490
Q9LJ64	AF	956
Q9LJ98	AF	148
Q9LJR2	AF	271
Q9LK39	AF	722
Q9LK73	AF	462
Q9LKA5	AF	395
Q9LKF9	AF	739
Q9LM15	AF	261
Q9LM59	AF	599
Q9LM84	AF	211
Q9LME6-2	AF	425
Q9LMK5	AF	160
Q9LMN4	AF	97
Q9LMT0	AF	391
Q9LPL4	AF	360
Q9LPP4	AF	128
Q9LPW3	AF	450
Q9LQ10	AF	557
Q9LQ12	AF	542
Q9LQB0	AF	401
Q9LQF0	AF	341
Q9LQX5-2	AF	280
Q9LQX5	AF	359
Q9LRB0	AF	763
Q9LRS0	AF	367
Q9LRW4	AF	377
Q9LRY0	AF	189
Q9LRZ3	AF	641
Q9LSQ3	AF	297
Q9LT25	AF	835
Q9LT31	AF	520
Q9LT57	AF	491
Q9LTI5	AF	610
Q9LTK0	AF	191
Q9LTS6	AF	135
Q9LTY1	AF	726
Q9LTY6	AF	465
Q9LU39	AF	317
Q9LUJ5	AF	293
Q9LUS7	AF	138
Q9LV58	AF	148
Q9LV77	AF	578
Q9LVA0	AF	446
Q9LVJ1	AF	777
Q9LVJ3	AF	709
Q9LVN0	AF	750
Q9LVQ0	AF	317
Q9LW31	AF	313
Q9LX34	AF	95
Q9LX73	AF	804
Q9LXD8	AF	224
Q9LXF2	AF	548
Q9LXI8	AF	67
Q9LXR9-2	AF	343
Q9LXS6	AF	514
Q9LXU0	AF	80
Q9LXX5	AF	262
Q9LYC1	AF	358
Q9LYE3	AF	650
Q9LYP5	AF	613
Q9LYT2	AF	583
Q9LYT7	AF	253
Q9LYW9	AF	482
Q9LYZ0	AF	632
Q9LZG0	AF	345
Q9LZM1	AF	453
Q9LZP8	AF	146
Q9LZP9	AF	131
Q9LZW2	AF	270
Q9M0A7	AF	250
Q9M0K4	AF	283
Q9M0U7	AF	309
Q9M117	AF	132
Q9M128	AF	315
Q9M1K0	AF	258
Q9M1S3	AF	261
Q9M1T7	AF	393
Q9M316	AF	766
Q9M427	AF	406
Q9M8L5	AF	464
Q9M8Y9	AF	202
Q9M8Z7	AF	637
Q9M995	AF	627
Q9M9L6	AF	211
Q9M9S3	AF	263
Q9M9X9	AF	987
Q9MA15-2	AF	569
Q9MA17	AF	371
Q9MA55	AF	668
Q9MA75	AF	341
Q9MAC9	AF	377
Q9MAL9	AF	195
Q9MAQ0	AF	610
Q9MBA3	AF	599
Q9MSA0	AF	68
Q9MUP8	AF	890
Q9MV48	AF	515
Q9N0N3-2	AF	433
Q9N0T2	AF	127
Q9N2H9	AF	193
Q9N2W5-2	AF	193
Q9N2W5	AF	301
Q9N390	AF	71
Q9N3S2	AF	627
Q9N425	AF	501
Q9N4Z0	AF	433
Q9N593	AF	788
Q9NA80	AF	642
Q9NAD6	AF	706
Q9NAL4-2	AF	664
Q9NB31-2	AF	495
Q9NBL2	AF	543
Q9NIP6	AF	151
Q9NL40	AF	761
Q9NP97-2	AF	47
Q9NP97	AF	96
Q9NPA3	AF	183
Q9NPH9	AF	171
Q9NPI8	AF	374
Q9NQ29-2	AF	325
Q9NQ55-2	AF	460
Q9NQ87	AF	328
Q9NQ92	AF	184
Q9NQE9	AF	182
Q9NQG5	AF	326
Q9NQG7-2	AF	528
Q9NQG7-4	AF	721
Q9NQZ3-2	AF	613
Q9NR21-1	AF	331
Q9NR21-2	AF	257
Q9NR21-5	AF	239
Q9NR64	AF	748
Q9NRG0	AF	131
Q9NRN5-2	AF	386
Q9NRN5-3	AF	287
Q9NRV9	AF	189
Q9NRX2	AF	175
Q9NRY2-2	AF	44
Q9NRY2	AF	104
Q9NRZ9-8	AF	315
Q9NRZ9-9	AF	129
Q9NSE2	AF	258
Q9NUZ1-3	AF	279
Q9NV23	AF	265
Q9NV56	AF	204
Q9NVD3-2	AF	129
Q9NVD3-3	AF	416
Q9NVD3-4	AF	307
Q9NVE4	AF	849
Q9NVF9-3	AF	345
Q9NVM9-2	AF	605
Q9NVQ4-2	AF	213
Q9NVR7-2	AF	461
Q9NWH7-2	AF	472
Q9NWM0-3	AF	190
Q9NWM0-5	AF	389
Q9NWM0	AF	555
Q9NWT8	AF	199
Q9NWU2	AF	228
Q9NWU5-2	AF	120
Q9NWU5	AF	206
Q9NWV8-2	AF	184
Q9NWV8-3	AF	171
Q9NWV8	AF	329
Q9NWY4	AF	346
Q9NX24	AF	153
Q9NX38	AF	181
Q9NX45-2	AF	225
Q9NX45	AF	425
Q9NX74	AF	493
Q9NXD2-2	AF	451
Q9NXD2-3	AF	218
Q9NXG2	AF	353
Q9NXJ5-2	AF	132
Q9NXJ5	AF	209
Q9NXR5-2	AF	220
Q9NXR5	AF	420
Q9NXZ2-2	AF	195
Q9NXZ2	AF	648
Q9NY27	AF	417
Q9NY93-2	AF	507
Q9NYB9-3	AF	401
Q9NYB9-4	AF	507
Q9NYJ1	AF	87
Q9NYK5	AF	338
Q9NYP8	AF	219
Q9NYY1-2	AF	151
Q9NYY8-2	AF	648
Q9NYZ3	AF	739
Q9NZC4-2	AF	277
Q9NZD2	AF	209
Q9NZE8-2	AF	170
Q9NZI5-2	AF	429
Q9NZI5-3	AF	511
Q9NZL9-3	AF	259
Q9NZL9-5	AF	83
Q9NZT2-2	AF	657
Q9P000-2	AF	156
Q9P000	AF	198
Q9P013	AF	229
Q9P0K7-2	AF	983
Q9P0M2	AF	348
Q9P0M9	AF	148
Q9P0P8	AF	240
Q9P0R6	AF	139
Q9P0V9-3	AF	431
Q9P0W8-3	AF	458
Q9P1T7-1	AF	355
Q9P1T7	AF	246
Q9P1U1-2	AF	330
Q9P1U1-3	AF	348
Q9P209-2	AF	193
Q9P209	AF	647
Q9P2B4	AF	639
Q9P2M1	AF	347
Q9P2N2-3	AF	545
Q9P2Y5-2	AF	327
Q9P2Y5	AF	699
Q9P3W5	AF	868
Q9P6H9	AF	504
Q9P6Q0	AF	112
Q9P7E8	AF	857
Q9P7J1	AF	465
Q9P7S1	AF	996
Q9P7V9	AF	585
Q9P7Y9	AF	665
Q9P805	AF	127
Q9P979	AF	281
Q9PDM3	AF	255
Q9PHE9	AF	401
Q9PJW3	AF	332
Q9PL60	AF	601
Q9PLY2	AF	77
Q9PQ74	AF	969
Q9PQ75	AF	289
Q9PR55	AF	89
Q9PR82	AF	158
Q9PU29	AF	130
Q9PWD6	AF	289
Q9QUM9	AF	246
Q9QXG9	AF	341
Q9QXN1	AF	397
Q9QXP4	AF	560
Q9QXT6	AF	180
Q9QXU7-2	AF	107
Q9QY15-2	AF	369
Q9QY15	AF	484
Q9QYJ3	AF	340
Q9QYY1	AF	156
Q9QYZ4	AF	484
Q9QZS5-2	AF	338
Q9R078	AF	270
Q9R088	AF	270
Q9R1T3	AF	306
Q9RCG0	AF	429
Q9RHD7	AF	422
Q9RI12	AF	732
Q9RJ50	AF	422
Q9RL50	AF	56
Q9RLB8	AF	768
Q9RMT4	AF	291
Q9RRH3	AF	668
Q9RT63	AF	715
Q9RUL6	AF	209
Q9RZA4	AF	755
Q9S7C9	AF	311
Q9S7N2	AF	391
Q9S7Q2	AF	862
Q9S9P0	AF	990
Q9S9V9	AF	449
Q9S9Z2	AF	365
Q9SA49	AF	147
Q9SAD7	AF	549
Q9SAH7	AF	302
Q9SAJ5	AF	780
Q9SB00-2	AF	490
Q9SB37	AF	201
Q9SB47-2	AF	290
Q9SB92	AF	292
Q9SBL6	AF	401
Q9SCP5	AF	490
Q9SCP7	AF	359
Q9SDG8	AF	904
Q9SE35	AF	265
Q9SEU7	AF	173
Q9SEU8	AF	186
Q9SF32	AF	454
Q9SF36	AF	726
Q9SFZ3	AF	453
Q9SGN6	AF	612
Q9SGS2	AF	338
Q9SGU9	AF	441
Q9SGY2	AF	423
Q9SHV7-2	AF	845
Q9SI52	AF	650
Q9SIB4	AF	244
Q9SIM9	AF	693
Q9SIS3-2	AF	567
Q9SJF1	AF	589
Q9SJF3	AF	367
Q9SJG8	AF	843
Q9SJJ3	AF	584
Q9SJM3	AF	949
Q9SJX7-2	AF	432
Q9SJZ6	AF	219
Q9SK55	AF	275
Q9SKE2-3	AF	496
Q9SLB7	AF	245
Q9SLC6	AF	752
Q9SLF7	AF	115
Q9SLP9	AF	765
Q9SMY8	AF	990
Q9SN74	AF	240
Q9SNB4	AF	323
Q9SND4	AF	231
Q9SND6	AF	342
Q9SP02	AF	204
Q9SPG2-2	AF	287
Q9SPG2	AF	366
Q9SPG9	AF	214
Q9SPL4	AF	666
Q9SQI8	AF	480
Q9SQX9-2	AF	446
Q9SRG3	AF	508
Q9SRK5	AF	282
Q9SRM5	AF	256
Q9SRQ6	AF	523
Q9SS04	AF	459
Q9SSP5	AF	516
Q9STE7	AF	847
Q9STS6	AF	328
Q9STT1	AF	531
Q9STV4	AF	445
Q9STX3	AF	151
Q9SU25-2	AF	543
Q9SU29	AF	873
Q9SU30	AF	413
Q9SU33	AF	177
Q9SU72-2	AF	515
Q9SU91-2	AF	334
Q9SUA1	AF	763
Q9SUC3	AF	434
Q9SUP6	AF	324
Q9SV15-2	AF	324
Q9SV55	AF	425
Q9SV72	AF	102
Q9SVP6	AF	317
Q9SVQ1	AF	415
Q9SVY5	AF	351
Q9SW95	AF	638
Q9SX27	AF	452
Q9SX62	AF	558
Q9SX99	AF	261
Q9SXE9-2	AF	117
Q9SXE9	AF	152
Q9SXJ6	AF	309
Q9SY73	AF	242
Q9SYF0	AF	376
Q9SYJ4	AF	876
Q9SYK9	AF	453
Q9SYL6-2	AF	347
Q9SYM5	AF	669
Q9SZA7	AF	816
Q9SZP1	AF	282
Q9SZQ5	AF	321
Q9SZU7	AF	270
Q9T039	AF	127
Q9T041	AF	864
Q9T048	AF	985
Q9T0E4	AF	396
Q9T0N8	AF	534
Q9TSZ0	AF	477
Q9TTA5	AF	940
Q9TU66	AF	240
Q9TUG2	AF	730
Q9TV70	AF	329
Q9TVX3	AF	61
Q9TYV5-2	AF	411
Q9TYV5	AF	664
Q9TZ70	AF	205
Q9U178	AF	361
Q9U1M9	AF	920
Q9U1N6	AF	521
Q9U256	AF	174
Q9U2H1	AF	353
Q9U2I0-7	AF	428
Q9U2M5	AF	405
Q9U389-2	AF	388
Q9U6A9	AF	655
Q9U6M0	AF	409
Q9U6Y8	AF	225
Q9UAD0	AF	59
Q9UAS6	AF	700
Q9UBB4-2	AF	411
Q9UBC1	AF	381
Q9UBC7-2	AF	49
Q9UBC7	AF	116
Q9UBI1	AF	195
Q9UBS0-2	AF	154
Q9UBS0	AF	482
Q9UBS3	AF	223
Q9UBU2	AF	259
Q9UBU8-2	AF	323
Q9UBU8-3	AF	235
Q9UBX0	AF	185
Q9UD71-2	AF	168
Q9UDY8-2	AF	813
Q9UER7	AF	740
Q9UEW8-2	AF	526
Q9UF12	AF	460
Q9UF56-3	AF	303
Q9UF56	AF	701
Q9UFE4-2	AF	755
Q9UFW8	AF	167
Q9UGJ0-3	AF	525
Q9UGM5-2	AF	345
Q9UHA7	AF	158
Q9UHG2	AF	260
Q9UHP9	AF	88
Q9UHQ1-3	AF	408
Q9UHR5-2	AF	292
Q9UIK4	AF	370
Q9UIL4-2	AF	332
Q9UJ04	AF	414
Q9UJX2-2	AF	151
Q9UJY1	AF	196
Q9UK85	AF	242
Q9UK96-2	AF	481
Q9UK96	AF	956
Q9UKA8-3	AF	173
Q9UKA8-4	AF	115
Q9UKA8-5	AF	183
Q9UKA8-6	AF	116
Q9UKA8	AF	241
Q9UKB3-2	AF	107
Q9UKB3	AF	198
Q9UKN8	AF	822
Q9UKT8-2	AF	389
Q9UKU7-2	AF	288
Q9UKZ1	AF	510
Q9UL46	AF	239
Q9UL63-2	AF	528
Q9UL63	AF	735
Q9ULC4-3	AF	182
Q9ULR0	AF	285
Q9UM13	AF	185
Q9UMR3	AF	447
Q9UN81	AF	338
Q9UN86-2	AF	449
Q9UNF1-2	AF	588
Q9UPR6-2	AF	70
Q9UPR6-3	AF	366
Q9UPR6	AF	939
Q9UQQ2	AF	575
Q9URV0	AF	274
Q9URY1	AF	672
Q9US60	AF	554
Q9USH9	AF	822
Q9USK0	AF	640
Q9USK5	AF	252
Q9USL3	AF	973
Q9USM3	AF	418
Q9USQ1	AF	960
Q9USQ2	AF	832
Q9USS2	AF	872
Q9USU8	AF	551
Q9UT04	AF	547
Q9UT23	AF	834
Q9UT40	AF	247
Q9UTL6	AF	225
Q9UTR7	AF	952
Q9UTS6	AF	111
Q9UUC6	AF	97
Q9UV63	AF	751
Q9UWF6	AF	605
Q9UWR2	AF	479
Q9UWU1	AF	134
Q9UYV8	AF	262
Q9V0Y3	AF	183
Q9V1B2	AF	427
Q9V345	AF	407
Q9V359	AF	210
Q9V3B4	AF	239
Q9V3C1	AF	178
Q9V3J8	AF	361
Q9V439	AF	143
Q9V452	AF	140
Q9V4Q8	AF	265
Q9V778	AF	631
Q9V780	AF	849
Q9V7N5-2	AF	388
Q9V7N5	AF	836
Q9V7P1	AF	506
Q9V895	AF	261
Q9V8W3	AF	511
Q9V8Y9	AF	134
Q9VA37	AF	187
Q9VAC8	AF	472
Q9VAP2	AF	654
Q9VBC7	AF	654
Q9VBW6	AF	678
Q9VCE1	AF	422
Q9VCI3-3	AF	405
Q9VCN9	AF	743
Q9VCR6	AF	608
Q9VDC6	AF	879
Q9VDG1	AF	80
Q9VEA5	AF	139
Q9VEC3	AF	648
Q9VER6	AF	628
Q9VET0	AF	102
Q9VFP2	AF	829
Q9VG08	AF	452
Q9VGE3	AF	459
Q9VGE8	AF	289
Q9VGP2	AF	581
Q9VGY6-2	AF	289
Q9VGY6	AF	784
Q9VH89	AF	857
Q9VHB0	AF	874
Q9VHN9	AF	826
Q9VIP0	AF	602
Q9VJ29	AF	921
Q9VJ33	AF	84
Q9VJ90	AF	665
Q9VJS7	AF	141
Q9VJY9-3	AF	383
Q9VJZ7	AF	687
Q9VK41	AF	655
Q9VK71	AF	893
Q9VKU7	AF	650
Q9VKV5	AF	319
Q9VL14-2	AF	117
Q9VL14-3	AF	93
Q9VLK4	AF	116
Q9VLR5	AF	110
Q9VM92	AF	756
Q9VMG0	AF	216
Q9VN93-2	AF	475
Q9VN93	AF	614
Q9VNA8	AF	568
Q9VNH1	AF	300
Q9VNH6	AF	985
Q9VNS0	AF	459
Q9VPC0	AF	952
Q9VPW1	AF	854
Q9VQB6	AF	971
Q9VRN3	AF	225
Q9VS46	AF	724
Q9VSF2	AF	993
Q9VT51	AF	137
Q9VTU0	AF	855
Q9VUB4	AF	610
Q9VUR0	AF	607
Q9VVR2	AF	539
Q9VVW5-2	AF	241
Q9VWF4	AF	387
Q9VXA0	AF	412
Q9VYA0	AF	787
Q9VYX7	AF	203
Q9VZ09	AF	189
Q9VZM7	AF	631
Q9W020	AF	854
Q9W0K0-2	AF	483
Q9W0K7	AF	977
Q9W0S8-2	AF	150
Q9W123	AF	495
Q9W157	AF	971
Q9W192	AF	587
Q9W1I9	AF	455
Q9W1V1	AF	690
Q9W2M2-3	AF	515
Q9W2S3	AF	722
Q9W2W5	AF	505
Q9W328	AF	313
Q9W349	AF	826
Q9W3C7	AF	314
Q9W3W5	AF	456
Q9W3Y5	AF	736
Q9WTJ6-2	AF	295
Q9WTJ6	AF	475
Q9WTK0	AF	80
Q9WTV6	AF	368
Q9WV25-2	AF	547
Q9WV72	AF	525
Q9WVF8	AF	110
Q9WVG9-2	AF	466
Q9WVH6	AF	509
Q9WVL2	AF	923
Q9WVL7	AF	167
Q9WVM3	AF	565
Q9WVM8	AF	425
Q9WVR8-2	AF	555
Q9WYG1	AF	280
Q9WZP2	AF	265
Q9X315	AF	435
Q9XB61	AF	503
Q9XDP2	AF	598
Q9XE58	AF	769
Q9XGI7	AF	317
Q9XHM1	AF	935
Q9XI19	AF	328
Q9XI21	AF	594
Q9XI84	AF	482
Q9XIA9	AF	665
Q9XID5	AF	657
Q9XIL9	AF	727
Q9XJ35	AF	387
Q9XSV9	AF	132
Q9XTA5	AF	823
Q9XTM1	AF	710
Q9XUC2	AF	252
Q9XVI2-2	AF	239
Q9XVI2-3	AF	678
Q9XW13	AF	507
Q9XW17	AF	340
Q9XWH0	AF	343
Q9XWI6-2	AF	193
Q9XWI6	AF	725
Q9XWP6	AF	770
Q9XWV7	AF	143
Q9XYP8	AF	917
Q9XYR5	AF	76
Q9XZC8	AF	697
Q9XZH7	AF	580
Q9XZT7	AF	146
Q9Y091-2	AF	412
Q9Y091	AF	536
Q9Y0X6	AF	200
Q9Y149	AF	749
Q9Y1B2	AF	257
Q9Y215	AF	455
Q9Y294	AF	204
Q9Y2B5	AF	631
Q9Y2D8-2	AF	560
Q9Y2G2-2	AF	286
Q9Y2G2-3	AF	392
Q9Y2G2-6	AF	70
Q9Y2G2-7	AF	427
Q9Y2G2	AF	537
Q9Y2J4-4	AF	837
Q9Y2Q3-3	AF	214
Q9Y2Q9	AF	187
Q9Y2R2-5	AF	179
Q9Y2T1	AF	843
Q9Y2U9-2	AF	249
Q9Y2U9	AF	406
Q9Y2Z0-2	AF	333
Q9Y316-3	AF	300
Q9Y324	AF	198
Q9Y366	AF	437
Q9Y399	AF	296
Q9Y3C8	AF	167
Q9Y3I1-2	AF	443
Q9Y3L3-2	AF	452
Q9Y3L3	AF	701
Q9Y3R4	AF	380
Q9Y3X0	AF	531
Q9Y421	AF	112
Q9Y450-2	AF	632
Q9Y458-2	AF	400
Q9Y458	AF	520
Q9Y484	AF	360
Q9Y4A8	AF	694
Q9Y4C8	AF	960
Q9Y530	AF	152
Q9Y570-2	AF	199
Q9Y570-3	AF	161
Q9Y570	AF	386
Q9Y572-3	AF	231
Q9Y572	AF	518
Q9Y580	AF	266
Q9Y581	AF	213
Q9Y5A7-2	AF	601
Q9Y5B6-2	AF	815
Q9Y5B6-3	AF	469
Q9Y5L0-1	AF	957
Q9Y5N6	AF	252
Q9Y5Q9-2	AF	413
Q9Y5Q9	AF	886
Q9Y5R8	AF	145
Q9Y5X9-2	AF	354
Q9Y5X9	AF	500
Q9Y5Z4-2	AF	184
Q9Y605	AF	127
Q9Y606-2	AF	399
Q9Y616-2	AF	535
Q9Y620-2	AF	117
Q9Y676	AF	258
Q9Y6B2-2	AF	164
Q9Y6E2-2	AF	201
Q9Y6E2	AF	419
Q9Y6F1	AF	533
Q9Y6J8-2	AF	247
Q9Y6J8-4	AF	217
Q9Y6J8-5	AF	111
Q9Y6N5	AF	450
Q9Y6N9-3	AF	403
Q9Y6N9	AF	552
Q9Y6V7-2	AF	254
Q9Y6V7	AF	483
Q9Y6Y0	AF	642
Q9Y6Y9-2	AF	130
Q9Y738	AF	259
Q9Y794	AF	972
Q9Y7D0	AF	363
Q9Y7D1	AF	413
Q9Y7N0	AF	578
Q9Y7N2	AF	138
Q9Y7Q6	AF	147
Q9Y7R4	AF	920
Q9Y812	AF	120
Q9Y885	AF	357
Q9Y898	AF	518
Q9Y8C2	AF	91
Q9Y8G3	AF	596
Q9YAD5	AF	189
Q9YBY9	AF	270
Q9YFP2	AF	129
Q9YGA7	AF	831
Q9YGN1	AF	520
Q9YGW7	AF	229
Q9YGX0	AF	83
Q9Z0E2	AF	948
Q9Z0I6	AF	378
Q9Z0J7	AF	303
Q9Z0M9	AF	193
Q9Z179	AF	668
Q9Z1M8	AF	557
Q9Z1R3	AF	190
Q9Z1R4	AF	293
Q9Z1Z2	AF	350
Q9Z223-1	AF	170
Q9Z223-3	AF	126
Q9Z2F6	AF	448
Q9Z2H5	AF	879
Q9Z2L9-5	AF	371
Q9Z2S7-2	AF	80
Q9Z2S7-3	AF	201
Q9Z2S7	AF	137
Q9Z327-2	AF	976
Q9Z327-3	AF	692
Q9Z327	AF	931
Q9Z527	AF	160
Q9Z7G4	AF	722
Q9ZCB3	AF	518
Q9ZDL2	AF	338
Q9ZEB4	AF	191
Q9ZFV2	AF	467
Q9ZHG4	AF	842
Q9ZI48	AF	109
Q9ZIB7	AF	521
Q9ZJ19	AF	183
Q9ZJX8	AF	266
Q9ZJY8	AF	334
Q9ZLL4	AF	762
Q9ZPW3-2	AF	335
Q9ZQ47	AF	819
Q9ZQ80	AF	187
Q9ZQP1	AF	337
Q9ZQR2	AF	347
Q9ZT48	AF	632
Q9ZTS1	AF	801
Q9ZU90	AF	292
Q9ZUA3	AF	629
Q9ZUG9	AF	350
Q9ZUL5	AF	763
Q9ZUU1	AF	284
Q9ZUU3	AF	757
Q9ZUX7-2	AF	330
Q9ZUX7	AF	466
Q9ZV08-2	AF	228
Q9ZV08	AF	291
Q9ZVW2	AF	995
Q9ZW06	AF	972
Q9ZWM9	AF	344
Q9ZWS6	AF	186
R4GUQ3	AF	54
R4ZCU1	AF	162
S0F332	AF	148
S5FMM4	AF	369
S5M744	AF	491
S6CWV8	AF	73
S8F0G9	AF	920
U4PCM1-2	AF	604
U4PCM1	AF	809
V5YXI5	AF	335
V6CJ04-2	AF	724
V6F5E5	AF	562
V9GXK1	AF	122
V9HVX0	AF	61
V9QEI7	AF	88
W0TA43	AF	712
W3XA95	AF	281
W5EP13	AF	495
W5U2K2	AF	289
W6QN83	AF	489
W7K139	AF	679
W8CV45	AF	353
X5IFY8	AF	63
X5IFZ1	AF	68
X5JA13	AF	825
