uniprot_id	database	sequence_length
E9P8D2	AF	229
P00738	AF	406
P07602	AF	524
P09466	AF	180
P01591	AF	159
P09668	AF	335
Q9NYP8	AF	219
P01101	AF	380
Q9ESY9	AF	248
Q96QR1	AF	104
O35685	AF	332
P21614	AF	476
P51807	AF	113
P11260	AF	357
Q9U6Y8	AF	225
Q920H1	AF	91
P19338	AF	710
P61279	AF	116
Q08380	AF	585
P10619	AF	480
Q9BYZ8	AF	158
Q9BPZ3	AF	127
Q92688	AF	251
G2XKQ0	AF	101
P04155	AF	84
P52759	AF	137
Q387Y5	AF	751
Q38CE9	AF	796
Q383Q5	AF	209
Q381X9	AF	586
Q381V6	AF	685
Q381V6	AF	819
Q381V1	AF	250
Q381F9	AF	777
Q386M3	AF	862
Q384Y1	AF	929
Q582T2	AF	253
Q580W5	AF	605
Q580W5	AF	938
Q580W5	AF	805
Q580W5	AF	938
Q587E3	AF	735
Q586F4	AF	263
Q57UZ7	AF	550
Q57YS8	AF	650
A0A060KY90	AF	630
A0A060S684	AF	585
A0A067NN74	AF	111
A0A0A7HFE1	AF	758
A0A0C1EFC5	AF	649
A0A0D2Y5A7	AF	457
A0A0F6B5X4	AF	175
A0A0H2VFI8	AF	555
A0A0K0PVW1	AF	472
A0A0P0XB70-2	AF	163
A0A172J1R7	AF	541
A0A178VEK7	AF	300
A0A182BSS0	AF	149
A0A194VNL2	AF	532
A0A1B0GR13	AF	642
A0A1B1J8Z2	AF	397
A0A1B2CTB4	AF	574
A0A1D8PKB4	AF	495
A0A1D8PPK1	AF	407
A0A1S3X835	AF	337
A0A1U8QYA8	AF	611
A0A2I4E5L6	AF	502
A0A2R6QE26	AF	689
A0A2R8Q1W5-3	AF	593
A0A2R8Q1W5	AF	587
A0A384JAD8	AF	523
A0A3L6DPG1	AF	361
A0A423VUD1	AF	578
A0A443HK11	AF	571
A0A5B8X7H4	AF	263
A0A5K7RLP0	AF	589
A0A6N3IN21	AF	329
A0A7G6KN55	AF	61
A0A8B0RBM2	AF	555
A0A8D0I1K1	AF	554
A0AI95	AF	305
A0AIS5	AF	191
A0AJ40	AF	343
A0AJY7	AF	89
A0AK49	AF	436
A0ALW9	AF	102
A0AYH4	AF	445
A0JMQ0	AF	777
A0JN62-2	AF	936
A0JN62	AF	987
A0JUT1	AF	603
A0JXT8	AF	119
A0JYZ6	AF	97
A0K3N7	AF	179
A0K6X6	AF	132
A0KB03	AF	406
A0KEG8	AF	496
A0KFU8	AF	877
A0KMD1	AF	268
A0KQ96	AF	701
A0KR50	AF	716
A0KR60	AF	318
A0KSX4	AF	124
A0L5Z1	AF	59
A0L7X0	AF	487
A0L900	AF	547
A0LCZ4	AF	86
A0LJ00	AF	418
A0LV54	AF	275
A0LXZ7	AF	871
A0LY87	AF	150
A0M572	AF	181
A0M5D4	AF	949
A0PPL7	AF	160
A0PQ31	AF	414
A0PQC4	AF	945
A0PRV0	AF	310
A0PTH3	AF	320
A0PU04	AF	423
A0PXA4	AF	417
A0PXB6	AF	324
A0PXV7	AF	105
A0PYB2	AF	621
A0PYZ1	AF	665
A0Q2N3	AF	287
A0Q593	AF	640
A0Q7N3	AF	565
A0Q7Y1	AF	163
A0QEW1	AF	998
A0QF47	AF	520
A0QSG3	AF	132
A0QSH5	AF	304
A0QTK2	AF	228
A0QU58	AF	368
A0QUA1	AF	526
A0QV42	AF	113
A0QYC2	AF	260
A0R4M9	AF	503
A0R8L3	AF	130
A0REB7	AF	298
A0RLG5	AF	74
A0RPK6	AF	63
A0RQC0	AF	189
A0SVK0	AF	291
A0T0K7	AF	107
A0ZZ72	AF	135
A0ZZM2	AF	213
A0ZZS8	AF	229
A1A1N2	AF	264
A1A1U9	AF	427
A1A2C2	AF	127
A1A2H6	AF	391
A1A2L6	AF	258
A1A4J7-2	AF	954
A1A4R1	AF	129
A1A8R7	AF	860
A1AJP2	AF	343
A1ALW6	AF	208
A1ATI1	AF	245
A1ATL4	AF	479
A1AXP2	AF	51
A1AXS9	AF	401
A1B4Z2	AF	217
A1B853	AF	313
A1BJY3	AF	512
A1CNV8	AF	826
A1CQG2	AF	815
A1CRM1	AF	754
A1CTZ6	AF	935
A1CZ18	AF	812
A1EA45	AF	123
A1JIG3	AF	387
A1JJD5	AF	635
A1JMT1	AF	151
A1JRK0	AF	150
A1JTL6	AF	454
A1K1B4	AF	480
A1K3J8	AF	695
A1K5A6	AF	242
A1K7I0	AF	277
A1KA92	AF	320
A1KAH5	AF	873
A1KB18	AF	89
A1KEM4	AF	152
A1KGG3	AF	156
A1KJP4	AF	941
A1KMP2	AF	128
A1KPC9	AF	151
A1KTL1	AF	91
A1KV41	AF	177
A1KW08	AF	687
A1KW52	AF	544
A1KWE0	AF	900
A1R7G2	AF	117
A1R8M1	AF	537
A1R8P8	AF	323
A1REC8	AF	130
A1RFJ9	AF	144
A1RGG0	AF	205
A1RGP1	AF	350
A1RGU0	AF	156
A1RJG1	AF	95
A1RJQ2	AF	334
A1RPD7	AF	310
A1S242	AF	206
A1S2D4	AF	57
A1S3Z0	AF	83
A1S477	AF	236
A1S547	AF	174
A1S8K1	AF	270
A1S8L2	AF	379
A1SHH9	AF	357
A1SHV9	AF	848
A1SJA7	AF	360
A1SMB6	AF	102
A1SV89	AF	363
A1SW96	AF	690
A1T520	AF	350
A1T7G4	AF	518
A1TDH1	AF	143
A1TJ03	AF	157
A1TRI4	AF	709
A1TXW9	AF	313
A1TYU8	AF	561
A1TZ54	AF	218
A1TZV5	AF	92
A1U374	AF	196
A1U5I2	AF	90
A1UBQ6	AF	61
A1UEC0	AF	227
A1UER5	AF	192
A1UFP1	AF	261
A1UHA0	AF	290
A1USM1	AF	137
A1UU77	AF	88
A1V051	AF	142
A1V1L0	AF	427
A1V6J4	AF	84
A1V878	AF	207
A1V890	AF	101
A1V8G8	AF	218
A1V8H4	AF	251
A1VEC0	AF	156
A1VL83	AF	464
A1W057	AF	125
A1W428	AF	216
A1W4B9	AF	436
A1W4G1	AF	208
A1WSF1	AF	421
A1WZI8	AF	148
A1YGK9	AF	100
A1YKT1	AF	433
A1Z9S1	AF	147
A1ZBY1-3	AF	702
A2AEY4	AF	876
A2AG06-2	AF	909
A2AGX3	AF	565
A2AHG0-3	AF	591
A2AHG0	AF	700
A2AI05-3	AF	466
A2AI05	AF	598
A2AJB1	AF	534
A2AJT9-2	AF	682
A2AJT9-3	AF	625
A2BIX4	AF	292
A2BPL5	AF	147
A2BSS0	AF	307
A2BTH0	AF	347
A2BUH2	AF	402
A2BUN8	AF	433
A2BUP7	AF	517
A2BXM3	AF	510
A2C409	AF	426
A2C5S6	AF	679
A2C9U0	AF	878
A2Q5W1	AF	268
A2QI77	AF	801
A2R0B5	AF	440
A2R702	AF	138
A2R797	AF	793
A2RK24	AF	401
A2RNK1	AF	763
A2RRH5-4	AF	895
A2RRH5	AF	827
A2RV06	AF	624
A2S7K0	AF	133
A2SAW7	AF	891
A2SDN9	AF	163
A2SES9	AF	117
A2SG95	AF	534
A2SHB1	AF	446
A2SIX7	AF	293
A2SKU2	AF	214
A2T331	AF	100
A2VD33	AF	831
A2VE39	AF	835
A2XKG2	AF	472
A2YFR6	AF	968
A2YMV6	AF	704
A3AGM4	AF	152
A3BH85	AF	728
A3BK75	AF	482
A3CLN5	AF	450
A3CMU9	AF	279
A3CU65	AF	415
A3CWX7	AF	585
A3D0G0	AF	416
A3D481	AF	334
A3D4A9	AF	95
A3D574	AF	174
A3DE08	AF	312
A3DJJ6	AF	72
A3DMF7	AF	121
A3GGB4	AF	839
A3KGV1-2	AF	806
A3KGV1-3	AF	825
A3KGV1-4	AF	826
A3KGV1-5	AF	652
A3KGV1-6	AF	638
A3KGV1-7	AF	610
A3KGV1	AF	830
A3KQH2	AF	346
A3LQ01	AF	647
A3LSN3	AF	741
A3LY92	AF	497
A3M658	AF	242
A3M6Q6	AF	148
A3M795	AF	357
A3M8A0	AF	103
A3M8T4	AF	623
A3M8W8	AF	184
A3MAE3	AF	246
A3MKU3	AF	246
A3MP59	AF	142
A3MQ23	AF	249
A3MRU2	AF	232
A3MSF6	AF	94
A3N048	AF	269
A3N2D9	AF	451
A3N2F7	AF	166
A3N2L0	AF	461
A3N2R5	AF	101
A3NAZ3	AF	469
A3NB64	AF	891
A3NC95	AF	243
A3NDS2	AF	578
A3NER1	AF	473
A3NX26	AF	367
A3NYC8	AF	101
A3P0C8	AF	232
A3PA84	AF	528
A3PEZ9	AF	156
A3PF46	AF	210
A3PF64	AF	989
A3PGM8	AF	187
A3PP56	AF	147
A3PVC2	AF	219
A3PVQ7	AF	540
A3Q0D7	AF	100
A3Q146	AF	382
A3Q4B8	AF	313
A3Q981	AF	103
A3Q9C7	AF	261
A3Q9V2	AF	581
A3QDZ8	AF	95
A3QEP7	AF	592
A3QGV3	AF	209
A4D161	AF	298
A4FBF8	AF	148
A4FW91	AF	159
A4G352	AF	283
A4G3W7	AF	431
A4G7Y7	AF	453
A4GDR9	AF	134
A4GDS9	AF	134
A4GDU0	AF	134
A4II46-2	AF	870
A4IKB1	AF	94
A4IQR5	AF	149
A4IQV4	AF	448
A4IXU1	AF	813
A4IZB5	AF	287
A4IZU4	AF	249
A4J108	AF	692
A4J138	AF	208
A4J3F5	AF	284
A4J898	AF	314
A4JA71	AF	372
A4JAR3	AF	121
A4JBC2	AF	578
A4JCH1	AF	360
A4JM71	AF	328
A4Q998	AF	353
A4QLX0	AF	135
A4QNW7	AF	377
A4QX49	AF	825
A4RK80	AF	674
A4SIV8	AF	173
A4SK35	AF	489
A4SK64	AF	362
A4SM83	AF	362
A4SR75	AF	955
A4ST06	AF	210
A4STS7	AF	119
A4SUV8	AF	700
A4SXD4	AF	196
A4SYU1	AF	355
A4T011	AF	294
A4T9W6	AF	307
A4TB65	AF	615
A4TEB7	AF	138
A4TH21	AF	429
A4THG8	AF	284
A4TNE3	AF	94
A4TPM9	AF	346
A4TQB3	AF	968
A4TQU9	AF	476
A4TRP1	AF	635
A4TS32	AF	234
A4VHN5	AF	110
A4VHN8	AF	63
A4VHP2	AF	179
A4VJR9	AF	900
A4VSH7	AF	127
A4VT25	AF	445
A4W691	AF	529
A4W8C2	AF	673
A4W8V0	AF	400
A4WBC7	AF	418
A4WDH8	AF	197
A4WFL3	AF	431
A4WQD6	AF	470
A4WVX3	AF	408
A4X4C9	AF	195
A4XK62	AF	787
A4XLK2	AF	141
A4XLR2	AF	147
A4XQN4	AF	421
A4XWU3	AF	899
A4Y198	AF	630
A4Y1A9	AF	689
A4Y1B0	AF	301
A4Y1B6	AF	716
A4YAM5	AF	218
A4YIL8	AF	566
A4YWG4	AF	317
A5CSZ4	AF	944
A5CX05	AF	365
A5CXX6	AF	815
A5D3C3	AF	154
A5D7C1	AF	596
A5DIP0	AF	547
A5DLR3	AF	914
A5E406	AF	770
A5E8G8	AF	625
A5E964	AF	378
A5EDA7	AF	345
A5EVG5	AF	258
A5EXS3	AF	426
A5EY93	AF	200
A5F2T4	AF	264
A5F3G1	AF	422
A5F3L5	AF	653
A5F465	AF	723
A5F546	AF	274
A5F5B4	AF	419
A5F9G1	AF	341
A5FIR0	AF	437
A5FRN4	AF	413
A5FZC1	AF	556
A5FZW5	AF	227
A5G029	AF	225
A5G6A4	AF	69
A5G7R3	AF	128
A5G8G3	AF	301
A5G962	AF	352
A5G9J7	AF	346
A5GAW5	AF	211
A5GL71	AF	878
A5GTA8	AF	301
A5GTK8	AF	307
A5GW13	AF	691
A5GWT1	AF	359
A5HXP7	AF	448
A5I768	AF	478
A5I7I7	AF	146
A5I815	AF	625
A5IAB4	AF	310
A5IAT1	AF	618
A5IAV2	AF	160
A5IIK7	AF	440
A5IJW7	AF	141
A5IKK4	AF	672
A5IQA1	AF	693
A5IT93	AF	463
A5ITC3	AF	268
A5IUS3	AF	176
A5IYV3	AF	258
A5LHX3	AF	300
A5N0V1	AF	418
A5N3V4	AF	230
A5N4Q2	AF	111
A5N5D7	AF	544
A5N827	AF	258
A5PF62	AF	675
A5TYB2	AF	969
A5TZ77	AF	625
A5U2C3	AF	301
A5U6N7	AF	185
A5U7Y3	AF	207
A5UBT4	AF	151
A5UEZ1	AF	117
A5UFQ1	AF	314
A5UGV2	AF	109
A5UH49	AF	149
A5UHC0	AF	156
A5UHT9	AF	85
A5UHU1	AF	123
A5UIK7	AF	424
A5UJW5	AF	224
A5USF9	AF	146
A5UWC5	AF	249
A5V0S2	AF	544
A5V5Y8	AF	131
A5V883	AF	199
A5VIN9	AF	410
A5VJH2	AF	461
A5VLG3	AF	490
A5VP50	AF	200
A5VQV8	AF	155
A5VSE9	AF	877
A5VV55	AF	511
A5VX72	AF	197
A5VXL5	AF	277
A5VY49	AF	92
A5VZ54	AF	421
A5VZJ1	AF	188
A5W140	AF	171
A5W717	AF	60
A5WB00	AF	78
A5WGY8	AF	739
A6H0Q2	AF	157
A6H8T2	AF	731
A6KXU8	AF	417
A6KZP0	AF	623
A6L078	AF	304
A6L0Y7	AF	84
A6L3G7	AF	875
A6LCP4	AF	182
A6LDP9	AF	358
A6LEJ3	AF	708
A6LJ40	AF	564
A6LK89	AF	60
A6LSV5	AF	795
A6LSX2	AF	499
A6LTP1	AF	599
A6LTR5	AF	119
A6M229	AF	339
A6M2Y4	AF	304
A6NC57-2	AF	639
A6NFD8	AF	242
A6NFN3-2	AF	325
A6NI28	AF	874
A6NIH7	AF	251
A6NMB9	AF	653
A6NNA2	AF	597
A6P6V9	AF	544
A6P6W1	AF	545
A6Q4L2	AF	163
A6QHK6	AF	448
A6QJ93	AF	102
A6QLD2	AF	759
A6QP29	AF	925
A6QQV6	AF	695
A6R603	AF	442
A6RC73	AF	243
A6RHT9	AF	440
A6RMY2	AF	296
A6RSP5	AF	475
A6S9V4	AF	885
A6SUD4	AF	221
A6SZP0	AF	156
A6T4J7	AF	968
A6T561	AF	417
A6TBG6	AF	213
A6TEB3	AF	98
A6TEW2	AF	123
A6TF50	AF	658
A6TGC1	AF	444
A6TGE3	AF	258
A6TGN9	AF	121
A6TL31	AF	570
A6TLR3	AF	510
A6TSX0	AF	507
A6U143	AF	62
A6U2W8	AF	429
A6U850	AF	125
A6U8M9	AF	585
A6UF72	AF	67
A6UTK4	AF	456
A6UWL8	AF	344
A6VBA6	AF	142
A6VH11	AF	179
A6VK86	AF	455
A6VMB8	AF	860
A6VQP2	AF	152
A6VSP6	AF	188
A6VV10	AF	445
A6VXD2	AF	200
A6VYC5	AF	331
A6W0S5	AF	674
A6WSF1	AF	416
A6WU05	AF	206
A6WUK0	AF	206
A6WVR5	AF	206
A6WY76	AF	346
A6X3A0	AF	527
A6YGA1	AF	115
A6ZPJ1	AF	765
A6ZQG7	AF	855
A6ZVR0	AF	99
A6ZX64	AF	654
A7DTF0	AF	337
A7DY56	AF	273
A7FCR5	AF	567
A7FDU0	AF	182
A7FFG0	AF	281
A7FKY8	AF	233
A7FLE8	AF	156
A7FM96	AF	968
A7FNM9	AF	232
A7FPP5	AF	813
A7FUL0	AF	932
A7FZB0	AF	557
A7FZD1	AF	159
A7GD74	AF	157
A7GDQ5	AF	242
A7GGE1	AF	206
A7GGL3	AF	461
A7GHH6	AF	623
A7GHT9	AF	197
A7GJ85	AF	229
A7GJF6	AF	257
A7GJT0	AF	424
A7GK23	AF	276
A7GK30	AF	122
A7GKK3	AF	485
A7GSN7	AF	447
A7GU98	AF	478
A7GUA1	AF	645
A7GX27	AF	452
A7GYH0	AF	194
A7GYS1	AF	474
A7GZ44	AF	86
A7GZ81	AF	821
A7H2V3	AF	431
A7H4T6	AF	312
A7H724	AF	249
A7HAD3	AF	547
A7HBM0	AF	97
A7HM55	AF	691
A7HPK8	AF	66
A7HST0	AF	333
A7HTY3	AF	355
A7HWQ8	AF	691
A7HX41	AF	141
A7INH1	AF	153
A7LXS8	AF	747
A7MBD1	AF	525
A7MFI9	AF	432
A7MGD2	AF	259
A7MHB0	AF	81
A7MJ67	AF	471
A7MJB9	AF	142
A7MKS3	AF	689
A7MMG7	AF	269
A7MMW3	AF	629
A7MNS2	AF	419
A7MP70	AF	292
A7MPR2	AF	483
A7MU26	AF	517
A7N1I9	AF	245
A7NI71	AF	218
A7NLR3	AF	938
A7S2N8	AF	790
A7SCE5	AF	85
A7TIN6	AF	810
A7TJK8	AF	872
A7WM73	AF	541
A7X1N1	AF	467
A7XGN8	AF	910
A7Y3I1	AF	337
A7YW45	AF	637
A7Z235	AF	513
A7Z4G9	AF	304
A7ZD34	AF	427
A7ZGB4	AF	280
A7ZHS0	AF	151
A7ZIN1	AF	109
A7ZP32	AF	548
A7ZPV7	AF	424
A7ZRX6	AF	470
A7ZU51	AF	729
A7ZUI5	AF	366
A7ZYL1	AF	427
A8A2B9	AF	200
A8A5P0	AF	431
A8A9U3	AF	441
A8ACL6	AF	119
A8AD93	AF	208
A8ADX8	AF	419
A8AJ02	AF	161
A8AV42	AF	89
A8AX12	AF	66
A8AXN4	AF	237
A8EWV5	AF	260
A8EX12	AF	185
A8EX98	AF	189
A8F0A0	AF	209
A8F164	AF	891
A8F2E8	AF	105
A8F2R3	AF	317
A8F5H5	AF	478
A8F754	AF	199
A8F972	AF	166
A8FBU5	AF	163
A8FD38	AF	317
A8FD80	AF	466
A8FKU4	AF	608
A8FMV1	AF	600
A8FMZ1	AF	208
A8FQY1	AF	549
A8FUW6	AF	595
A8FW35	AF	95
A8FYU6	AF	424
A8G1D8	AF	122
A8G1E9	AF	103
A8G1X6	AF	632
A8G2N2	AF	365
A8G2U2	AF	201
A8G910	AF	89
A8GB71	AF	245
A8GDA2	AF	420
A8GFQ3	AF	490
A8GIF0	AF	129
A8GIR9	AF	959
A8GM32	AF	295
A8GPD4	AF	118
A8GRQ8	AF	80
A8GRV2	AF	314
A8GS50	AF	338
A8GT57	AF	179
A8GVD9	AF	87
A8GW63	AF	419
A8GYZ5	AF	144
A8H0D3	AF	283
A8H0Q6	AF	219
A8H6B7	AF	314
A8H998	AF	201
A8HQP5	AF	181
A8HTX8	AF	232
A8I266	AF	625
A8I438	AF	440
A8I6A9	AF	537
A8IA58	AF	693
A8IM99	AF	206
A8LE32	AF	64
A8LLK0	AF	232
A8LM50	AF	98
A8LX89	AF	142
A8LYE7	AF	584
A8M543	AF	143
A8M746	AF	995
A8M8F2	AF	141
A8MBK0	AF	512
A8MGL7	AF	410
A8MGN2	AF	172
A8MHU4	AF	790
A8MIB3	AF	305
A8MS68-2	AF	570
A8MS68	AF	623
A8PD13	AF	448
A8W3I5	AF	100
A8WFU8	AF	634
A8WT19	AF	935
A8X4H1	AF	904
A8YTF1	AF	170
A8YYU7	AF	159
A8Z066	AF	459
A8Z245	AF	242
A8ZRY3	AF	418
A8ZVD2	AF	259
A8ZWU1	AF	173
A8ZZ71	AF	116
A9A135	AF	636
A9A413	AF	222
A9A428	AF	207
A9AC51	AF	499
A9AH01	AF	79
A9AJ18	AF	503
A9AW39	AF	552
A9B543	AF	414
A9BAE4	AF	872
A9BDD8	AF	606
A9BDJ2	AF	363
A9BDN4	AF	256
A9BRX2	AF	121
A9C178	AF	130
A9ESS9	AF	65
A9ETZ9	AF	811
A9GBF1	AF	804
A9H3P2	AF	138
A9H3R9	AF	123
A9ILH7	AF	630
A9IMA1	AF	242
A9IYY8	AF	886
A9KD13	AF	63
A9KLU2	AF	454
A9KP49	AF	336
A9KSW9	AF	428
A9L330	AF	962
A9L3D8	AF	360
A9M007	AF	210
A9M845	AF	877
A9MB09	AF	214
A9MDU4	AF	502
A9MFC0	AF	118
A9MHM3	AF	454
A9MHS2	AF	403
A9MLE0	AF	463
A9MMA9	AF	901
A9MMQ2	AF	473
A9MT26	AF	72
A9MYN9	AF	569
A9N0Q5	AF	232
A9N3N1	AF	957
A9N9Z2	AF	564
A9NAH7	AF	372
A9NAL2	AF	174
A9NAY8	AF	63
A9NCN3	AF	859
A9NE65	AF	452
A9NEH3	AF	201
A9QYQ1	AF	548
A9QYY2	AF	323
A9R093	AF	667
A9R2G2	AF	430
A9R2N5	AF	154
A9R385	AF	176
A9R5A3	AF	884
A9R7D6	AF	951
A9R801	AF	424
A9VFG0	AF	190
A9VG56	AF	395
A9VJQ4	AF	312
A9VP73	AF	156
A9VSC7	AF	355
A9VT50	AF	688
A9VTA4	AF	314
A9W4C5	AF	203
A9W5L4	AF	228
A9WQ48	AF	310
A9WX00	AF	152
A9WXF1	AF	305
A9YTQ3-3	AF	715
A9YTQ3	AF	701
B0B818	AF	506
B0B888	AF	183
B0B8A6	AF	153
B0BC75	AF	157
B0BF33	AF	815
B0BPE2	AF	671
B0BRR3	AF	316
B0BSX2	AF	304
B0BUY7	AF	321
B0C432	AF	126
B0CCR3	AF	497
B0CS49	AF	487
B0JHZ5	AF	72
B0JNW9	AF	595
B0JSJ9	AF	67
B0JTP2	AF	108
B0JU70	AF	156
B0JXE2	AF	333
B0K1F7	AF	356
B0K2U1	AF	260
B0K3S3	AF	488
B0K5C5	AF	230
B0KAG0	AF	443
B0KCM6	AF	130
B0KF43	AF	254
B0KFQ2	AF	547
B0KL32	AF	473
B0KMQ6	AF	374
B0KNE3	AF	425
B0KS63	AF	875
B0R2Y4	AF	434
B0REW3	AF	318
B0RRB4	AF	916
B0RVD1	AF	159
B0RXX4	AF	283
B0RZU8	AF	68
B0SA19	AF	172
B0SMB9	AF	92
B0SXB0	AF	268
B0T2C9	AF	146
B0T2D6	AF	132
B0TA56	AF	148
B0TIW9	AF	609
B0TLI8	AF	490
B0TQB8	AF	271
B0TR28	AF	416
B0TR44	AF	859
B0TSG5	AF	966
B0TW44	AF	204
B0TWR4	AF	143
B0TX08	AF	172
B0U0Z3	AF	124
B0U399	AF	188
B0U3K6	AF	167
B0U5X8	AF	122
B0UD12	AF	435
B0UP55	AF	237
B0URM0	AF	966
B0US68	AF	476
B0UVJ6	AF	434
B0UWR4	AF	635
B0V2S2	AF	571
B0V6W1	AF	116
B0VD12	AF	253
B0VEJ5	AF	85
B0VR94	AF	151
B0WQG0	AF	723
B0XP71	AF	792
B0XPB8	AF	769
B0YBJ3	AF	766
B1A4F7	AF	776
B1AIN6	AF	121
B1GYY9	AF	177
B1H053	AF	244
B1HMV6	AF	129
B1HMX0	AF	122
B1HPA1	AF	311
B1HPJ4	AF	159
B1HT97	AF	338
B1HTW8	AF	95
B1IA75	AF	211
B1IA80	AF	930
B1ICM9	AF	520
B1IFW3	AF	294
B1IGG3	AF	123
B1II44	AF	87
B1IQP3	AF	312
B1IQT7	AF	103
B1IVB8	AF	457
B1IW01	AF	466
B1IXI9	AF	673
B1IZ53	AF	356
B1IZJ2	AF	382
B1J0M8	AF	336
B1J0S8	AF	316
B1J1W0	AF	276
B1JB25	AF	857
B1JIV0	AF	131
B1JJR1	AF	424
B1JL43	AF	529
B1JLY0	AF	892
B1JUD7	AF	389
B1KDX1	AF	88
B1KNR3	AF	569
B1KP56	AF	556
B1KTH1	AF	159
B1KX43	AF	164
B1L0A0	AF	149
B1L9R3	AF	423
B1LA15	AF	239
B1LBN4	AF	209
B1LC69	AF	757
B1LGT5	AF	283
B1LIW2	AF	517
B1LL68	AF	629
B1LME7	AF	714
B1LPI9	AF	549
B1LUL8	AF	441
B1MGA1	AF	138
B1MGH8	AF	701
B1MH84	AF	216
B1MHH1	AF	446
B1MW28	AF	436
B1MZW0	AF	78
B1N025	AF	865
B1P1G8	AF	86
B1VFZ9	AF	406
B1VGC2	AF	934
B1VMF3	AF	617
B1WRQ9	AF	598
B1WS51	AF	256
B1X6E8	AF	206
B1X9K2	AF	361
B1XAG6	AF	246
B1XAY4	AF	456
B1XDY2	AF	414
B1XHD4	AF	590
B1XJS8	AF	116
B1XJS9	AF	122
B1XT38	AF	580
B1XVN1	AF	248
B1Y3Q1	AF	213
B1Y8C6	AF	105
B1Y8G2	AF	437
B1YDP0	AF	296
B1YGX8	AF	123
B1YI68	AF	566
B1YJ02	AF	235
B1YK03	AF	64
B1YW20	AF	446
B1Z987	AF	309
B1Z9X0	AF	488
B1ZNE2	AF	210
B1ZNZ7	AF	212
B2A469	AF	644
B2A4X5	AF	308
B2A5V2	AF	95
B2AG98	AF	404
B2AGC8	AF	393
B2AGT7	AF	205
B2AL40	AF	834
B2B3C0	AF	373
B2D6K9-2	AF	776
B2D6K9	AF	778
B2D6P4	AF	508
B2FIA9	AF	268
B2FJ58	AF	712
B2FQ45	AF	216
B2G5I8	AF	297
B2G5S0	AF	227
B2G8W4	AF	132
B2GB72	AF	143
B2HI05	AF	550
B2HP60	AF	312
B2HTH6	AF	119
B2HVN5	AF	377
B2I4T1	AF	343
B2I726	AF	892
B2I7D4	AF	547
B2ICU4	AF	548
B2IK65	AF	279
B2IK80	AF	64
B2IM97	AF	200
B2IME4	AF	930
B2IN60	AF	60
B2J7T9	AF	871
B2JDV2	AF	267
B2JZF3	AF	466
B2K2P8	AF	209
B2K5N7	AF	124
B2K6Z1	AF	187
B2K755	AF	78
B2K7E5	AF	137
B2K8E3	AF	192
B2K906	AF	323
B2KC86	AF	341
B2KDK9	AF	556
B2KE60	AF	293
B2KEM8	AF	159
B2KJ30	AF	78
B2RIE4	AF	311
B2RU33	AF	542
B2RZJ4	AF	218
B2S0J0	AF	84
B2S100	AF	228
B2S1E1	AF	861
B2S1K1	AF	245
B2S1V1	AF	464
B2S2D1	AF	154
B2S3P7	AF	150
B2S513	AF	438
B2S7K3	AF	59
B2S801	AF	169
B2SEE2	AF	359
B2SEK8	AF	269
B2SF23	AF	525
B2SH45	AF	455
B2SHW2	AF	431
B2SJF5	AF	241
B2SPN6	AF	480
B2STJ5	AF	439
B2SUB8	AF	210
B2SYJ7	AF	521
B2T740	AF	102
B2TJ31	AF	238
B2TNB5	AF	663
B2TV25	AF	548
B2TVS0	AF	190
B2TXF7	AF	610
B2TXQ2	AF	237
B2TZC9	AF	366
B2TZV6	AF	283
B2U0T0	AF	219
B2U1F8	AF	946
B2U3T3	AF	367
B2U523	AF	213
B2U7W2	AF	328
B2UT36	AF	451
B2UY12	AF	156
B2V1T2	AF	147
B2V693	AF	763
B2V855	AF	485
B2VF77	AF	213
B2VG77	AF	355
B2VG94	AF	167
B2VJ55	AF	230
B2VK60	AF	92
B2VK63	AF	201
B3CNB5	AF	637
B3CT31	AF	90
B3CTT8	AF	164
B3E159	AF	141
B3E610	AF	376
B3EE24	AF	418
B3EE36	AF	481
B3EER6	AF	188
B3EL44	AF	624
B3ER84	AF	342
B3EUD6	AF	103
B3F211	AF	265
B3GY37	AF	591
B3H1A1	AF	188
B3H2Q1	AF	205
B3KU38	AF	563
B3LT39	AF	761
B3MJV4	AF	939
B3NY19	AF	781
B3PIT8	AF	638
B3PM27	AF	230
B3Q0T5	AF	321
B3Q7K1	AF	186
B3QBV6	AF	129
B3QBW7	AF	101
B3QKL9	AF	514
B3QKT6	AF	311
B3QQ93	AF	237
B3QTC8	AF	420
B3QY29	AF	120
B3QYR1	AF	503
B3R474	AF	176
B3R794	AF	256
B3W9M6	AF	243
B4E5C1	AF	206
B4E7L2	AF	132
B4E7Y8	AF	299
B4EBE8	AF	275
B4EU12	AF	357
B4EUD8	AF	236
B4EVR6	AF	420
B4EX28	AF	147
B4EY76	AF	237
B4F0U5	AF	466
B4F1J5	AF	104
B4F2B2	AF	209
B4F2D3	AF	241
B4F2M5	AF	143
B4HND9	AF	680
B4IX08	AF	609
B4IXG1	AF	434
B4J045	AF	624
B4R8N0	AF	101
B4RC79	AF	938
B4RMH7	AF	150
B4S5A2	AF	203
B4S9B2	AF	160
B4S9K2	AF	290
B4SCR5	AF	627
B4SDT6	AF	525
B4SE11	AF	72
B4SLI5	AF	328
B4SSQ6	AF	641
B4SUJ5	AF	432
B4SWD9	AF	252
B4SWQ9	AF	156
B4SZ85	AF	729
B4T332	AF	213
B4T4I7	AF	108
B4T945	AF	689
B4TD75	AF	345
B4TDC8	AF	417
B4TEN5	AF	306
B4TGE2	AF	492
B4TI37	AF	223
B4TI52	AF	947
B4TJV7	AF	293
B4TK47	AF	185
B4TR83	AF	525
B4TXR9	AF	890
B4TXT8	AF	284
B4U0V8	AF	156
B4U161	AF	185
B4U741	AF	692
B4U744	AF	232
B4UGB5	AF	707
B4UHG0	AF	946
B4UJ61	AF	524
B4UMB8	AF	314
B4XSZ2	AF	156
B5BAQ2	AF	572
B5BAX0	AF	616
B5BB18	AF	237
B5BBS0	AF	234
B5BDB5	AF	156
B5BG21	AF	71
B5BH22	AF	457
B5BHG7	AF	256
B5BI08	AF	159
B5BL11	AF	529
B5BL82	AF	426
B5E7B2	AF	109
B5EFY8	AF	288
B5EX25	AF	111
B5EZH8	AF	660
B5F173	AF	208
B5F1Q2	AF	165
B5F3I0	AF	577
B5F4F0	AF	570
B5F7I9	AF	447
B5FAX3	AF	422
B5FBR6	AF	661
B5FBX4	AF	284
B5FCB2	AF	208
B5FE24	AF	172
B5FFP4	AF	93
B5FG57	AF	93
B5FHT6	AF	947
B5FHU4	AF	71
B5FJ14	AF	890
B5FP65	AF	673
B5FU93	AF	644
B5KL34	AF	83
B5KRF6	AF	440
B5QZ45	AF	71
B5QZL6	AF	245
B5R0N7	AF	618
B5R1S7	AF	125
B5R2J0	AF	529
B5R5B9	AF	382
B5R7T6	AF	202
B5RD96	AF	160
B5RE14	AF	957
B5RLG8	AF	576
B5RM50	AF	132
B5X4Z4	AF	613
B5XJ55	AF	146
B5XNB1	AF	59
B5XNB5	AF	206
B5XY84	AF	95
B5XYX5	AF	246
B5XYZ0	AF	499
B5Y0U3	AF	432
B5Y7R3	AF	143
B5YDX5	AF	245
B5YGE0	AF	199
B5YH80	AF	226
B5YHC0	AF	258
B5YLD0	AF	66
B5YQ32	AF	447
B5Z1R2	AF	195
B5Z9P0	AF	620
B5Z9P1	AF	191
B5ZB96	AF	421
B5ZBT9	AF	472
B5ZC90	AF	133
B5ZMF2	AF	585
B5ZNS9	AF	541
B5ZP79	AF	204
B5ZV40	AF	876
B5ZYC6	AF	527
B5ZYU5	AF	122
B5ZYV3	AF	69
B6DCQ8	AF	115
B6EIA0	AF	155
B6EMQ9	AF	652
B6EN03	AF	160
B6ENF7	AF	526
B6EPR5	AF	124
B6EUA9-2	AF	926
B6HZE1	AF	890
B6I3R9	AF	142
B6I579	AF	525
B6I8M3	AF	190
B6I9Q8	AF	565
B6J167	AF	145
B6J1E8	AF	672
B6J5K1	AF	316
B6JAR2	AF	201
B6JDF7	AF	429
B6JKN5	AF	430
B6JKT9	AF	307
B6JPA5	AF	276
B6QL24	AF	792
B7GJ74	AF	144
B7GQV7	AF	372
B7GVJ5	AF	252
B7GW26	AF	208
B7H924	AF	393
B7HCU1	AF	188
B7HHT6	AF	266
B7HN36	AF	247
B7HQM1	AF	429
B7HQX0	AF	129
B7HU66	AF	434
B7I0B6	AF	246
B7IA17	AF	118
B7IEZ6	AF	188
B7IIT0	AF	350
B7IKW0	AF	270
B7IT30	AF	103
B7IT31	AF	179
B7J0M3	AF	176
B7J0M8	AF	193
B7J0N3	AF	188
B7J0W4	AF	243
B7J2K5	AF	545
B7J7X9	AF	634
B7JCV9	AF	496
B7JFZ3	AF	209
B7JGP1	AF	413
B7JHS6	AF	112
B7JM33	AF	130
B7JMU9	AF	491
B7JVH4	AF	399
B7JW76	AF	455
B7K1S0	AF	452
B7KF17	AF	155
B7KIR5	AF	131
B7KUK7	AF	696
B7KVW3	AF	250
B7KZ48	AF	437
B7L4L1	AF	704
B7L7R3	AF	336
B7LAN4	AF	548
B7LBI5	AF	183
B7LBJ5	AF	714
B7LEG9	AF	475
B7LHA4	AF	572
B7LK90	AF	483
B7LLS5	AF	548
B7LMX3	AF	470
B7LQ47	AF	447
B7LRS7	AF	84
B7LSE0	AF	477
B7LX87	AF	88
B7M143	AF	247
B7M1C4	AF	118
B7M1P1	AF	704
B7M340	AF	119
B7M5F7	AF	213
B7M5S7	AF	419
B7M6Q8	AF	321
B7M6Y0	AF	161
B7MAC9	AF	946
B7MB89	AF	890
B7MCT6	AF	103
B7MDP4	AF	901
B7MHW9	AF	237
B7MIB7	AF	152
B7MIZ2	AF	529
B7MJ81	AF	78
B7MYD5	AF	525
B7N0X6	AF	704
B7N203	AF	303
B7N2U6	AF	72
B7N582	AF	492
B7NDT7	AF	92
B7NDU2	AF	103
B7NE41	AF	657
B7NFR9	AF	316
B7NGG7	AF	183
B7NL23	AF	288
B7NM20	AF	172
B7NRL8	AF	242
B7NUG6	AF	407
B7NV33	AF	251
B7NVX7	AF	229
B7R4L8	AF	811
B7UGZ1	AF	417
B7UH56	AF	255
B7UJW2	AF	130
B7UK33	AF	104
B7UKY6	AF	244
B7ULJ1	AF	55
B7V486	AF	401
B7V6T4	AF	950
B7V8C3	AF	211
B7VIC2	AF	969
B7VII5	AF	214
B7VJZ6	AF	445
B7VK29	AF	82
B7VMJ2	AF	450
B7VPB2	AF	313
B7VPF6	AF	98
B7VSY8	AF	277
B7ZBB8	AF	358
B8AL33	AF	463
B8CW21	AF	250
B8D6T6	AF	548
B8D7R3	AF	119
B8D7V9	AF	802
B8D852	AF	702
B8D8J3	AF	525
B8D8J8	AF	165
B8D8K8	AF	403
B8D981	AF	417
B8D9A3	AF	427
B8DFT0	AF	414
B8DGL7	AF	110
B8DN99	AF	276
B8DRR9	AF	353
B8DT03	AF	258
B8DUB2	AF	256
B8E324	AF	464
B8E3R3	AF	716
B8E7G0	AF	221
B8E968	AF	486
B8E9M8	AF	130
B8E9N8	AF	75
B8EBK1	AF	92
B8EBP2	AF	176
B8EBT5	AF	369
B8EDR6	AF	163
B8EDX3	AF	281
B8EET7	AF	428
B8ELG7	AF	156
B8EM84	AF	256
B8F5T7	AF	126
B8F6D3	AF	53
B8F6K8	AF	416
B8G0I9	AF	148
B8G1Y2	AF	122
B8G6Q8	AF	179
B8G711	AF	189
B8GNA4	AF	483
B8GVF3	AF	366
B8H086	AF	473
B8H4E0	AF	250
B8H7L9	AF	674
B8HMQ8	AF	92
B8HY03	AF	542
B8I7Z1	AF	180
B8IEL6	AF	105
B8MR69	AF	931
B8MYV0	AF	797
B8NLN6	AF	819
B8YEK4	AF	587
B8ZPA3	AF	123
B8ZPU4	AF	272
B8ZRB0	AF	377
B8ZTJ5	AF	177
B9DJJ6	AF	396
B9DM42	AF	117
B9DNQ4	AF	185
B9DPQ3	AF	175
B9DRZ6	AF	303
B9DSN2	AF	210
B9DSP2	AF	189
B9DVG5	AF	479
B9DVS2	AF	692
B9DXT9	AF	426
B9DY74	AF	463
B9E1Z5	AF	202
B9E5Q7	AF	341
B9IVA1	AF	686
B9IXC9	AF	345
B9IYX5	AF	591
B9IZI2	AF	230
B9IZJ7	AF	276
B9J054	AF	786
B9J0A0	AF	324
B9J4V7	AF	131
B9J7X6	AF	498
B9JG45	AF	303
B9JJD7	AF	86
B9JV46	AF	876
B9JWI2	AF	954
B9JXE6	AF	585
B9K7M6	AF	813
B9KCU7	AF	213
B9KFP0	AF	132
B9KGF3	AF	319
B9KIN8	AF	247
B9KJ53	AF	174
B9KKM5	AF	188
B9KM14	AF	519
B9KQC8	AF	349
B9KYX4	AF	241
B9L987	AF	280
B9LB04	AF	966
B9LKK8	AF	419
B9LKS0	AF	443
B9LRF2	AF	416
B9M2Y9	AF	104
B9M5C5	AF	216
B9M6G3	AF	179
B9MB76	AF	274
B9MBW2	AF	330
B9MEQ6	AF	285
B9MG14	AF	202
B9MN06	AF	325
B9MQS8	AF	201
B9W923	AF	847
C0HJI4	AF	51
C0HJP2	AF	838
C0HJP6	AF	907
C0HJQ4	AF	61
C0HKE2	AF	130
C0HKF6	AF	70
C0HL66	AF	136
C0HLG7	AF	999
C0HLH6	AF	979
C0HM54	AF	539
C0M7R0	AF	264
C0M8N3	AF	833
C0M9J7	AF	679
C0MBD6	AF	512
C0MCB5	AF	114
C0MEX9	AF	295
C0MGV8	AF	316
C0NQU6	AF	716
C0PY89	AF	91
C0PZK2	AF	419
C0Q3N4	AF	397
C0Q5T6	AF	373
C0QRI3	AF	140
C0QT45	AF	142
C0QTL6	AF	151
C0R594	AF	182
C0R5B1	AF	605
C0R5H8	AF	520
C0RGK0	AF	934
C0RJJ0	AF	103
C0Z2L5	AF	173
C0ZAG9	AF	454
C0ZCB6	AF	437
C0ZZF3	AF	403
C1A383	AF	299
C1A4A9	AF	819
C1A611	AF	342
C1A7K7	AF	435
C1A8L8	AF	543
C1AH22	AF	495
C1APA9	AF	941
C1AQZ3	AF	415
C1BY38	AF	87
C1C7H6	AF	446
C1CAF1	AF	77
C1CB69	AF	130
C1CBX9	AF	155
C1CC09	AF	277
C1CCT8	AF	930
C1CES2	AF	591
C1CHW2	AF	515
C1CI34	AF	77
C1CIS8	AF	255
C1CJM5	AF	239
C1CK57	AF	155
C1CL80	AF	427
C1CLE8	AF	520
C1CMI5	AF	189
C1CP97	AF	86
C1CR74	AF	556
C1CSA6	AF	239
C1CSX0	AF	436
C1CVF4	AF	811
C1CXG3	AF	277
C1CXS0	AF	465
C1D4P9	AF	619
C1DAG4	AF	258
C1DAS2	AF	109
C1DBU8	AF	366
C1DFK9	AF	836
C1DRR5	AF	92
C1ES77	AF	562
C1F4G5	AF	444
C1FS59	AF	688
C1FTF1	AF	413
C1KZG6	AF	132
C1L0D6	AF	238
C1L0J4	AF	208
C3KE67	AF	140
C3KUT7	AF	407
C3KX34	AF	666
C3L0Q0	AF	217
C3L3J6	AF	104
C3L822	AF	892
C3LAU3	AF	955
C3LJX2	AF	120
C3LJX7	AF	145
C3LPX0	AF	311
C3LW14	AF	436
C3MAW0	AF	206
C3MB73	AF	286
C3MBC0	AF	107
C3MBC2	AF	245
C3MCN8	AF	189
C3MPG3	AF	266
C3MPS2	AF	633
C3MZR9	AF	426
C3P1G4	AF	209
C3P5M6	AF	185
C3P9Q6	AF	207
C3PEE7	AF	415
C3PN02	AF	890
C3PP72	AF	547
C4K1D4	AF	201
C4K437	AF	267
C4K5W3	AF	324
C4L5I7	AF	317
C4LBQ0	AF	360
C4LBV3	AF	121
C4LC88	AF	268
C4LL47	AF	120
C4NF91	AF	405
C4XIH0	AF	470
C4XS37	AF	773
C4XS54	AF	697
C4XSN6	AF	196
C4Z4L9	AF	459
C4Z4T8	AF	317
C4ZPY3	AF	968
C4ZRP7	AF	426
C4ZTY2	AF	644
C4ZU97	AF	660
C4ZUJ8	AF	95
C4ZW19	AF	81
C4ZY73	AF	309
C4ZYH8	AF	118
C5A0R4	AF	366
C5A1H0	AF	570
C5A1V0	AF	334
C5B748	AF	130
C5B7A2	AF	293
C5B965	AF	477
C5BDG8	AF	484
C5BF77	AF	131
C5BHI4	AF	529
C5BMZ8	AF	570
C5BNY8	AF	961
C5BQB5	AF	373
C5BRP4	AF	217
C5BTP7	AF	391
C5BZY7	AF	378
C5C0H6	AF	179
C5C0K9	AF	143
C5CCI2	AF	214
C5CKF2	AF	125
C5CP56	AF	104
C5CRW8	AF	968
C5CTL8	AF	885
C5D2V1	AF	374
C5D373	AF	210
C5D5V2	AF	319
C5DMP2	AF	747
C5G168	AF	423
C5M2G0	AF	714
C5MBA7	AF	824
C5WPC2	AF	464
C6A117	AF	138
C6A161	AF	86
C6BRV2	AF	160
C6BVJ9	AF	412
C6BVR1	AF	155
C6C1A2	AF	163
C6C9K0	AF	313
C6DCQ1	AF	82
C6DF16	AF	257
C6DF65	AF	429
C6DF72	AF	245
C6DFP4	AF	549
C6DG74	AF	209
C6DG94	AF	72
C6DIJ6	AF	98
C6DJF8	AF	499
C6DKE8	AF	488
C6E2B1	AF	429
C6E2T1	AF	435
C6E3M5	AF	155
C6E4K5	AF	280
C6HQ17	AF	711
C6KRN1-2	AF	224
C6KRN1-3	AF	226
C6KRN1	AF	245
C8VDT4	AF	639
C8VQY7	AF	205
C8Z9U3	AF	465
C9YHW1	AF	902
D0TZF0	AF	803
D0ZLR9	AF	932
D1AZF3	AF	162
D1D8L6	AF	440
D2S6D9	AF	593
D2Y1Z8	AF	83
D2Y254	AF	113
D2Y2N7	AF	87
D2Y2Q5	AF	88
D3DKC4	AF	427
D3Z8X7	AF	922
D3ZD05	AF	847
D4ANV2	AF	643
D4CZ60	AF	400
D4Q9Z4	AF	495
D8QTR2	AF	488
D8VPP5	AF	364
D9PVP5	AF	224
E1C213	AF	986
E1WGN1	AF	70
E2IUA9	AF	765
E2JFG2	AF	730
E4QP00	AF	531
E6ZBE2	AF	78
E7F1H9	AF	613
E7F7X0	AF	670
E7FFX1	AF	844
E7NIP0	AF	465
E9PYY5-4	AF	349
E9Q5C9	AF	702
E9Q5K9-2	AF	728
E9Q5K9-3	AF	710
E9Q5K9	AF	736
E9Q6X9	AF	672
E9Q7M2	AF	769
E9Q9F7	AF	977
E9QG33	AF	754
F1LMN3-2	AF	871
F1LMN3	AF	860
F1LQX4-2	AF	808
F1LQX4-3	AF	770
F1LQX4	AF	814
F1M7L9	AF	814
F1Q8W0	AF	835
F4HVA6-3	AF	497
F4HVA6-4	AF	476
F4HVA6-5	AF	428
F4HVA6-6	AF	476
F4HVA6	AF	527
F4HXU3	AF	142
F4ID16	AF	997
F4JEP5	AF	807
F4JHA2	AF	884
F4JI44	AF	913
F4JMJ1	AF	867
F4JRB0	AF	363
F4JWP9	AF	973
F4K2R6	AF	563
F4K4J0	AF	819
F4KEC6	AF	701
F4KFT7	AF	617
F4KGQ0	AF	393
F5CEP0	AF	68
F5GUE5	AF	331
F6U5F9	AF	953
F6Z5C0-2	AF	953
F8G0P1	AF	496
F8J2F2	AF	88
G0LFB0	AF	432
G2K046	AF	613
G2K048	AF	345
G2X6P0	AF	805
G2XKQ0	AF	101
G3FIN8	AF	483
G3V7L5	AF	412
G4MWB1	AF	353
G4MYV5	AF	650
G4RES5	AF	306
G5EBX6	AF	876
G5EE07	AF	287
G5EEM9-2	AF	779
G5EEM9-3	AF	777
G5EEM9-4	AF	753
G5EEM9-5	AF	765
G5EEM9-6	AF	668
G5EEM9	AF	840
G5EFF7-2	AF	484
G5EFF7-3	AF	454
G5EFF7	AF	502
G5EGD2-4	AF	665
G5EGD2-5	AF	711
G5EGD2	AF	719
H2KZ86-2	AF	359
H2KZ86	AF	444
H2L056-2	AF	608
H2L056-3	AF	514
H2L056-4	AF	234
H2L056-5	AF	519
H9XP47	AF	251
I3PLQ6	AF	356
I6XHJ3	AF	407
I6YG32	AF	158
J4KQS2	AF	587
J5JCC9	AF	388
J5JLF2	AF	576
J8HQ06	AF	494
K7WCC7	AF	760
M4IRL6	AF	544
M4IS90	AF	607
M9MS50	AF	869
N1PZ58	AF	611
O00214-2	AF	359
O00214	AF	317
O00232	AF	456
O00295	AF	520
O00308-2	AF	754
O00308	AF	870
O00409	AF	490
O00716	AF	465
O01498	AF	457
O01739	AF	383
O02668	AF	935
O04130-2	AF	651
O04376	AF	499
O04492	AF	419
O04547	AF	118
O05640	AF	197
O05668	AF	256
O08601-2	AF	909
O08746-2	AF	937
O08756	AF	261
O09012-2	AF	602
O09012	AF	639
O09043	AF	419
O09046-2	AF	638
O09046	AF	630
O13282	AF	643
O13620	AF	833
O13671	AF	967
O13688	AF	522
O13759	AF	632
O13986	AF	789
O14048	AF	427
O14081	AF	944
O14122	AF	734
O14343	AF	883
O14433	AF	423
O14717-2	AF	367
O14717-5	AF	71
O14717	AF	391
O14893-2	AF	265
O14893-3	AF	250
O14893-5	AF	269
O14979-2	AF	301
O15083	AF	957
O15178-2	AF	377
O15178	AF	435
O15217	AF	222
O15232	AF	486
O15259-2	AF	677
O15259-3	AF	614
O15259	AF	732
O15265-3	AF	747
O15265	AF	892
O15405	AF	576
O15519-11	AF	462
O15519-12	AF	292
O15519-14	AF	435
O15519-15	AF	384
O15519-2	AF	221
O15519-5	AF	449
O15519-6	AF	442
O15519-7	AF	348
O15519-8	AF	445
O15519-9	AF	270
O16109	AF	614
O16580	AF	523
O16850-1	AF	517
O16850-2	AF	530
O16850-3	AF	510
O16850-4	AF	508
O16850-5	AF	487
O16850-6	AF	303
O16850-7	AF	324
O16883	AF	782
O17071	AF	406
O18381	AF	857
O19892	AF	317
O22137	AF	613
O22264	AF	371
O22286	AF	408
O22607	AF	507
O23179	AF	414
O23212-3	AF	565
O23212	AF	573
O23240	AF	559
O23266	AF	612
O23614	AF	515
O23617	AF	862
O24600	AF	993
O24629	AF	502
O24654	AF	273
O24735	AF	552
O24970	AF	240
O25916	AF	488
O26066	AF	999
O29048	AF	407
O29874	AF	183
O31662	AF	353
O32148	AF	416
O32982	AF	230
O34209	AF	895
O35218	AF	782
O35280	AF	476
O35423	AF	414
O35501	AF	679
O35543	AF	199
O35567	AF	592
O35594	AF	676
O35601	AF	819
O35709	AF	589
O35711-2	AF	871
O35711	AF	882
O36023	AF	469
O42226	AF	414
O42896	AF	368
O42958	AF	754
O43051	AF	827
O43133	AF	238
O43143	AF	795
O43182-2	AF	765
O43236-2	AF	459
O43236-3	AF	470
O43236	AF	478
O43272-1	AF	516
O43272-2	AF	492
O43272	AF	600
O43281-2	AF	468
O43281	AF	561
O43293-2	AF	322
O43310-2	AF	600
O43390-3	AF	595
O43390-4	AF	535
O43390	AF	633
O43555-2	AF	112
O43555-3	AF	113
O43598	AF	174
O43660	AF	514
O46028	AF	62
O46390	AF	369
O46678	AF	103
O49289	AF	845
O49595-2	AF	185
O51076-2	AF	127
O51076	AF	122
O52064	AF	631
O52348	AF	119
O52836	AF	639
O53580	AF	637
O53666	AF	611
O53871	AF	403
O54772	AF	531
O54992-2	AF	409
O54992-3	AF	324
O54992-5	AF	471
O55060	AF	240
O57312	AF	135
O58814	AF	293
O59235	AF	570
O60132	AF	821
O60225-2	AF	229
O60237-3	AF	224
O60237-6	AF	1043
O60237	AF	982
O60502-2	AF	849
O60502	AF	916
O60729-2	AF	459
O60729-3	AF	471
O60729-4	AF	485
O60729-5	AF	461
O60888-2	AF	198
O60888-3	AF	156
O61570	AF	70
O62140-3	AF	645
O62140	AF	674
O62415	AF	298
O62479	AF	492
O62589-2	AF	528
O62589	AF	531
O62678	AF	632
O64629	AF	288
O64745	AF	540
O65098	AF	497
O65258	AF	542
O65649	AF	996
O66601	AF	510
O67314	AF	406
O67581	AF	334
O67759	AF	242
O67837	AF	792
O68045	AF	704
O69054	AF	336
O69460	AF	743
O73790	AF	410
O74740	AF	797
O74779	AF	501
O74871	AF	245
O74945	AF	1000
O75143-3	AF	405
O75143-4	AF	401
O75143-5	AF	550
O75143	AF	517
O75190-3	AF	325
O75190	AF	326
O75323	AF	286
O75400-2	AF	930
O75400-3	AF	939
O75426-3	AF	618
O75426	AF	580
O75475-2	AF	333
O75494-3	AF	183
O75494-4	AF	173
O75494-5	AF	165
O75494-6	AF	182
O75494	AF	262
O75570-2	AF	468
O75602-2	AF	458
O75602-3	AF	585
O75602	AF	509
O75618-2	AF	348
O75638	AF	210
O76013	AF	467
O76054-4	AF	392
O76054	AF	403
O76365	AF	373
O78489	AF	735
O80460	AF	82
O80658	AF	545
O80786	AF	727
O80883-2	AF	478
O80883-3	AF	393
O80883	AF	490
O81058	AF	200
O81149	AF	237
O81629	AF	609
O81821	AF	481
O81829	AF	612
O82230	AF	182
O82330	AF	333
O83047	AF	464
O83487	AF	245
O83536	AF	881
O84242	AF	327
O84250	AF	814
O84763	AF	416
O85709	AF	841
O85718	AF	417
O86170	AF	682
O87236	AF	59
O87405	AF	309
O88346-2	AF	261
O88346	AF	262
O88485	AF	628
O88554	AF	559
O88621	AF	401
O88947	AF	481
O89020-3	AF	611
O89093	AF	97
O94277	AF	718
O94429	AF	813
O94441	AF	862
O94810-2	AF	456
O94810-3	AF	446
O94842-2	AF	598
O94842-3	AF	595
O94842	AF	621
O94864	AF	414
O94927	AF	633
O95208-2	AF	584
O95208-3	AF	545
O95236	AF	402
O95238	AF	335
O95260-2	AF	518
O95379-2	AF	190
O95379-3	AF	188
O95379-4	AF	210
O95379	AF	198
O95400	AF	341
O95522	AF	483
O95633	AF	263
O95965-2	AF	353
O95965	AF	494
O95983	AF	291
O96033	AF	88
O96533-2	AF	456
P00367-3	AF	425
P00367	AF	558
P00381	AF	163
P00452	AF	761
P00735	AF	625
P00736	AF	705
P00738	AF	406
P00747	AF	810
P00751	AF	764
P01008	AF	464
P01045-2	AF	434
P01050	AF	65
P01149	AF	165
P01229	AF	141
P01237	AF	226
P01289-3	AF	115
P01289-4	AF	97
P01289	AF	130
P01583	AF	271
P02264	AF	128
P02284	AF	122
P02406	AF	149
P02431	AF	63
P02449	AF	102
P02532	AF	324
P02607-2	AF	151
P02607	AF	151
P02674	AF	966
P02745	AF	245
P02808	AF	62
P02833	AF	378
P03876	AF	854
P04094	AF	269
P04653	AF	214
P04776	AF	495
P04806	AF	485
P04916	AF	201
P04917	AF	179
P05066	AF	565
P05111	AF	366
P05113	AF	134
P05154	AF	406
P05327	AF	484
P05388-2	AF	255
P05388	AF	317
P05408	AF	212
P05451	AF	166
P05511	AF	807
P05524-2	AF	273
P05561	AF	51
P05566	AF	54
P05595	AF	53
P06198	AF	866
P06299	AF	260
P06379	AF	274
P06454	AF	111
P06510	AF	135
P06601	AF	613
P06721	AF	395
P06748-2	AF	265
P06748	AF	294
P06785	AF	304
P07170	AF	222
P07363	AF	654
P07476	AF	585
P07545	AF	253
P07585-2	AF	250
P07585-3	AF	212
P07585	AF	359
P07602-2	AF	526
P07602	AF	524
P07728	AF	499
P07742	AF	792
P07836	AF	376
P07882	AF	612
P07889	AF	103
P07992-2	AF	273
P07992	AF	297
P08182	AF	235
P08286	AF	220
P08432	AF	466
P08504	AF	994
P08651-2	AF	499
P08651-3	AF	430
P08651-5	AF	428
P08651-6	AF	439
P08790	AF	662
P08823	AF	543
P08877	AF	88
P09087	AF	493
P09230	AF	454
P09239	AF	541
P09340	AF	101
P09466-2	AF	158
P09668	AF	335
P09792	AF	211
P09959	AF	803
P0A0N3	AF	188
P0A0U3	AF	104
P0A1H3	AF	704
P0A2S4	AF	127
P0A369	AF	934
P0A3N0	AF	328
P0A4P2	AF	277
P0A4S0	AF	394
P0A521	AF	540
P0A639	AF	234
P0A6C8	AF	258
P0A6F1	AF	382
P0A6G9	AF	207
P0A6Z1	AF	616
P0A778	AF	176
P0A7I6	AF	529
P0A7L4	AF	118
P0A7P4	AF	55
P0A7T1	AF	118
P0A7U3	AF	92
P0A7W1	AF	167
P0A8F8	AF	673
P0A8I1	AF	138
P0A8P8	AF	298
P0A974	AF	69
P0A9H3	AF	715
P0A9J4	AF	303
P0A9Y8	AF	69
P0AA25	AF	109
P0AAI7	AF	413
P0AAI8	AF	413
P0ABH9	AF	758
P0ACE8	AF	119
P0ACH1	AF	92
P0ACP1	AF	334
P0ADI8	AF	188
P0AEL8	AF	210
P0AFB8	AF	469
P0C093	AF	198
P0C0G6	AF	336
P0C124	AF	972
P0C1H3	AF	126
P0C1Z6-2	AF	244
P0C1Z6	AF	253
P0C2T6	AF	314
P0C5I5	AF	85
P0C5K7	AF	136
P0C7L0	AF	485
P0C829	AF	80
P0C8W4	AF	91
P0CB65	AF	574
P0CC03	AF	303
P0CG89	AF	103
P0CI82	AF	94
P0CN42	AF	952
P0CO10	AF	726
P0CO56	AF	356
P0CQ56	AF	292
P0CQ80	AF	625
P0CQ89	AF	738
P0CQ94	AF	948
P0CR09	AF	748
P0CS78	AF	908
P0CS91	AF	655
P0CX46	AF	254
P0CZ23	AF	675
P0DA65	AF	512
P0DB04	AF	311
P0DD97	AF	514
P0DE23	AF	114
P0DG54	AF	618
P0DG56	AF	425
P0DH13	AF	113
P0DH41	AF	598
P0DI81-3	AF	174
P0DKD6	AF	134
P0DL57	AF	89
P0DM85	AF	742
P0DO66	AF	523
P0DO86	AF	363
P0DPK3	AF	275
P0DQV4	AF	85
P0DUM0	AF	700
P10037-2	AF	317
P10037	AF	291
P10146	AF	92
P10184	AF	517
P10484	AF	520
P10619	AF	480
P10749	AF	269
P10809-2	AF	158
P10809	AF	573
P11216	AF	843
P11308-1	AF	462
P11308-6	AF	325
P11308	AF	479
P11598	AF	505
P11632	AF	93
P11759	AF	436
P12048	AF	512
P12256	AF	338
P12272-3	AF	209
P12272	AF	177
P12612	AF	559
P12620-2	AF	274
P12620-3	AF	257
P12620-4	AF	251
P12620	AF	263
P12979	AF	224
P13051	AF	313
P13100	AF	297
P13228	AF	708
P13264	AF	674
P13417	AF	395
P13442	AF	641
P13613	AF	162
P13714	AF	320
P13804	AF	333
P13816	AF	678
P13833	AF	161
P13956	AF	244
P14138-2	AF	224
P14138	AF	238
P14296	AF	702
P14306	AF	219
P14568	AF	412
P14614	AF	500
P14626	AF	111
P14659	AF	633
P14734	AF	510
P14760	AF	178
P15047	AF	248
P15108	AF	705
P15179	AF	658
P15345	AF	954
P15761	AF	92
P15927-2	AF	278
P15927-3	AF	358
P16053	AF	858
P16219	AF	412
P16220-1	AF	341
P16230	AF	852
P16333	AF	377
P16446	AF	271
P17066	AF	643
P17085-2	AF	149
P17085	AF	188
P17096	AF	107
P17158	AF	511
P17210	AF	975
P17707-2	AF	186
P17936-2	AF	297
P17936	AF	291
P18302-2	AF	606
P18302-3	AF	553
P18302	AF	652
P18615-3	AF	387
P18615	AF	380
P18904	AF	232
P19003	AF	63
P19262	AF	463
P19337	AF	249
P19338	AF	710
P19339-10	AF	314
P19339-12	AF	342
P19339-13	AF	322
P19339-2	AF	352
P19339-3	AF	48
P19339-4	AF	366
P19339-5	AF	352
P19339-6	AF	364
P19339-7	AF	346
P19339-8	AF	344
P19339-9	AF	344
P19339	AF	354
P19387	AF	275
P19419	AF	428
P19424	AF	941
P19838-3	AF	788
P19838	AF	968
P19955-2	AF	153
P19970-2	AF	890
P20009	AF	327
P20067	AF	168
P20096	AF	147
P20439-2	AF	524
P20439-3	AF	500
P20480	AF	700
P20711-3	AF	402
P20711	AF	480
P20822-2	AF	385
P21274	AF	394
P21551	AF	369
P21895	AF	231
P22062	AF	227
P22132	AF	375
P22186	AF	152
P22372	AF	936
P22980-2	AF	320
P22980-3	AF	319
P23142-2	AF	566
P23142-3	AF	601
P23142	AF	703
P23246-2	AF	669
P23246	AF	707
P23441	AF	372
P23492	AF	289
P23588	AF	611
P23946	AF	247
P24295	AF	450
P24350-1	AF	368
P24350-3	AF	375
P24350	AF	396
P24388	AF	322
P24562	AF	230
P24750	AF	294
P25032	AF	354
P25037	AF	809
P25038	AF	676
P25241	AF	987
P25294	AF	352
P25429	AF	246
P25941	AF	993
P25976	AF	765
P25991	AF	765
P26465	AF	456
P26599-1	AF	531
P26599-2	AF	550
P26639-2	AF	756
P26639	AF	723
P26686-2	AF	350
P26686-3	AF	329
P26686-5	AF	355
P26686-6	AF	147
P26686	AF	376
P27352	AF	417
P27473	AF	444
P27515	AF	501
P27636	AF	974
P27672	AF	208
P27790	AF	599
P27893	AF	111
P28043	AF	179
P28063	AF	276
P28272	AF	314
P28324	AF	431
P28325	AF	142
P28329-2	AF	666
P28329-3	AF	630
P28462	AF	426
P28812	AF	628
P28999	AF	555
P29030	AF	504
P29120-2	AF	706
P29350-2	AF	556
P29350-4	AF	624
P29350	AF	595
P29457	AF	417
P29958	AF	786
P30050	AF	165
P30110	AF	229
P30260	AF	824
P30283	AF	435
P30307-2	AF	443
P30307-3	AF	430
P30307-4	AF	400
P30438	AF	92
P30767	AF	701
P30863	AF	267
P30870	AF	946
P30924	AF	861
P31361	AF	497
P31441	AF	588
P31685	AF	545
P32115-2	AF	336
P32115	AF	349
P32328	AF	564
P32502	AF	381
P32519	AF	619
P32569	AF	687
P32591	AF	825
P32742-2	AF	754
P32742-3	AF	816
P32742	AF	820
P32749	AF	602
P32904	AF	214
P32917	AF	917
P32961	AF	346
P33075	AF	220
P33416	AF	811
P33568	AF	920
P33893	AF	541
P34183-2	AF	524
P34314-2	AF	960
P34531-2	AF	869
P34531	AF	937
P34535	AF	737
P34547	AF	426
P34552-2	AF	861
P34552-3	AF	846
P34560	AF	226
P34568-2	AF	409
P34568	AF	451
P34619-2	AF	810
P34676	AF	507
P34770	AF	115
P34783	AF	360
P34786	AF	461
P34811	AF	787
P35080-2	AF	140
P35080	AF	140
P35416	AF	640
P35659	AF	375
P35663	AF	651
P35817	AF	686
P36104	AF	329
P36115	AF	615
P36188-2	AF	199
P36188-4	AF	199
P36188-5	AF	208
P36188-6	AF	199
P36188-7	AF	208
P36188-8	AF	199
P36188-9	AF	208
P36188	AF	269
P36362	AF	554
P36576	AF	92
P36578	AF	427
P36626	AF	561
P36776-2	AF	895
P36776-3	AF	763
P36776	AF	959
P36872	AF	499
P36916	AF	607
P36952	AF	375
P36975-3	AF	212
P36980	AF	270
P37107	AF	564
P37237-3	AF	204
P37237	AF	268
P37398	AF	727
P37570	AF	363
P38002	AF	192
P38088-2	AF	667
P38088	AF	690
P38109	AF	508
P38147	AF	527
P38159	AF	391
P38170	AF	754
P38217	AF	918
P38222	AF	552
P38238	AF	310
P38249	AF	964
P38280	AF	609
P38333	AF	483
P38439	AF	464
P38571	AF	399
P38615	AF	370
P38720	AF	489
P38816	AF	342
P38886	AF	268
P39076	AF	527
P39077	AF	534
P39079	AF	546
P39605	AF	249
P39801	AF	195
P39949	AF	411
P40013	AF	344
P40091	AF	420
P40121	AF	348
P40339	AF	323
P40427	AF	376
P40611	AF	835
P40645	AF	827
P40764	AF	332
P40937	AF	340
P41084	AF	699
P41223-2	AF	145
P41227	AF	235
P41367	AF	421
P41778	AF	430
P41812	AF	875
P41896	AF	400
P41916	AF	221
P42331-2	AF	458
P42331-3	AF	638
P42331-4	AF	646
P42331-5	AF	606
P42331-6	AF	639
P42331	AF	645
P42581	AF	356
P42744	AF	540
P42771-4	AF	167
P42774	AF	315
P42775	AF	360
P42831	AF	99
P42898-2	AF	697
P43028	AF	454
P43048	AF	217
P43068	AF	501
P43075	AF	832
P43159	AF	396
P43251-2	AF	545
P43251-4	AF	523
P43251	AF	543
P43487-2	AF	200
P43487	AF	201
P43573	AF	796
P43596	AF	787
P43672	AF	635
P43687	AF	273
P43736	AF	635
P43779	AF	217
P44445	AF	324
P44536	AF	504
P44700	AF	460
P45159	AF	177
P45250	AF	315
P45591	AF	166
P45612	AF	722
P45688	AF	98
P45962-2	AF	135
P45984-3	AF	382
P45984-4	AF	424
P45984	AF	424
P45985-2	AF	410
P46151	AF	657
P46199	AF	727
P46238	AF	514
P46307	AF	800
P46367	AF	519
P46406	AF	333
P46462	AF	806
P46472	AF	433
P46551-2	AF	731
P46551-3	AF	734
P46580	AF	734
P46639	AF	398
P46669	AF	326
P46740	AF	500
P46748	AF	194
P46835	AF	911
P47103	AF	393
P47481	AF	795
P47540	AF	982
P47791-2	AF	474
P47791	AF	500
P47912	AF	694
P47938	AF	107
P48497	AF	257
P48507	AF	274
P48614-2	AF	293
P48614	AF	389
P48728-2	AF	347
P48728-3	AF	359
P48728-4	AF	386
P48728	AF	403
P48729-2	AF	365
P48729	AF	337
P48809	AF	421
P48951	AF	242
P49009	AF	538
P49137	AF	400
P49192	AF	129
P49309	AF	493
P49354-3	AF	341
P49354	AF	379
P49458	AF	86
P49657-3	AF	607
P49704	AF	494
P49747-2	AF	704
P49747	AF	757
P49756-3	AF	300
P49756	AF	843
P49762-2	AF	580
P49762-3	AF	511
P49762-4	AF	2045
P49842-1	AF	368
P49842-3	AF	258
P49863	AF	264
P49970	AF	493
P50528	AF	683
P50548	AF	548
P50747-2	AF	873
P50750	AF	372
P50995	AF	505
P51023-2	AF	636
P51023-3	AF	623
P51023-4	AF	625
P51023	AF	718
P51060	AF	857
P51062	AF	967
P51125-2	AF	769
P51125-3	AF	740
P51125-4	AF	446
P51125-6	AF	773
P51125-7	AF	705
P51405	AF	267
P51617-2	AF	682
P51617-4	AF	633
P51617	AF	712
P51659-3	AF	718
P51659	AF	736
P52013	AF	204
P52027	AF	956
P52031	AF	558
P52157	AF	707
P52164	AF	160
P52208	AF	482
P52244	AF	54
P52272	AF	730
P52293	AF	529
P52306-2	AF	558
P52306-3	AF	559
P52306-4	AF	607
P52306-6	AF	516
P52306	AF	607
P52555	AF	260
P52654-2	AF	363
P52654	AF	366
P52664	AF	300
P52711	AF	516
P52912	AF	386
P52926-3	AF	86
P52926-4	AF	92
P52926-5	AF	103
P52926-6	AF	90
P52926	AF	109
P52979	AF	734
P53075	AF	577
P53267	AF	343
P53298	AF	406
P53341	AF	584
P53397	AF	376
P53430	AF	337
P53438	AF	785
P53455	AF	375
P53532	AF	852
P53566-3	AF	345
P53566	AF	359
P53604	AF	210
P53674	AF	252
P53780-2	AF	449
P53780	AF	464
P53805-2	AF	197
P53923	AF	493
P54114	AF	506
P54150	AF	258
P54234	AF	568
P54253	AF	815
P54256	AF	629
P54277-2	AF	770
P54277-3	AF	893
P54277-4	AF	555
P54352-4	AF	150
P54352-5	AF	171
P54352	AF	518
P54385	AF	562
P54619-3	AF	340
P54619	AF	331
P54659	AF	846
P54687-2	AF	325
P54687-3	AF	349
P54687-4	AF	385
P54687-5	AF	398
P54733	AF	709
P54803-3	AF	662
P54803-4	AF	659
P54803-5	AF	589
P54843-3	AF	380
P54843	AF	370
P54886	AF	795
P54898	AF	871
P55036	AF	377
P55056	AF	127
P55083-2	AF	279
P55102	AF	426
P55165	AF	211
P55210-3	AF	336
P55210-4	AF	278
P55210	AF	303
P55347	AF	436
P55456	AF	546
P55663	AF	402
P55691	AF	663
P55826	AF	537
P55830	AF	268
P55884-2	AF	873
P55884	AF	814
P56060	AF	276
P56105	AF	891
P56179-3	AF	293
P56282-2	AF	501
P56282-3	AF	502
P56282	AF	527
P56477	AF	497
P56581	AF	421
P56859	AF	306
P56894	AF	158
P56898	AF	174
P57455	AF	89
P58005	AF	492
P58063	AF	310
P58285	AF	127
P58340-2	AF	200
P58340-3	AF	299
P58340-4	AF	258
P58340	AF	268
P58694	AF	466
P58775-2	AF	284
P59103	AF	153
P59110	AF	640
P59411	AF	119
P59412	AF	409
P59524	AF	260
P59584	AF	910
P59606	AF	401
P59665	AF	94
P59729	AF	980
P59827	AF	614
P59884	AF	291
P60230	AF	415
P60446	AF	209
P60515	AF	73
P60590	AF	87
P60711	AF	375
P61076-2	AF	541
P61076	AF	617
P61178	AF	110
P61290	AF	254
P61430	AF	856
P61524	AF	403
P61740	AF	335
P61870	AF	305
P61916	AF	151
P61960-2	AF	103
P62037	AF	243
P62088	AF	166
P62215	AF	338
P62244	AF	130
P62269	AF	152
P62423	AF	414
P62438	AF	142
P62495	AF	437
P62654	AF	129
P62850-2	AF	130
P62850-3	AF	131
P62972	AF	167
P63039	AF	573
P63057	AF	478
P63186	AF	587
P63191	AF	208
P63240	AF	753
P63286	AF	857
P63766	AF	538
P63958	AF	79
P64056	AF	346
P64201	AF	475
P64229	AF	625
P64321	AF	700
P64346	AF	217
P64365	AF	192
P64392	AF	100
P65141	AF	175
P65220	AF	209
P65360	AF	235
P65504	AF	209
P65619	AF	293
P65698	AF	310
P65854	AF	305
P65867	AF	190
P66009	AF	466
P66053	AF	141
P66097	AF	229
P66168	AF	63
P66278	AF	66
P66279	AF	66
P66336	AF	102
P66350	AF	129
P66352	AF	129
P66431	AF	89
P66743	AF	205
P67007	AF	210
P67030	AF	689
P67031	AF	689
P67424	AF	663
P67512	AF	804
P67809	AF	324
P67860	AF	216
P68036	AF	154
P68150	AF	54
P68683	AF	71
P68790	AF	693
P68791	AF	693
P68808	AF	100
P68824	AF	253
P68878	AF	485
P70278	AF	393
P70324	AF	741
P70327-2	AF	437
P70379-2	AF	163
P70429	AF	414
P70507	AF	575
P70562	AF	197
P71357	AF	98
P71716	AF	565
P72192	AF	63
P72720	AF	631
P73308	AF	180
P73851	AF	599
P75171	AF	65
P75393	AF	457
P77258	AF	365
P77399	AF	714
P77960	AF	264
P78346-2	AF	322
P78411-2	AF	482
P78411-3	AF	417
P78415	AF	501
P78424	AF	691
P78573	AF	438
P80197	AF	737
P80461	AF	557
P81018-2	AF	176
P81018	AF	190
P81297	AF	388
P82343	AF	419
P82772	AF	127
P83056	AF	97
P84550-3	AF	921
P85109	AF	236
P87076	AF	860
P87152	AF	992
P87153	AF	558
P87169	AF	689
P87243	AF	828
P87379	AF	229
P91341	AF	910
P91859-2	AF	764
P91859-3	AF	877
P91859-4	AF	819
P91895	AF	206
P92958	AF	512
P92965-2	AF	317
P92965-3	AF	309
P93431	AF	466
P93762	AF	546
P95331	AF	466
P95836	AF	478
P96199	AF	336
P97302	AF	739
P97303	AF	839
P97636	AF	194
P97840-2	AF	322
P97840	AF	354
P97863-2	AF	487
P97863-3	AF	420
P97863	AF	570
P98083-3	AF	424
P98083	AF	579
P98173-2	AF	213
P98173-3	AF	192
P98180-2	AF	649
P99163	AF	342
P9WEN5	AF	745
P9WFT7	AF	419
P9WGA2	AF	261
P9WGD6	AF	525
P9WGM5	AF	216
P9WGQ9	AF	248
P9WH11	AF	202
P9WH28	AF	156
P9WHA4	AF	280
P9WHB3	AF	86
P9WIS7	AF	553
P9WJ26	AF	84
P9WJG1	AF	124
P9WJP4	AF	493
P9WKH7	AF	444
P9WMK1	AF	144
P9WMM2	AF	267
P9WMS6	AF	525
P9WN81	AF	516
P9WNG3	AF	335
P9WNX5	AF	345
P9WP23	AF	245
P9WP26	AF	320
P9WPY5	AF	450
P9WQ40	AF	521
Q00059	AF	246
Q00168-2	AF	516
Q00168-3	AF	509
Q00168-4	AF	490
Q00196-3	AF	485
Q00196-4	AF	400
Q00196-6	AF	424
Q00196-7	AF	549
Q00196	AF	463
Q00288	AF	457
Q003J2	AF	225
Q00780	AF	744
Q00888-2	AF	326
Q00915	AF	135
Q01532	AF	483
Q01802	AF	451
Q01820	AF	569
Q01972	AF	397
Q01H90	AF	811
Q01RQ2	AF	542
Q02146	AF	665
Q02241-2	AF	856
Q02241	AF	960
Q02283	AF	272
Q02328	AF	927
Q02804	AF	198
Q02833-2	AF	337
Q02833	AF	373
Q02844	AF	273
Q02910-2	AF	842
Q02910	AF	864
Q02916	AF	556
Q02QH1	AF	330
Q02RB8	AF	353
Q02X03	AF	625
Q02YX4	AF	319
Q03017	AF	500
Q03173-3	AF	541
Q03173-5	AF	787
Q03173	AF	802
Q03177	AF	834
Q031A8	AF	294
Q03279	AF	869
Q03330	AF	439
Q03407	AF	766
Q03410	AF	997
Q034Z8	AF	176
Q03532	AF	505
Q036H7	AF	243
Q038F9	AF	283
Q038Q9	AF	148
Q03AZ5	AF	786
Q03ED8	AF	72
Q03EQ8	AF	645
Q03H46	AF	812
Q03HM9	AF	344
Q03IF9	AF	68
Q03K98	AF	446
Q03MR4	AF	248
Q03PV3	AF	156
Q03QT7	AF	303
Q03RT9	AF	113
Q03UX8	AF	405
Q03ZP2	AF	277
Q04067	AF	274
Q04206-2	AF	537
Q04206-3	AF	541
Q04206-4	AF	548
Q043C5	AF	287
Q045P1	AF	791
Q046A4	AF	73
Q04D20	AF	417
Q04G74	AF	89
Q04GN0	AF	829
Q04JL0	AF	79
Q04JL4	AF	99
Q04K81	AF	662
Q04M67	AF	778
Q04MM1	AF	178
Q04MN0	AF	217
Q04QJ9	AF	666
Q04RT2	AF	848
Q04U55	AF	67
Q04VI6	AF	90
Q05000	AF	692
Q05016	AF	267
Q05195	AF	221
Q05519	AF	484
Q05682-3	AF	558
Q05682-4	AF	538
Q05682-5	AF	532
Q05682-6	AF	563
Q056S8	AF	241
Q05753	AF	435
Q057B6	AF	179
Q05832	AF	161
Q05895	AF	956
Q06201	AF	188
Q06265-2	AF	456
Q06265-3	AF	355
Q06265	AF	439
Q06509	AF	364
Q06628	AF	738
Q06710-3	AF	398
Q06710-4	AF	321
Q06710	AF	450
Q06GJ0	AF	594
Q06GN8	AF	102
Q06R99	AF	146
Q07050	AF	767
Q071N0	AF	311
Q07731-2	AF	185
Q07731	AF	211
Q07803	AF	751
Q07916-2	AF	303
Q07938	AF	337
Q07960	AF	439
Q07KN1	AF	101
Q07U76	AF	377
Q07UH4	AF	102
Q07UN5	AF	888
Q07UT6	AF	201
Q07VX1	AF	338
Q07WH7	AF	313
Q07YA5	AF	311
Q07ZQ7	AF	364
Q08024-2	AF	182
Q08024-3	AF	155
Q08048	AF	728
Q08276	AF	682
Q08285	AF	240
Q08425	AF	657
Q08484	AF	637
Q08648-4	AF	133
Q08648	AF	103
Q08877-10	AF	863
Q08877-11	AF	852
Q08877-12	AF	868
Q08877-13	AF	857
Q08877-2	AF	858
Q08877-3	AF	873
Q08877-4	AF	862
Q08877-5	AF	878
Q08877-6	AF	867
Q08877-7	AF	859
Q08877-9	AF	848
Q08877	AF	869
Q088K0	AF	101
Q08943-2	AF	713
Q08943	AF	708
Q08C72	AF	985
Q08CY1	AF	641
Q08EC4-2	AF	780
Q08EC4	AF	804
Q08J23	AF	767
Q09024-2	AF	266
Q09024-3	AF	263
Q09281-2	AF	805
Q09281	AF	971
Q09312	AF	632
Q09313	AF	923
Q09314	AF	759
Q09433	AF	115
Q09446-2	AF	849
Q09446-3	AF	912
Q09517-2	AF	333
Q09517-3	AF	337
Q09517	AF	316
Q09761	AF	699
Q09901	AF	993
Q09FR2	AF	57
Q09G21	AF	202
Q0AAD7	AF	86
Q0AHZ9	AF	130
Q0AIE6	AF	502
Q0AJE2	AF	473
Q0APT3	AF	556
Q0AQ08	AF	518
Q0AWJ6	AF	419
Q0AYQ7	AF	465
Q0AZR6	AF	239
Q0BE25	AF	364
Q0BE27	AF	262
Q0BEQ6	AF	124
Q0BJ30	AF	121
Q0BMK6	AF	340
Q0BT08	AF	230
Q0BTE6	AF	431
Q0BVU4	AF	89
Q0BYB3	AF	106
Q0C0I5	AF	435
Q0C4I8	AF	352
Q0C4U8	AF	247
Q0CLX0	AF	783
Q0CQ54	AF	999
Q0CRX1	AF	925
Q0CT11	AF	768
Q0CVH2	AF	747
Q0D8N0-2	AF	585
Q0D8N0	AF	602
Q0DBU5	AF	547
Q0E3C8	AF	983
Q0G838-2	AF	320
Q0G838	AF	471
Q0HG41	AF	71
Q0HGI8	AF	745
Q0HIZ5	AF	591
Q0HV47	AF	64
Q0I0A8	AF	698
Q0I0B5	AF	233
Q0I150	AF	179
Q0I1K5	AF	238
Q0I3R5	AF	471
Q0I5L8	AF	208
Q0I7U3	AF	543
Q0I8Z9	AF	315
Q0I9E5	AF	256
Q0ID20	AF	122
Q0IE10	AF	679
Q0IE18	AF	449
Q0IHW6	AF	903
Q0INC5	AF	802
Q0IXP9	AF	775
Q0J7T6	AF	520
Q0J951	AF	818
Q0JHU7	AF	587
Q0JL73	AF	536
Q0K3S6	AF	314
Q0K5P5	AF	375
Q0KF69	AF	443
Q0P6D6	AF	951
Q0R4L2	AF	600
Q0S4D9	AF	553
Q0SET3	AF	541
Q0SHY7	AF	257
Q0SMK4	AF	545
Q0SNH0	AF	481
Q0SQH1	AF	131
Q0SW76	AF	659
Q0SXZ2	AF	309
Q0SXZ4	AF	529
Q0SZ35	AF	387
Q0T1U0	AF	242
Q0T2M8	AF	660
Q0T7E7	AF	432
Q0T8U3	AF	343
Q0TCF1	AF	123
Q0TD55	AF	477
Q0TEV9	AF	616
Q0TPS2	AF	87
Q0U0X1	AF	435
Q0UK50	AF	364
Q0UN56	AF	782
Q0V9A3	AF	778
Q0VA52	AF	593
Q0VC24	AF	423
Q0VDD7	AF	668
Q0VGK3	AF	523
Q0VMD1	AF	386
Q0VMI0	AF	150
Q0VQ06	AF	429
Q0VQN6	AF	197
Q0VR14	AF	548
Q0VRF2	AF	82
Q0VSJ8	AF	114
Q0W6Q8	AF	372
Q0WN60	AF	970
Q0WW55-2	AF	224
Q0WW55	AF	263
Q0ZGT2-2	AF	662
Q0ZGT2-3	AF	613
Q0ZGT2-4	AF	611
Q10056	AF	589
Q10201	AF	949
Q10297	AF	993
Q10324	AF	608
Q10654	AF	385
Q10664	AF	387
Q10E64	AF	735
Q10YR2	AF	425
Q110B0	AF	287
Q11B39	AF	222
Q11HL6	AF	145
Q11JI8	AF	442
Q11QH3	AF	632
Q12055	AF	197
Q12175	AF	901
Q12344	AF	894
Q126J2	AF	79
Q12730	AF	515
Q12800-2	AF	450
Q12800-3	AF	451
Q12800-4	AF	501
Q12805-2	AF	485
Q12805-3	AF	492
Q12805-4	AF	492
Q12906-2	AF	702
Q12906-4	AF	698
Q12906-5	AF	690
Q12906-6	AF	706
Q12906-7	AF	898
Q12906	AF	894
Q12952	AF	345
Q129C9	AF	338
Q12A42	AF	145
Q12C28	AF	426
Q12CW6	AF	83
Q12EI9	AF	298
Q12QY2	AF	156
Q12RW9	AF	130
Q12VQ2	AF	234
Q13042-2	AF	619
Q13042-3	AF	568
Q13042	AF	620
Q13087-2	AF	522
Q13087	AF	525
Q13164-3	AF	533
Q13164	AF	816
Q13206	AF	875
Q13227	AF	327
Q13268-2	AF	300
Q13268	AF	280
Q13322-2	AF	548
Q13322-3	AF	536
Q13322-4	AF	588
Q13426-2	AF	334
Q13426-3	AF	310
Q13510-2	AF	411
Q13510-3	AF	389
Q13510	AF	395
Q13620-1	AF	895
Q13620	AF	913
Q136V2	AF	257
Q13825	AF	339
Q13950-2	AF	507
Q13950-3	AF	499
Q13950	AF	521
Q13952-2	AF	335
Q13952-3	AF	439
Q13952-4	AF	297
Q13952-6	AF	301
Q13952-7	AF	334
Q13952	AF	458
Q13976-2	AF	686
Q13DA7	AF	295
Q13EL8	AF	883
Q13SR6	AF	978
Q14055	AF	689
Q14103-2	AF	336
Q14103-3	AF	306
Q14103	AF	355
Q14135-4	AF	296
Q14135-6	AF	210
Q14135	AF	290
Q14353-2	AF	269
Q14353	AF	236
Q14376	AF	348
Q14558-2	AF	385
Q14653-4	AF	452
Q14738-2	AF	570
Q14738	AF	602
Q147F0	AF	544
Q148H5	AF	525
Q14934-10	AF	889
Q14934-11	AF	857
Q14934-12	AF	832
Q14934-13	AF	831
Q14934-14	AF	826
Q14934-15	AF	807
Q14934-16	AF	794
Q14934-17	AF	782
Q14934-19	AF	437
Q14934-2	AF	965
Q14934-21	AF	329
Q14934-22	AF	190
Q14934-3	AF	964
Q14934-5	AF	933
Q14934-6	AF	915
Q14934-7	AF	914
Q14934-8	AF	901
Q14934-9	AF	890
Q14934	AF	902
Q14AI6	AF	344
Q14CB8-2	AF	517
Q14CB8-3	AF	485
Q14CB8-6	AF	465
Q14CB8-7	AF	479
Q14CB8	AF	494
Q14CX7-2	AF	859
Q14FU7	AF	254
Q14GR3	AF	426
Q14GS9	AF	160
Q14JC3	AF	157
Q14JW5	AF	322
Q14JZ0	AF	253
Q14NV1	AF	286
Q15014	AF	288
Q15025-2	AF	635
Q15025-3	AF	583
Q15025-4	AF	572
Q15025-5	AF	556
Q15025-6	AF	571
Q15025-7	AF	545
Q15025-8	AF	552
Q15031	AF	903
Q15056	AF	248
Q15063-10	AF	778
Q15063-2	AF	779
Q15063-3	AF	781
Q15063-4	AF	751
Q15063-5	AF	809
Q15063-6	AF	749
Q15063-7	AF	721
Q15063-8	AF	808
Q15063-9	AF	806
Q15063	AF	836
Q15291-2	AF	500
Q15291	AF	538
Q15369	AF	112
Q15417-2	AF	288
Q15417	AF	329
Q15459	AF	793
Q15813-2	AF	578
Q15MT3	AF	633
Q15R63	AF	525
Q15W54	AF	528
Q16401	AF	504
Q164C1	AF	580
Q16613-2	AF	252
Q16637-2	AF	262
Q16637-3	AF	282
Q16637-4	AF	250
Q16836-2	AF	390
Q16836-3	AF	331
Q16890-2	AF	144
Q16890	AF	204
Q16956	AF	667
Q169E2	AF	492
Q16CZ1	AF	199
Q16KE2	AF	108
Q16UN6	AF	813
Q16Y34-2	AF	205
Q17381-2	AF	442
Q17381	AF	506
Q17390-2	AF	774
Q17390-3	AF	743
Q17390	AF	791
Q17392	AF	840
Q17902	AF	574
Q17G65	AF	916
Q17Q06	AF	910
Q17RM4-2	AF	743
Q17RM4	AF	750
Q17VT0	AF	89
Q17VT1	AF	352
Q17W70	AF	341
Q17ZC9	AF	86
Q17ZK2	AF	158
Q18066	AF	640
Q186L5	AF	105
Q18CH7	AF	147
Q18F10	AF	383
Q19706	AF	262
Q19849-1	AF	478
Q19849-3	AF	471
Q19849-4	AF	411
Q19849	AF	486
Q19857-2	AF	939
Q19905	AF	481
Q1ACP3	AF	123
Q1AU55	AF	200
Q1B7R1	AF	400
Q1BA94	AF	920
Q1BDD4	AF	701
Q1BM62	AF	270
Q1BT49	AF	593
Q1BT63	AF	265
Q1BZ35	AF	193
Q1BZ70	AF	864
Q1C0B8	AF	462
Q1C1D9	AF	727
Q1C2L4	AF	903
Q1C2U0	AF	702
Q1C2Y4	AF	273
Q1C421	AF	187
Q1C422	AF	356
Q1C5G0	AF	417
Q1CBY6	AF	156
Q1CCY1	AF	273
Q1CEH2	AF	75
Q1CKG2	AF	245
Q1CKQ4	AF	860
Q1CMD5	AF	951
Q1CMT0	AF	434
Q1CN99	AF	729
Q1CUA6	AF	944
Q1DLJ4	AF	688
Q1E0Z3	AF	536
Q1E6K9	AF	731
Q1ELU5	AF	207
Q1G852	AF	80
Q1G986	AF	117
Q1GAT6	AF	460
Q1GDB8	AF	123
Q1GNP7	AF	849
Q1GQI3	AF	109
Q1GV11	AF	435
Q1H0B6	AF	599
Q1HQ10	AF	109
Q1HRT4	AF	70
Q1I449	AF	86
Q1I5K4	AF	459
Q1I5Y8	AF	83
Q1I624	AF	900
Q1I7M6	AF	171
Q1IC21	AF	134
Q1IDS5	AF	948
Q1IEI0	AF	428
Q1IFW1	AF	110
Q1IWP3	AF	582
Q1IXK9	AF	382
Q1IYK3	AF	427
Q1J022	AF	304
Q1J163	AF	185
Q1J1P5	AF	184
Q1J5E4	AF	508
Q1JA39	AF	150
Q1JAC1	AF	953
Q1JAJ4	AF	211
Q1JBR9	AF	359
Q1JCH2	AF	176
Q1JE40	AF	146
Q1JE52	AF	217
Q1JFJ5	AF	508
Q1JJE2	AF	203
Q1JK32	AF	398
Q1JKK3	AF	508
Q1JKP6	AF	211
Q1JLL7	AF	356
Q1JLT8	AF	295
Q1JMR2	AF	252
Q1JUP4	AF	481
Q1KXX7	AF	88
Q1L8P7	AF	929
Q1L994	AF	919
Q1L9C7	AF	189
Q1LLW8	AF	124
Q1LQD9	AF	130
Q1LSP4	AF	97
Q1LSR5	AF	150
Q1LSX8	AF	121
Q1LTQ0	AF	855
Q1LZG6	AF	427
Q1MC53	AF	204
Q1MCF8	AF	595
Q1MHM2	AF	427
Q1MID1	AF	122
Q1MIM7	AF	201
Q1MQ89	AF	820
Q1MX18-2	AF	532
Q1MX18-4	AF	490
Q1MX18-5	AF	567
Q1MX18-6	AF	520
Q1PEC0	AF	524
Q1Q8B0	AF	614
Q1Q8I7	AF	609
Q1Q8N2	AF	422
Q1QDF6	AF	60
Q1QDG1	AF	335
Q1QMY9	AF	110
Q1QN30	AF	241
Q1QQJ4	AF	907
Q1QRZ1	AF	624
Q1QSL0	AF	234
Q1QSZ8	AF	283
Q1QUG4	AF	270
Q1QVF0	AF	142
Q1QVG5	AF	455
Q1QWJ4	AF	131
Q1QXA4	AF	220
Q1QYD6	AF	386
Q1R6H0	AF	890
Q1RAR8	AF	590
Q1RFD6	AF	356
Q1RHM1	AF	215
Q1RI12	AF	694
Q1RIM2	AF	445
Q1RIY5	AF	368
Q1RJS1	AF	478
Q1W3E0	AF	735
Q1W6H9	AF	321
Q1WM15	AF	458
Q1WSF8	AF	416
Q1WSU7	AF	208
Q1X8D7-3	AF	529
Q1X8D7	AF	754
Q1XDC9	AF	243
Q1XDI6	AF	181
Q1XGU9	AF	132
Q20059-2	AF	680
Q20059-3	AF	697
Q20059	AF	683
Q20938	AF	438
Q20WN5	AF	620
Q21067	AF	622
Q21187	AF	300
Q21346	AF	729
Q21407	AF	690
Q214E1	AF	154
Q21657	AF	709
Q218E3	AF	929
Q21A86	AF	213
Q21CI2	AF	632
Q21EN2	AF	229
Q21FM2	AF	425
Q21JW7	AF	752
Q21M18	AF	174
Q21MA4	AF	594
Q21MA8	AF	575
Q21NG2	AF	483
Q21V38	AF	285
Q21YV7	AF	155
Q22002	AF	582
Q22289	AF	292
Q22703	AF	598
Q23229-3	AF	426
Q23552-2	AF	484
Q23552	AF	475
Q24151-2	AF	754
Q24151-3	AF	628
Q24151-4	AF	635
Q24207	AF	228
Q24211	AF	850
Q24311	AF	774
Q24318	AF	445
Q24432	AF	972
Q24524	AF	512
Q24537-2	AF	386
Q24537-3	AF	385
Q24537	AF	393
Q24573	AF	911
Q24849	AF	601
Q24DE2	AF	996
Q24PK7	AF	291
Q250M2	AF	122
Q253I5	AF	196
Q25460	AF	875
Q256C2	AF	203
Q27450	AF	843
Q27640	AF	497
Q27YU0	AF	814
Q28062	AF	912
Q28989	AF	421
Q28CY2	AF	310
Q28K03	AF	532
Q28QX4	AF	537
Q28UR2	AF	285
Q28US8	AF	338
Q28UV3	AF	137
Q28V48	AF	476
Q28VZ5	AF	624
Q28XF0	AF	786
Q294E0	AF	962
Q297F5	AF	288
Q29DY1	AF	797
Q2A1Q4	AF	254
Q2A2U4	AF	717
Q2A303	AF	194
Q2A4E9	AF	565
Q2FGE3	AF	610
Q2FH94	AF	207
Q2FHI6	AF	298
Q2FJ79	AF	947
Q2FKP7	AF	428
Q2FVA4	AF	223
Q2FXL7	AF	372
Q2G0B6	AF	152
Q2G189	AF	97
Q2G2P8	AF	276
Q2GGE6	AF	393
Q2GHE2	AF	190
Q2GJV3	AF	300
Q2H2B2	AF	830
Q2HDW0	AF	782
Q2HE65	AF	778
Q2HJ91	AF	452
Q2HJG8	AF	349
Q2HJJ0	AF	616
Q2IIK1	AF	843
Q2IKQ7	AF	524
Q2IWV3	AF	157
Q2IXE1	AF	55
Q2J0T8	AF	361
Q2J2G6	AF	322
Q2J320	AF	633
Q2J4C7	AF	148
Q2J764	AF	345
Q2J9Q0	AF	602
Q2JIM2	AF	124
Q2JKV7	AF	539
Q2JNW8	AF	204
Q2JRL0	AF	206
Q2K8X2	AF	239
Q2K939	AF	493
Q2K941	AF	234
Q2KDT9	AF	341
Q2KDZ5	AF	916
Q2KE81	AF	279
Q2KIW9	AF	196
Q2KJH1	AF	409
Q2KXM9	AF	607
Q2KYK7	AF	352
Q2LKV2-2	AF	730
Q2LKV2	AF	906
Q2LWU9	AF	357
Q2M3G4	AF	852
Q2MKA7-2	AF	236
Q2MKA7	AF	263
Q2N9B7	AF	231
Q2N9V1	AF	421
Q2NIM6	AF	536
Q2NL51	AF	490
Q2NL67	AF	630
Q2NQQ2	AF	433
Q2NQW6	AF	338
Q2NRK7	AF	241
Q2NRM3	AF	319
Q2NTS9	AF	610
Q2NUU7	AF	860
Q2NZW8	AF	211
Q2NZW9	AF	194
Q2P4Q8	AF	534
Q2P4S5	AF	369
Q2P736	AF	328
Q2PMP9	AF	122
Q2PMR2	AF	103
Q2PW47	AF	989
Q2QLF0	AF	286
Q2QLH5	AF	286
Q2QS13	AF	480
Q2RBR1	AF	921
Q2RJV4	AF	250
Q2RK77	AF	302
Q2RQX9	AF	162
Q2RXP5	AF	451
Q2S1E4	AF	212
Q2S325	AF	95
Q2S907	AF	124
Q2S908	AF	156
Q2SBE7	AF	861
Q2SD23	AF	391
Q2SNC4	AF	496
Q2SRI9	AF	804
Q2SSG0	AF	474
Q2STD7	AF	657
Q2SZG2	AF	103
Q2SZP0	AF	89
Q2SZT6	AF	210
Q2T9X8	AF	860
Q2TAK8-3	AF	731
Q2TAK8	AF	710
Q2TBI7	AF	468
Q2TW69	AF	751
Q2UH35	AF	771
Q2ULU3	AF	848
Q2UNT7	AF	574
Q2V573	AF	935
Q2VEH5	AF	201
Q2W2K4	AF	101
Q2W492	AF	576
Q2WF59-2	AF	860
Q2WF59	AF	895
Q2XPU7	AF	769
Q2YB22	AF	926
Q2YBP9	AF	421
Q2YK66	AF	527
Q2YLN8	AF	359
Q2YNG1	AF	254
Q2YNV6	AF	434
Q2YUP7	AF	159
Q2YVM4	AF	251
Q2YWG1	AF	127
Q2YXR5	AF	557
Q30PY0	AF	207
Q30SC1	AF	449
Q30TP3	AF	696
Q30ZH2	AF	193
Q311Z4	AF	383
Q312S2	AF	829
Q318B6	AF	472
Q318P3	AF	408
Q318V5	AF	103
Q31CB9	AF	498
Q31EM2	AF	71
Q31G67	AF	277
Q31KJ1	AF	149
Q31QJ2	AF	433
Q31T78	AF	548
Q31W98	AF	130
Q31WH5	AF	297
Q324Q2	AF	860
Q328J9	AF	131
Q32AA4	AF	443
Q32CY2	AF	115
Q32EU0	AF	365
Q32FD5	AF	218
Q32H71	AF	248
Q32HA1	AF	336
Q32KA5	AF	638
Q32N93	AF	892
Q32P12	AF	615
Q32PV0-2	AF	375
Q32ZH7	AF	67
Q336R9-2	AF	211
Q338B9	AF	511
Q381F9	AF	777
Q38931	AF	551
Q38W65	AF	291
Q39026	AF	395
Q39081	AF	255
Q391Y9	AF	546
Q39230	AF	451
Q39FN8	AF	86
Q39KQ1	AF	363
Q39KU1	AF	975
Q39QM7	AF	318
Q39W87	AF	216
Q39YQ1	AF	355
Q39ZS3	AF	450
Q3ABU1	AF	777
Q3AC69	AF	86
Q3AF34	AF	201
Q3AJT9	AF	357
Q3ANF4	AF	476
Q3AP59	AF	431
Q3APY5	AF	805
Q3AQ07	AF	62
Q3AQ23	AF	149
Q3AQ41	AF	435
Q3AU78	AF	371
Q3AV54	AF	329
Q3B2D4	AF	250
Q3B3P4	AF	253
Q3B425	AF	400
Q3B532	AF	471
Q3B5K8	AF	628
Q3B820-2	AF	551
Q3B820-3	AF	716
Q3BBV2	AF	942
Q3BMA2	AF	222
Q3BQF5	AF	346
Q3BU06	AF	372
Q3BUJ8	AF	350
Q3BW89	AF	954
Q3BX00	AF	193
Q3BX58	AF	347
Q3E880	AF	116
Q3EBR6	AF	529
Q3HS87	AF	122
Q3IFW0	AF	129
Q3IG11	AF	123
Q3IJ52	AF	166
Q3IJI0	AF	237
Q3IMF3	AF	435
Q3IPW6	AF	798
Q3IUM4	AF	729
Q3IYU8	AF	529
Q3J459	AF	491
Q3J517	AF	348
Q3J6S2	AF	104
Q3J7H0	AF	213
Q3J7S8	AF	819
Q3J823	AF	212
Q3J8Q6	AF	126
Q3J8T2	AF	144
Q3JCN0	AF	749
Q3JCT2	AF	280
Q3JDQ7	AF	193
Q3JKH3	AF	270
Q3JND6	AF	504
Q3JP81	AF	415
Q3JQL8	AF	285
Q3JWH3	AF	332
Q3JXA9	AF	299
Q3K1A9	AF	356
Q3K2M4	AF	446
Q3K2P4	AF	451
Q3K3W3	AF	217
Q3K5T2	AF	272
Q3K7C0	AF	490
Q3KH79	AF	860
Q3KHY6	AF	305
Q3KIS8	AF	100
Q3KLY8	AF	357
Q3KP66	AF	663
Q3KQU3-2	AF	803
Q3KQU3-4	AF	808
Q3KQU3	AF	841
Q3KR97	AF	516
Q3LI66	AF	62
Q3M502	AF	294
Q3M7Q7	AF	257
Q3MIN7-2	AF	716
Q3MK94	AF	428
Q3SK65	AF	550
Q3SLP6	AF	275
Q3SNV7	AF	173
Q3SPJ6	AF	999
Q3SQS3	AF	542
Q3SR31	AF	491
Q3SS92	AF	590
Q3SVD4	AF	888
Q3SWL7	AF	225
Q3SWX9	AF	630
Q3SXM5	AF	330
Q3T0L2	AF	406
Q3TCN2	AF	594
Q3TEA8-2	AF	541
Q3TEA8-3	AF	516
Q3TLP5	AF	296
Q3U0J8	AF	965
Q3U1T9	AF	766
Q3U2I3-2	AF	909
Q3U2I3-3	AF	791
Q3U2I3	AF	975
Q3U4H6-2	AF	559
Q3UEG6	AF	513
Q3UFT3	AF	876
Q3UHI0-2	AF	1038
Q3UHI0	AF	833
Q3UHX9	AF	385
Q3UMB5	AF	935
Q3UMG5-2	AF	751
Q3UMG5-3	AF	756
Q3URQ7	AF	372
Q3URY2-3	AF	291
Q3URY2	AF	333
Q3UTH8-2	AF	495
Q3UTH8-3	AF	496
Q3UTH8	AF	516
Q3UYC0	AF	513
Q3UZ39-3	AF	490
Q3UZ39	AF	729
Q3V7J3	AF	248
Q3V7N3	AF	243
Q3YEH1	AF	67
Q3YSJ0	AF	482
Q3YSS4	AF	471
Q3YT16	AF	802
Q3YT49	AF	418
Q3YZ38	AF	424
Q3YZW4	AF	419
Q3Z3R7	AF	107
Q3ZBH9	AF	719
Q41358	AF	570
Q42472	AF	494
Q42551	AF	160
Q42667	AF	722
Q43763	AF	877
Q44052	AF	641
Q44495	AF	997
Q45358	AF	706
Q45551	AF	608
Q45EK2	AF	360
Q46GB7	AF	140
Q46GZ7	AF	496
Q46HE7	AF	361
Q46I76	AF	630
Q46IC1	AF	968
Q46IE5	AF	926
Q46IW1	AF	124
Q46TF2	AF	750
Q470E7	AF	362
Q472D5	AF	668
Q472N5	AF	118
Q478E5	AF	358
Q47BD0	AF	593
Q47D94	AF	904
Q47DJ8	AF	860
Q47GG0	AF	464
Q47J94	AF	88
Q47JA0	AF	275
Q47LL0	AF	200
Q47LL4	AF	189
Q47LV0	AF	249
Q47UW1	AF	124
Q47VK0	AF	433
Q483C5	AF	211
Q48BK0	AF	539
Q48D61	AF	333
Q48FC2	AF	248
Q48PB5	AF	469
Q48RQ5	AF	479
Q49136	AF	922
Q492B8	AF	122
Q492P3	AF	470
Q496M5	AF	336
Q498E6	AF	336
Q498L2	AF	998
Q49VV3	AF	373
Q49VZ2	AF	194
Q49WB0	AF	440
Q49YY5	AF	540
Q4A180	AF	455
Q4A9R0	AF	185
Q4AE62-2	AF	373
Q4AE62-5	AF	426
Q4AE62	AF	458
Q4AE70-2	AF	608
Q4AE70-3	AF	573
Q4AE70-4	AF	585
Q4FL49	AF	561
Q4FLL8	AF	236
Q4FM20	AF	875
Q4FNX4	AF	395
Q4FUR9	AF	352
Q4FVS5	AF	536
Q4FZV0	AF	881
Q4G0M1	AF	354
Q4G393	AF	100
Q4H4F7	AF	604
Q4IBK5	AF	578
Q4J8X1	AF	831
Q4J912	AF	138
Q4JBP0	AF	942
Q4JL84	AF	235
Q4JSL4	AF	104
Q4JSW4	AF	254
Q4JUK5	AF	711
Q4JVW2	AF	562
Q4JWV5	AF	526
Q4K9U7	AF	120
Q4KJK0	AF	578
Q4KLP0	AF	920
Q4KMQ1-3	AF	433
Q4KMQ1-4	AF	406
Q4L4R5	AF	126
Q4L5F1	AF	596
Q4L6T5	AF	83
Q4L895	AF	146
Q4P0Y5	AF	974
Q4P3D8	AF	658
Q4PEZ2	AF	579
Q4QJV7	AF	180
Q4QLY5	AF	722
Q4QM04	AF	283
Q4R4M6	AF	464
Q4R596	AF	432
Q4R646	AF	993
Q4R7R3	AF	425
Q4R8L2	AF	653
Q4UJ75	AF	823
Q4UJQ1	AF	609
Q4UL45	AF	411
Q4ULW8	AF	203
Q4UM37	AF	154
Q4UME8	AF	463
Q4UNC4	AF	97
Q4UPQ9	AF	403
Q4UR00	AF	904
Q4URG4	AF	127
Q4URZ4	AF	975
Q4UT85	AF	711
Q4UWU6	AF	352
Q4V3E2	AF	327
Q4V8A2	AF	824
Q4V8F9	AF	524
Q4V8Y7	AF	746
Q4VC05-2	AF	231
Q4WAW7	AF	464
Q4WBS1	AF	438
Q4WHP3	AF	815
Q4WK03	AF	753
Q4WKL7	AF	740
Q4WMS3	AF	777
Q4WMU3	AF	869
Q4WR16	AF	735
Q4WTN5	AF	580
Q4WYG3	AF	472
Q4ZNP9	AF	267
Q4ZPQ0	AF	948
Q4ZXK2	AF	259
Q4ZXW7	AF	360
Q501J7-2	AF	667
Q501J7-3	AF	704
Q501J7	AF	694
Q504J1	AF	404
Q505H7	AF	909
Q50EX6	AF	294
Q51896	AF	461
Q52CS0	AF	714
Q52QU2-2	AF	584
Q53599	AF	689
Q53ET0	AF	693
Q53GS7	AF	698
Q53H96	AF	274
Q53R41	AF	847
Q54796	AF	535
Q54801	AF	168
Q54B10	AF	631
Q54BW6	AF	853
Q54C31	AF	996
Q54CE0	AF	785
Q54EC2	AF	663
Q54GG9	AF	843
Q54GQ6	AF	700
Q54HJ2	AF	678
Q54JL0	AF	633
Q54K55	AF	560
Q54K57	AF	733
Q54KD8	AF	884
Q54MV6	AF	761
Q54NU3	AF	925
Q54NX0	AF	833
Q54PB2	AF	895
Q54R58	AF	918
Q54S79	AF	942
Q54VZ8	AF	815
Q54WE5	AF	811
Q54Y85	AF	676
Q54YA7	AF	826
Q55383	AF	324
Q555V7	AF	938
Q55653	AF	447
Q55690	AF	722
Q557F4	AF	550
Q55A45	AF	274
Q55BS1	AF	784
Q55E94	AF	734
Q55F94-2	AF	886
Q55F94	AF	880
Q55FE0	AF	250
Q55GS4	AF	366
Q561X9	AF	245
Q562E2	AF	927
Q566R4	AF	189
Q56A40	AF	941
Q56WH4	AF	306
Q56XZ1-3	AF	637
Q56XZ1	AF	668
Q570R7	AF	366
Q579F0	AF	557
Q57CP5	AF	233
Q57CQ3	AF	123
Q57CR0	AF	97
Q57EU9	AF	208
Q57F56	AF	312
Q57IG6	AF	689
Q57K51	AF	297
Q57M55	AF	299
Q57MS9	AF	782
Q57P61	AF	474
Q58050	AF	942
Q582T2	AF	253
Q58428	AF	569
Q58504	AF	296
Q58VT1	AF	440
Q59516	AF	314
Q59832	AF	741
Q59E55	AF	625
Q59EK9-2	AF	400
Q59EK9-3	AF	405
Q59EK9-4	AF	364
Q5A1Z5	AF	761
Q5AAI8	AF	435
Q5ABQ7	AF	333
Q5ALX3	AF	956
Q5AQN1	AF	607
Q5AUW5	AF	812
Q5AV15	AF	850
Q5AVC7	AF	629
Q5B0C0	AF	666
Q5B2Q4	AF	446
Q5BB41	AF	654
Q5BJ56	AF	674
Q5D0E6	AF	543
Q5DTI6-2	AF	417
Q5DTI6-3	AF	947
Q5DTI6-5	AF	956
Q5DTW2	AF	938
Q5DYB5	AF	211
Q5DZM3	AF	955
Q5E1M6	AF	629
Q5E3V8	AF	582
Q5E6P2	AF	552
Q5E7L4	AF	135
Q5E899	AF	177
Q5E8B1	AF	92
Q5E915	AF	547
Q5E9L5	AF	375
Q5EBL4	AF	403
Q5EBM0-3	AF	366
Q5EBM0-4	AF	409
Q5EXK1	AF	397
Q5F2F2	AF	459
Q5F471	AF	873
Q5F5S3	AF	701
Q5F5T4	AF	138
Q5F6L9	AF	469
Q5FBB7-2	AF	309
Q5FBB7-3	AF	292
Q5FBB7-4	AF	275
Q5FBB7-7	AF	215
Q5FBB7	AF	561
Q5FFT3	AF	60
Q5FG91	AF	202
Q5FH87	AF	576
Q5FHE8	AF	804
Q5FIP3	AF	804
Q5FKL6	AF	318
Q5FLX5	AF	856
Q5FMC0	AF	411
Q5FPY6	AF	169
Q5FQK0	AF	368
Q5FS84	AF	241
Q5FTY2	AF	102
Q5FUK3	AF	323
Q5FWH6	AF	849
Q5G1T1	AF	850
Q5GRX9	AF	121
Q5GS99	AF	777
Q5GSI3	AF	453
Q5GTB0	AF	288
Q5GW07	AF	417
Q5H1D3	AF	869
Q5H2C5	AF	873
Q5H2E4	AF	89
Q5H5Q2	AF	86
Q5HBP2	AF	481
Q5HH21	AF	286
Q5HIC8	AF	693
Q5HIF4	AF	186
Q5HL88	AF	496
Q5HM09	AF	122
Q5HM14	AF	178
Q5HPP5	AF	873
Q5HQ39	AF	57
Q5HRN5	AF	295
Q5HW84	AF	154
Q5HWN6	AF	279
Q5HYK7-2	AF	767
Q5HYK7-4	AF	420
Q5HYK7	AF	790
Q5JGN7	AF	888
Q5JGX5	AF	451
Q5JKF2	AF	792
Q5JPH6-2	AF	534
Q5JPH6	AF	523
Q5JTW2-2	AF	722
Q5JTW2-3	AF	705
Q5JTW2	AF	689
Q5JVF3-3	AF	376
Q5JVF3-4	AF	453
Q5JVF3	AF	399
Q5K2N3	AF	497
Q5KWK4	AF	454
Q5KWK9	AF	429
Q5KXX4	AF	127
Q5KYM0	AF	111
Q5L025	AF	488
Q5L296	AF	360
Q5L401	AF	156
Q5L415	AF	66
Q5L421	AF	141
Q5L437	AF	363
Q5L627	AF	874
Q5L6B2	AF	483
Q5L6V2	AF	217
Q5L707	AF	133
Q5L9E3	AF	445
Q5L9N8	AF	201
Q5LN38	AF	529
Q5LPK1	AF	503
Q5LQ58	AF	182
Q5LQJ4	AF	100
Q5LS81	AF	251
Q5LSU1	AF	401
Q5LXQ9	AF	333
Q5LY40	AF	783
Q5M0D5	AF	450
Q5M1I5	AF	271
Q5M2D0	AF	164
Q5M2M5	AF	156
Q5M2U0	AF	267
Q5M641	AF	447
Q5M6I1	AF	852
Q5M7U6	AF	394
Q5MIB6	AF	843
Q5N0X6	AF	181
Q5N2F9	AF	374
Q5N3T2	AF	232
Q5NB85	AF	699
Q5NFD4	AF	282
Q5NLA8	AF	884
Q5NR21	AF	89
Q5NXM5	AF	263
Q5P1Z8	AF	55
Q5P316	AF	117
Q5P317	AF	177
Q5P5G5	AF	684
Q5P794	AF	249
Q5P7B4	AF	438
Q5PAF7	AF	291
Q5PAJ5	AF	832
Q5PAL2	AF	489
Q5PBA7	AF	56
Q5PCN2	AF	430
Q5PGX6	AF	511
Q5PJB2	AF	311
Q5PKQ2	AF	725
Q5PRF9	AF	694
Q5Q0E6-2	AF	462
Q5Q0E6	AF	473
Q5QP82	AF	559
Q5QU37	AF	329
Q5R5J6	AF	902
Q5R748	AF	505
Q5R829	AF	680
Q5R8D7	AF	433
Q5RE25	AF	197
Q5RF43	AF	658
Q5RIX9	AF	723
Q5SLQ3	AF	217
Q5SQH8-3	AF	181
Q5SQH8	AF	315
Q5STT6	AF	665
Q5SUE7-3	AF	636
Q5SXH7-1	AF	462
Q5SXH7-2	AF	448
Q5SXH7	AF	465
Q5SZQ8-2	AF	464
Q5SZQ8-3	AF	464
Q5SZQ8-4	AF	415
Q5T1N1-3	AF	652
Q5T1N1	AF	836
Q5T4W7-2	AF	237
Q5T4W7-3	AF	228
Q5T6J7-2	AF	230
Q5TID7-2	AF	418
Q5TID7-3	AF	508
Q5TJG6	AF	803
Q5TKA1-3	AF	507
Q5TKA1	AF	542
Q5TU55	AF	830
Q5U216	AF	427
Q5UYM0	AF	475
Q5V470	AF	186
Q5VND6	AF	378
Q5VTA0	AF	474
Q5VWK0-2	AF	667
Q5VYV0	AF	432
Q5VZ52-2	AF	175
Q5W0V3	AF	765
Q5WAR0	AF	89
Q5WEK0	AF	787
Q5WEP3	AF	454
Q5WFF6	AF	165
Q5WFT6	AF	566
Q5WKW1	AF	195
Q5WLN9	AF	72
Q5WLS4	AF	231
Q5WLW2	AF	296
Q5WT36	AF	868
Q5WVJ0	AF	214
Q5WWV7	AF	63
Q5WWX7	AF	384
Q5WX49	AF	247
Q5WY82	AF	443
Q5WZ02	AF	215
Q5WZK6	AF	218
Q5WZL5	AF	694
Q5X822	AF	277
Q5X9K7	AF	557
Q5XAK0	AF	612
Q5XB88	AF	231
Q5XCT6	AF	388
Q5XD20	AF	448
Q5XF20	AF	490
Q5XGY1	AF	815
Q5XHX6	AF	550
Q5YJY5	AF	499
Q5YSC6	AF	969
Q5YYD3	AF	400
Q5YYP7	AF	211
Q5Z0W8	AF	744
Q5Z1E9	AF	524
Q5Z1Q7	AF	179
Q5Z856	AF	895
Q5ZBH5	AF	594
Q5ZJ17	AF	816
Q5ZKM1	AF	832
Q5ZKW8	AF	695
Q5ZKY2	AF	709
Q5ZL12	AF	779
Q5ZLP8	AF	584
Q5ZMI4	AF	849
Q5ZMJ7	AF	909
Q5ZRH9	AF	250
Q5ZRV2	AF	147
Q5ZUT4	AF	448
Q600Q7	AF	479
Q60172	AF	392
Q60662	AF	849
Q60780	AF	421
Q60817	AF	215
Q60898-2	AF	296
Q608S6	AF	222
Q60994	AF	247
Q60B48	AF	70
Q60I27-4	AF	205
Q61496	AF	702
Q61979	AF	81
Q62232	AF	296
Q62233	AF	333
Q62376	AF	448
Q62448-2	AF	868
Q62448	AF	906
Q62824	AF	975
Q62I82	AF	550
Q62ID1	AF	632
Q62ID7	AF	317
Q62JW9	AF	79
Q62LT9	AF	79
Q63087	AF	326
Q632Z7	AF	270
Q63342	AF	857
Q63379	AF	462
Q633Y6	AF	881
Q63416	AF	887
Q63470	AF	763
Q63665-2	AF	319
Q63665-4	AF	27
Q63665	AF	346
Q636D7	AF	304
Q63767-2	AF	874
Q63BL0	AF	486
Q63GB4	AF	432
Q63GR0	AF	485
Q63GV4	AF	515
Q63HQ0	AF	302
Q63Q25	AF	131
Q63Q32	AF	72
Q63RV7	AF	227
Q63VT5	AF	209
Q63W97	AF	279
Q63Y06	AF	594
Q641K5	AF	658
Q641W4	AF	349
Q64287-2	AF	449
Q64287	AF	450
Q64332	AF	586
Q64380	AF	919
Q64387-2	AF	212
Q64559	AF	381
Q64702-3	AF	898
Q64702	AF	925
Q64709-2	AF	121
Q64709	AF	295
Q64FJ6	AF	455
Q64N36	AF	126
Q64NL9	AF	106
Q64NM0	AF	185
Q64NM7	AF	148
Q64PV5	AF	264
Q64UQ7	AF	949
Q64XH6	AF	876
Q65EH2	AF	316
Q65I50	AF	267
Q65JJ7	AF	240
Q65JJ9	AF	246
Q65MP8	AF	485
Q65P73	AF	145
Q65PD7	AF	363
Q65PM2	AF	446
Q65U59	AF	363
Q65X23-2	AF	542
Q65X23	AF	621
Q660H9	AF	669
Q664I4	AF	428
Q664S9	AF	63
Q667F6	AF	175
Q667J1	AF	241
Q668W9	AF	264
Q66BW1	AF	136
Q66EN4	AF	968
Q66I22	AF	896
Q67JN4	AF	353
Q67JU7	AF	93
Q67KE1	AF	401
Q67U26	AF	970
Q67UF5	AF	441
Q67YI9-2	AF	646
Q67YI9	AF	895
Q680I5	AF	578
Q684P5-2	AF	715
Q684P5-3	AF	711
Q684P5	AF	730
Q68DC2-4	AF	872
Q68EN5	AF	471
Q68XJ4	AF	449
Q6A6K4	AF	204
Q6A7F4	AF	870
Q6A964	AF	472
Q6A9C3	AF	319
Q6AAU3	AF	491
Q6AE55	AF	143
Q6AE97	AF	378
Q6AHF1	AF	329
Q6AIZ4	AF	413
Q6AM21	AF	425
Q6AP45	AF	126
Q6AQS3	AF	429
Q6ARD7	AF	255
Q6ATS0	AF	754
Q6AYK6	AF	229
Q6AYK9	AF	589
Q6B8I1-2	AF	67
Q6B8I1	AF	188
Q6B8V3	AF	205
Q6B8V6	AF	275
Q6BAA4-2	AF	275
Q6BAA4-3	AF	268
Q6BAA4-5	AF	311
Q6BCY4	AF	276
Q6BDH3	AF	515
Q6BJH5	AF	378
Q6BK34	AF	415
Q6BLT3	AF	668
Q6BPI1	AF	490
Q6BRD5	AF	706
Q6BV58	AF	790
Q6BYU4	AF	985
Q6C061	AF	432
Q6C1B1	AF	924
Q6C835	AF	799
Q6C9H2	AF	724
Q6CBW0	AF	889
Q6CCZ1	AF	974
Q6CHE9	AF	273
Q6CKX0	AF	992
Q6CMB5	AF	858
Q6CQ49	AF	956
Q6CQ60	AF	450
Q6CSC1	AF	725
Q6CZK0	AF	725
Q6D022	AF	549
Q6D0C1	AF	87
Q6D0D9	AF	125
Q6D1Z4	AF	232
Q6D2M4	AF	180
Q6D3C4	AF	670
Q6D554	AF	290
Q6DGE9	AF	934
Q6DIY4	AF	186
Q6EEV6	AF	95
Q6ENJ6	AF	511
Q6EUK7	AF	728
Q6EUW2	AF	631
Q6EX42	AF	801
Q6F3I7-2	AF	734
Q6F3I7	AF	745
Q6F6N3	AF	647
Q6F823	AF	529
Q6F8G2	AF	85
Q6F8I7	AF	193
Q6F8I8	AF	98
Q6FA66	AF	417
Q6FF40	AF	899
Q6FF64	AF	599
Q6FIP2	AF	941
Q6FLG2	AF	807
Q6FNM5	AF	652
Q6FPV6	AF	983
Q6FVD3	AF	840
Q6FW62	AF	706
Q6FWW3	AF	990
Q6FZ46	AF	408
Q6G289	AF	495
Q6G3V1	AF	459
Q6G5E5	AF	67
Q6G5W5	AF	625
Q6G7S8	AF	538
Q6G996	AF	388
Q6GCR4	AF	208
Q6GDH0	AF	313
Q6GDN3	AF	255
Q6GDU5	AF	965
Q6GG30	AF	433
Q6GGZ5	AF	932
Q6GJQ9	AF	192
Q6GK42	AF	134
Q6GLY5	AF	715
Q6H442	AF	696
Q6H9L7-3	AF	490
Q6H9L7	AF	571
Q6HAF4	AF	239
Q6HAZ8	AF	434
Q6HCI1	AF	217
Q6HD53	AF	425
Q6HDD0	AF	371
Q6HLE5	AF	209
Q6HNE4	AF	215
Q6HPC7	AF	544
Q6I6D4-2	AF	393
Q6I6D4-3	AF	331
Q6ID70	AF	150
Q6IG02	AF	685
Q6IMI6-2	AF	304
Q6IMI6	AF	304
Q6INI5	AF	720
Q6IQ19-4	AF	140
Q6IQY5	AF	616
Q6ISS4	AF	152
Q6JHY2	AF	733
Q6K8R2	AF	271
Q6K8X6	AF	688
Q6KAU8	AF	623
Q6KI46	AF	92
Q6L1F6	AF	433
Q6L1N5	AF	768
Q6L285	AF	493
Q6L5D4	AF	700
Q6LA42	AF	558
Q6LA43	AF	535
Q6LM69	AF	476
Q6LMN0	AF	360
Q6LMY0	AF	857
Q6LN40	AF	319
Q6LNB3	AF	420
Q6LQ56	AF	510
Q6LT47	AF	674
Q6LTA1	AF	576
Q6LU59	AF	171
Q6LVN3	AF	78
Q6LY04	AF	239
Q6LYF7	AF	199
Q6MEJ2	AF	446
Q6MIF8	AF	462
Q6MMS6	AF	975
Q6MSM5	AF	102
Q6MTJ7	AF	222
Q6MUM4	AF	266
Q6N4V0	AF	191
Q6N6L8	AF	82
Q6NCT7	AF	483
Q6ND22	AF	876
Q6NGN2	AF	953
Q6NID8	AF	525
Q6NJC2	AF	122
Q6NJC9	AF	248
Q6NRB0	AF	721
Q6NT76-2	AF	405
Q6NT76-3	AF	418
Q6NT76	AF	420
Q6NTE8	AF	343
Q6NUX0	AF	558
Q6NV72	AF	663
Q6NYC8-3	AF	362
Q6NYC8-4	AF	165
Q6NYM1	AF	613
Q6P0R8	AF	544
Q6P1Q9	AF	378
Q6P2P2	AF	845
Q6P542	AF	837
Q6P8G0	AF	552
Q6PAW0	AF	305
Q6PB60	AF	539
Q6PBI4	AF	582
Q6PEX3	AF	210
Q6PEZ8-2	AF	421
Q6PEZ8-3	AF	510
Q6PEZ8	AF	512
Q6PF06-2	AF	221
Q6PF06-5	AF	256
Q6PF15	AF	583
Q6PF93	AF	887
Q6PG16-2	AF	650
Q6PG16-3	AF	591
Q6PGA0	AF	451
Q6PGB6-2	AF	168
Q6PGB6-4	AF	175
Q6PGB6-5	AF	162
Q6PGN9-2	AF	333
Q6PGN9	AF	363
Q6PGQ7	AF	559
Q6PH08-3	AF	1002
Q6PH08	AF	957
Q6PJ61	AF	603
Q6PJG6-3	AF	291
Q6PJG6	AF	821
Q6PKN7-2	AF	196
Q6PKN7	AF	231
Q6PZ03	AF	393
Q6QLR2	AF	67
Q6RHW4	AF	435
Q6S5C2-2	AF	314
Q6TCF2	AF	375
Q6UBQ3	AF	738
Q6ULP2-6	AF	909
Q6ULP2-7	AF	820
Q6ULP2-8	AF	908
Q6ULP2-9	AF	937
Q6ULP2	AF	936
Q6UN15-3	AF	520
Q6UN15-5	AF	588
Q6URK4-2	AF	357
Q6URK4	AF	379
Q6UUV7	AF	619
Q6UWP2-3	AF	229
Q6UWP2	AF	260
Q6UWQ7-2	AF	130
Q6UX39	AF	209
Q6UXH1-2	AF	321
Q6UXH1-4	AF	325
Q6UXH1-6	AF	373
Q6UXH1	AF	353
Q6UXH9-2	AF	737
Q6UXH9	AF	720
Q6UXI7-2	AF	656
Q6UXI7-4	AF	693
Q6UXI7-5	AF	657
Q6UXI7	AF	678
Q6UXI9-2	AF	509
Q6UXI9-3	AF	595
Q6UXI9-4	AF	566
Q6UXI9-5	AF	536
Q6UXI9-6	AF	582
Q6UXI9	AF	565
Q6VAB4	AF	458
Q6VY07-2	AF	1008
Q6WN34-2	AF	451
Q6WN34-3	AF	142
Q6X9E4-3	AF	445
Q6X9E4	AF	464
Q6XE24-2	AF	433
Q6XE24-3	AF	419
Q6XE24-4	AF	420
Q6XE24-5	AF	421
Q6XV80	AF	763
Q6Y0Z3	AF	324
Q6Y4S4	AF	130
Q6YPH3	AF	506
Q6YSF3	AF	476
Q6ZMV5	AF	832
Q6ZTQ3-2	AF	337
Q6ZTQ3-3	AF	325
Q6ZTQ3	AF	369
Q6ZUS6-4	AF	529
Q6ZUS6-5	AF	529
Q6ZUS6-6	AF	402
Q6ZUT1-3	AF	264
Q6ZUT1	AF	292
Q6ZVC0-2	AF	842
Q6ZVC0	AF	841
Q6ZWV7	AF	123
Q717Z2	AF	507
Q71DJ5	AF	393
Q71L19	AF	156
Q71RC2-2	AF	605
Q71RC2-3	AF	723
Q71RC2-4	AF	730
Q71RC2-6	AF	653
Q71RC2	AF	724
Q71XF9	AF	866
Q71Y92	AF	428
Q71YM9	AF	114
Q71Z71	AF	200
Q71ZA4	AF	200
Q71ZX3	AF	448
Q720M1	AF	511
Q728Q1	AF	463
Q72AL5	AF	95
Q72AL6	AF	547
Q72BK4	AF	303
Q72CS4	AF	59
Q72DX1	AF	489
Q72PJ7	AF	920
Q72R81	AF	506
Q72VI2	AF	363
Q72WU4	AF	629
Q739F4	AF	562
Q73AX7	AF	370
Q73FX6	AF	425
Q73MQ8	AF	818
Q73NE4	AF	305
Q73NV5	AF	124
Q73QV6	AF	270
Q73S43	AF	347
Q73SQ3	AF	445
Q73UJ4	AF	337
Q73ZR2	AF	132
Q747Q3	AF	373
Q747Q4	AF	418
Q748D4	AF	452
Q748Y3	AF	234
Q74KC7	AF	270
Q74KU8	AF	788
Q74KW0	AF	630
Q74L89	AF	102
Q74PY8	AF	440
Q74Z73	AF	504
Q74ZL4	AF	131
Q750J0	AF	940
Q750T7	AF	687
Q756G9	AF	452
Q75A83	AF	838
Q75C22	AF	225
Q75E32	AF	838
Q75GX9	AF	562
Q75I13	AF	603
Q75K18	AF	542
Q75LV5	AF	511
Q76B45	AF	282
Q76IQ4	AF	111
Q76MX4	AF	189
Q76N32	AF	757
Q76P00	AF	293
Q79VJ1	AF	205
Q7A825	AF	495
Q7ANU3	AF	118
Q7GDU7	AF	378
Q7J602	AF	496
Q7KMJ6	AF	793
Q7KNF2	AF	224
Q7KVH9-2	AF	210
Q7L0X2-3	AF	517
Q7L0X2	AF	663
Q7L190	AF	304
Q7L4I2-2	AF	386
Q7L4I2	AF	434
Q7L513-12	AF	287
Q7L513-13	AF	192
Q7L513-14	AF	236
Q7L513-15	AF	141
Q7L513-2	AF	365
Q7L513-3	AF	270
Q7L513-4	AF	225
Q7L513-5	AF	219
Q7L513-8	AF	264
Q7L513-9	AF	376
Q7L513	AF	359
Q7LML9	AF	209
Q7M4L6	AF	423
Q7M7P6	AF	404
Q7M8A5	AF	190
Q7M8D7	AF	275
Q7M8F9	AF	434
Q7MHE6	AF	969
Q7MJ42	AF	72
Q7MJ78	AF	334
Q7MLT4	AF	374
Q7MLZ6	AF	212
Q7MP84	AF	428
Q7MPP3	AF	272
Q7MT48	AF	437
Q7MTN0	AF	172
Q7MXW0	AF	426
Q7MYU0	AF	102
Q7MYY7	AF	909
Q7MZI3	AF	252
Q7N788	AF	857
Q7N8V1	AF	970
Q7N8V8	AF	125
Q7NA86	AF	629
Q7NB47	AF	805
Q7NFD3	AF	137
Q7NHL0	AF	589
Q7NJH7	AF	680
Q7NMP9	AF	429
Q7NNJ7	AF	939
Q7NNJ8	AF	73
Q7NNL4	AF	388
Q7NPI4	AF	432
Q7NPZ4	AF	493
Q7NPZ7	AF	453
Q7NS06	AF	210
Q7NSP5	AF	240
Q7NUM8	AF	939
Q7P0F4	AF	356
Q7PLK0-2	AF	866
Q7PLK0	AF	867
Q7Q2B7	AF	622
Q7QH62	AF	263
Q7REH6	AF	209
Q7RT90	AF	414
Q7RTN6-2	AF	348
Q7RTN6-3	AF	394
Q7RTN6-4	AF	299
Q7RTN6-6	AF	314
Q7RTN6	AF	431
Q7SB65	AF	856
Q7SH14	AF	800
Q7SZK7	AF	901
Q7T0W1	AF	728
Q7T2Q6	AF	83
Q7TMF5	AF	413
Q7TNG5-2	AF	668
Q7TNI7	AF	161
Q7TNL3-2	AF	449
Q7TPG5	AF	135
Q7TQK4	AF	274
Q7TS74-2	AF	617
Q7TS74	AF	745
Q7TSD4-3	AF	220
Q7TSD4-5	AF	192
Q7TSD4-6	AF	231
Q7TSD4-8	AF	171
Q7TSD4	AF	393
Q7TT00-2	AF	531
Q7TUS4	AF	544
Q7TV80	AF	679
Q7U326	AF	404
Q7U331	AF	251
Q7U339	AF	369
Q7U3T3	AF	900
Q7U4D2	AF	690
Q7U5I9	AF	780
Q7U5L3	AF	500
Q7UEW6	AF	229
Q7UK56	AF	497
Q7UM31	AF	645
Q7UZV1	AF	128
Q7UZY5	AF	156
Q7V3V8	AF	202
Q7V677	AF	428
Q7V8B1	AF	865
Q7V8L1	AF	418
Q7V9K4	AF	964
Q7VA04	AF	691
Q7VFL1	AF	416
Q7VHK3	AF	435
Q7VKD2	AF	208
Q7VKD9	AF	63
Q7VKE6	AF	101
Q7VKL5	AF	120
Q7VL50	AF	320
Q7VLY6	AF	95
Q7VM70	AF	205
Q7VP51	AF	426
Q7VQE6	AF	99
Q7VQQ6	AF	479
Q7VRN9	AF	709
Q7VS43	AF	250
Q7VW32	AF	79
Q7VYQ0	AF	941
Q7W455	AF	705
Q7W4W7	AF	244
Q7W4Z7	AF	283
Q7W509	AF	353
Q7W785	AF	314
Q7W7I7	AF	245
Q7WA31	AF	208
Q7WA44	AF	275
Q7WDJ7	AF	123
Q7WDP2	AF	619
Q7WF42	AF	280
Q7WK59	AF	620
Q7WQN6	AF	351
Q7WY62	AF	52
Q7XJU0-2	AF	517
Q7XJU0	AF	527
Q7XMJ2	AF	726
Q7XR52	AF	490
Q7XYY2	AF	836
Q7YMF8	AF	515
Q7YN74	AF	121
Q7YQL6	AF	802
Q7YS81	AF	224
Q7YT37	AF	269
Q7Z3D6-3	AF	581
Q7Z3D6-4	AF	579
Q7Z3D6-5	AF	564
Q7Z3D6	AF	616
Q7Z3E2	AF	898
Q7Z3Z4-2	AF	495
Q7Z4Q2	AF	680
Q7Z7F0	AF	614
Q7ZUW2	AF	980
Q7ZVR8	AF	736
Q80TZ3-2	AF	900
Q80TZ3-3	AF	968
Q80UF4	AF	717
Q80UK7	AF	654
Q80WJ1-3	AF	137
Q80XI1-2	AF	745
Q80XI1	AF	695
Q80Y83-10	AF	447
Q80Y83-11	AF	474
Q80Y83-12	AF	444
Q80Y83-13	AF	391
Q80Y83-14	AF	361
Q80Y83-2	AF	681
Q80Y83-3	AF	710
Q80Y83-4	AF	680
Q80Y83-5	AF	685
Q80Y83-6	AF	655
Q80Y83-7	AF	684
Q80Y83-8	AF	654
Q80YA3-2	AF	519
Q80Z64	AF	305
Q810H6	AF	846
Q814T6	AF	429
Q817A2	AF	418
Q817I8	AF	463
Q817R6	AF	881
Q818E9	AF	611
Q81B71	AF	426
Q81GF2	AF	955
Q81JH3	AF	629
Q81K90	AF	66
Q81S85	AF	446
Q820F4	AF	203
Q820N1	AF	295
Q820Q0	AF	258
Q821Z7	AF	609
Q822B4	AF	121
Q822W4	AF	206
Q823P0	AF	450
Q82DR4	AF	364
Q82FD8	AF	653
Q82IY8	AF	594
Q82MF1	AF	384
Q82T56	AF	478
Q82TF6	AF	343
Q82VN4	AF	106
Q831Y7	AF	868
Q833P5	AF	115
Q834C1	AF	340
Q834R0	AF	209
Q838A4	AF	508
Q839Y8	AF	79
Q83BE4	AF	244
Q83DJ3	AF	442
Q83EP5	AF	406
Q83HA1	AF	417
Q83HQ6	AF	83
Q83HX1	AF	504
Q83QQ8	AF	668
Q83R14	AF	359
Q84M92	AF	441
Q84NJ4	AF	134
Q84TH9	AF	959
Q84V03	AF	778
Q84VX3	AF	626
Q85FX4	AF	116
Q85X01	AF	335
Q865B6	AF	796
Q865V0	AF	499
Q869P0	AF	908
Q869W0	AF	942
Q86MD3-3	AF	457
Q86MD3-4	AF	373
Q86MD3	AF	509
Q86SX3-3	AF	354
Q86SX3-4	AF	248
Q86SX3-5	AF	352
Q86SX3-6	AF	426
Q86SZ2	AF	158
Q86TI2-4	AF	836
Q86TI2	AF	863
Q86TU7-2	AF	296
Q86U38	AF	636
Q86UE8-2	AF	750
Q86UE8-3	AF	718
Q86UE8	AF	772
Q86UY5-3	AF	367
Q86UY5	AF	434
Q86V42-2	AF	582
Q86VV4-3	AF	490
Q86VX2	AF	200
Q86WP2-2	AF	480
Q86WP2	AF	473
Q86X24-2	AF	387
Q86X24-3	AF	323
Q86X24-5	AF	316
Q86X83	AF	199
Q86XP3-2	AF	819
Q86XP3	AF	938
Q86Y91-6	AF	833
Q86Y91	AF	852
Q86YJ6-3	AF	384
Q86YJ6-4	AF	423
Q86YJ6	AF	484
Q871M9	AF	559
Q87CK2	AF	172
Q87DW2	AF	238
Q87FH3	AF	470
Q87HX2	AF	582
Q87T93	AF	238
Q87XG4	AF	246
Q881F7	AF	251
Q883Y9	AF	635
Q885Y1	AF	352
Q886R2	AF	269
Q88AF6	AF	264
Q88DK3	AF	535
Q88DV7	AF	846
Q88IX6	AF	106
Q88UW9	AF	208
Q88UZ3	AF	420
Q88W76	AF	551
Q88WL7	AF	206
Q88XX5	AF	103
Q898A3	AF	306
Q898X9	AF	209
Q899K8	AF	159
Q89A80	AF	179
Q89AJ7	AF	916
Q89AS3	AF	847
Q89AS7	AF	715
Q89AY0	AF	294
Q89JA3	AF	161
Q89L50	AF	164
Q89R17	AF	932
Q89VU7	AF	60
Q89XT9	AF	361
Q89YZ6	AF	361
Q8A2N7	AF	628
Q8A7Z6	AF	251
Q8A9E3	AF	587
Q8AX98	AF	463
Q8AY53	AF	86
Q8AYC2	AF	936
Q8BFS9	AF	627
Q8BG15-2	AF	464
Q8BG15-3	AF	350
Q8BG15-6	AF	394
Q8BG26-3	AF	1030
Q8BG26	AF	893
Q8BGC0	AF	757
Q8BGG7	AF	638
Q8BGM7	AF	489
Q8BGQ1	AF	491
Q8BH48	AF	502
Q8BH65	AF	605
Q8BHL3	AF	798
Q8BI71	AF	739
Q8BIR2	AF	672
Q8BIW9	AF	969
Q8BJ37	AF	609
Q8BJW5	AF	723
Q8BK06	AF	437
Q8BK35	AF	484
Q8BK75	AF	266
Q8BL43	AF	508
Q8BLF2-2	AF	585
Q8BLF2-4	AF	353
Q8BLF2-5	AF	578
Q8BLF2-7	AF	581
Q8BLF2-8	AF	585
Q8BM65-2	AF	650
Q8BM65-3	AF	737
Q8BM65-5	AF	716
Q8BM65	AF	682
Q8BMB3	AF	245
Q8BMQ8	AF	553
Q8BNV1	AF	613
Q8BP71-2	AF	427
Q8BP71-3	AF	381
Q8BP71-4	AF	346
Q8BP71-6	AF	352
Q8BP71-7	AF	377
Q8BP71-8	AF	378
Q8BP71-9	AF	283
Q8BP71	AF	449
Q8BS45	AF	554
Q8BSN9-3	AF	517
Q8BSN9	AF	661
Q8BTT6	AF	772
Q8BUR3	AF	623
Q8BVA4	AF	595
Q8BW86	AF	850
Q8BWR2-2	AF	222
Q8BX05-2	AF	516
Q8BX05	AF	534
Q8BZQ2	AF	495
Q8C0Q9-2	AF	612
Q8C0Q9	AF	814
Q8C0T1	AF	654
Q8C0V0	AF	766
Q8C167	AF	725
Q8C5L3-2	AF	531
Q8C5L3-3	AF	455
Q8C9X6	AF	813
Q8CAS9	AF	866
Q8CCC3	AF	530
Q8CDV0	AF	866
Q8CDV6	AF	558
Q8CE23	AF	124
Q8CE33	AF	709
Q8CJ67-2	AF	538
Q8CJ67-3	AF	479
Q8CJ99	AF	688
Q8CJI4	AF	398
Q8CMM1	AF	502
Q8CNW7	AF	407
Q8CP71	AF	902
Q8CSC1	AF	191
Q8D2U1	AF	466
Q8DBT1	AF	442
Q8DBW9	AF	157
Q8DCS9	AF	485
Q8DDU4	AF	255
Q8DDY2	AF	56
Q8DEV0	AF	325
Q8DF94	AF	416
Q8DH61	AF	857
Q8DI58	AF	640
Q8DIF9	AF	126
Q8DKA0	AF	265
Q8DKP1	AF	401
Q8DMM0	AF	181
Q8DMS1	AF	83
Q8DP01	AF	262
Q8DPK7	AF	662
Q8DSG3	AF	583
Q8DSP4	AF	452
Q8DV10	AF	907
Q8DVV4	AF	693
Q8DXR8	AF	290
Q8DXS5	AF	137
Q8DY77	AF	443
Q8DYU4	AF	225
Q8DZL5	AF	193
Q8E166	AF	446
Q8E291	AF	191
Q8E5M8	AF	520
Q8E5V8	AF	622
Q8EFW4	AF	711
Q8EIX3	AF	433
Q8EKN9	AF	338
Q8EKR9	AF	716
Q8EM39	AF	279
Q8ENK7	AF	500
Q8EPQ6	AF	334
Q8EPR6	AF	148
Q8EQV3	AF	254
Q8ESR4	AF	307
Q8F0R8	AF	142
Q8FBC0	AF	443
Q8FEY5	AF	96
Q8FH88	AF	424
Q8FL31	AF	283
Q8FPA7	AF	964
Q8FSF8	AF	466
Q8FSJ0	AF	222
Q8FXT2	AF	959
Q8FZP2	AF	467
Q8G089	AF	65
Q8G6B8	AF	208
Q8G6W1	AF	626
Q8G709	AF	506
Q8GQN9	AF	527
Q8GUH1	AF	834
Q8GWQ6-2	AF	205
Q8GWQ6-3	AF	213
Q8GXD6	AF	558
Q8GXD9	AF	644
Q8GY61	AF	335
Q8GYD2	AF	230
Q8H0W3	AF	331
Q8H103-2	AF	570
Q8H103	AF	613
Q8H181	AF	619
Q8H1S6-2	AF	228
Q8H1S6-3	AF	200
Q8H506	AF	762
Q8H7S7	AF	691
Q8IIK4	AF	219
Q8IQG9-2	AF	201
Q8IQG9	AF	229
Q8IRY7	AF	494
Q8IS15	AF	824
Q8IUC1	AF	163
Q8IUH3	AF	476
Q8IUM7	AF	802
Q8IUW3	AF	424
Q8IV32	AF	467
Q8IV53-2	AF	757
Q8IV53	AF	801
Q8IV76	AF	773
Q8IWW6-3	AF	794
Q8IWW6-4	AF	841
Q8IWW6	AF	846
Q8IX04-3	AF	357
Q8IX04-4	AF	341
Q8IX04	AF	471
Q8IXF0-2	AF	903
Q8IXF0-4	AF	901
Q8IXF0-6	AF	257
Q8IXF0	AF	933
Q8IXT1	AF	998
Q8IY31-2	AF	158
Q8IY31-3	AF	148
Q8IY31-4	AF	114
Q8IYB3-2	AF	902
Q8IYB3	AF	904
Q8IYG6	AF	542
Q8IYX3-3	AF	526
Q8IYX3	AF	613
Q8IYX8-2	AF	391
Q8IYX8	AF	460
Q8IZ02	AF	464
Q8IZC4-2	AF	527
Q8IZC4	AF	609
Q8IZQ8-3	AF	986
Q8IZQ8	AF	938
Q8J0U2	AF	236
Q8JI39	AF	240
Q8JIR8	AF	928
Q8JZS6	AF	575
Q8K009	AF	923
Q8K0C1-2	AF	964
Q8K0D0	AF	523
Q8K114	AF	658
Q8K1M8	AF	783
Q8K212	AF	961
Q8K2C7	AF	672
Q8K2L8	AF	797
Q8K2V6	AF	975
Q8K3A9	AF	666
Q8K3E9	AF	513
Q8K4F5	AF	307
Q8K4H1-2	AF	371
Q8K4R4-3	AF	234
Q8K4R4	AF	332
Q8K4R9-2	AF	758
Q8K4R9	AF	808
Q8K945	AF	119
Q8K961	AF	104
Q8K9L8	AF	83
Q8KA75	AF	608
Q8KBY2	AF	807
Q8KCD5	AF	294
Q8KCS5	AF	234
Q8KDS9	AF	165
Q8L163	AF	775
Q8L1A8	AF	293
Q8L500	AF	468
Q8L8A5	AF	210
Q8L999	AF	342
Q8LDS2	AF	333
Q8LGE3	AF	421
Q8LGM7	AF	816
Q8LK61	AF	496
Q8LPQ9-3	AF	577
Q8LPQ9	AF	901
Q8MAI9	AF	339
Q8MCM7	AF	506
Q8MQ70-2	AF	821
Q8MQ70-3	AF	740
Q8MQ70	AF	846
Q8MR31-2	AF	461
Q8MT06	AF	581
Q8N1A0	AF	295
Q8N3Y1	AF	598
Q8N4N3-2	AF	553
Q8N4N3	AF	616
Q8N4Q1-2	AF	155
Q8N4T8	AF	237
Q8N531	AF	539
Q8N568-2	AF	765
Q8N568-3	AF	783
Q8N568	AF	766
Q8N584	AF	583
Q8N612	AF	972
Q8N6C8-3	AF	456
Q8N6C8	AF	439
Q8N6I1-2	AF	187
Q8N7B6-2	AF	221
Q8N7B6	AF	248
Q8N7H5-2	AF	485
Q8N7H5	AF	531
Q8N8B7-2	AF	381
Q8N8E3	AF	955
Q8N8N7	AF	351
Q8N8S7-2	AF	570
Q8N8S7-3	AF	533
Q8N8S7	AF	591
Q8N983-2	AF	202
Q8N983-3	AF	164
Q8N983-6	AF	235
Q8N983-7	AF	261
Q8N9N5-2	AF	469
Q8N9N5-3	AF	442
Q8N9N5-4	AF	491
Q8N9N5-5	AF	497
Q8N9N5-6	AF	466
Q8N9N5-7	AF	508
Q8N9W4-1	AF	650
Q8N9W4-2	AF	426
Q8N9W4	AF	909
Q8NAG6	AF	615
Q8NBH2	AF	661
Q8NBP7	AF	692
Q8NCE2-2	AF	598
Q8NCE2-3	AF	538
Q8NCF0	AF	446
Q8NCU4-2	AF	514
Q8NCU4	AF	936
Q8NDB2-3	AF	755
Q8NDB2-4	AF	652
Q8NDB2	AF	785
Q8NDT2	AF	890
Q8NDZ0	AF	799
Q8NE31-3	AF	487
Q8NE31-4	AF	502
Q8NE31-5	AF	501
Q8NE31	AF	585
Q8NEF3-2	AF	529
Q8NEL9-2	AF	872
Q8NEL9-3	AF	454
Q8NEL9-4	AF	879
Q8NEP3	AF	725
Q8NFI3-3	AF	406
Q8NFI3	AF	743
Q8NFU3-4	AF	122
Q8NFU3	AF	115
Q8NFW5	AF	382
Q8NG50-10	AF	166
Q8NG50-11	AF	143
Q8NG50-12	AF	236
Q8NG50-2	AF	261
Q8NG50-3	AF	139
Q8NG50-4	AF	116
Q8NG50-5	AF	251
Q8NG50-8	AF	137
Q8NG50-9	AF	114
Q8NG50	AF	284
Q8NHP7-3	AF	572
Q8NI36	AF	895
Q8NJN3	AF	671
Q8NLC4	AF	952
Q8NSS0	AF	538
Q8NSS1	AF	99
Q8NSX5	AF	211
Q8NZI5	AF	779
Q8P302	AF	332
Q8P4S5	AF	161
Q8P6V6	AF	534
Q8P8E4	AF	624
Q8P9X8	AF	327
Q8PBG9	AF	89
Q8PBY7	AF	430
Q8PCN4	AF	417
Q8PCS4	AF	564
Q8PGH9	AF	609
Q8PI85	AF	354
Q8PIM1	AF	249
Q8PML7	AF	263
Q8PY64	AF	184
Q8QZX2-2	AF	533
Q8QZX2	AF	570
Q8R035	AF	206
Q8R0S4-1	AF	486
Q8R0S4	AF	519
Q8R179	AF	534
Q8R1S4	AF	759
Q8R3J5	AF	223
Q8R602	AF	693
Q8RC26	AF	432
Q8RIQ1	AF	423
Q8RLW0	AF	362
Q8RNP4	AF	517
Q8RU00	AF	543
Q8RUW5-2	AF	458
Q8RUW5	AF	433
Q8RWN0	AF	571
Q8RWV3	AF	416
Q8RXU4	AF	358
Q8RXU6	AF	815
Q8RY59	AF	589
Q8RZ35	AF	388
Q8S8I4	AF	104
Q8S8M2	AF	103
Q8S8Y8	AF	567
Q8S905	AF	974
Q8S944	AF	808
Q8S9J1	AF	508
Q8STF6	AF	887
Q8SWH7	AF	523
Q8T137	AF	465
Q8TAM6-2	AF	297
Q8TAP6	AF	659
Q8TAS1-2	AF	344
Q8TAS1-3	AF	345
Q8TAY7	AF	271
Q8TBC4-2	AF	449
Q8TBC4	AF	463
Q8TBK2	AF	473
Q8TBP0-2	AF	405
Q8TBP0-3	AF	278
Q8TBX8-2	AF	373
Q8TBX8-3	AF	403
Q8TBX8	AF	421
Q8TC76	AF	370
Q8TCC3-2	AF	191
Q8TCC3-3	AF	131
Q8TCX1-2	AF	352
Q8TCX1	AF	351
Q8TD16-2	AF	855
Q8TD16	AF	824
Q8TD91-2	AF	346
Q8TDC0	AF	251
Q8TE96	AF	717
Q8TEB1-2	AF	520
Q8TEB1-3	AF	446
Q8TEL6	AF	797
Q8TEV9-2	AF	787
Q8TEV9	AF	937
Q8TF05-2	AF	933
Q8TF05	AF	950
Q8TIU3	AF	421
Q8TK94	AF	412
Q8TUQ9	AF	395
Q8TX50	AF	357
Q8TYL6	AF	430
Q8U2I1	AF	265
Q8U544	AF	284
Q8U8L5	AF	420
Q8UBS0	AF	389
Q8UE33	AF	177
Q8UEU0	AF	492
Q8UK38	AF	509
Q8VBV4	AF	710
Q8VCB2-2	AF	618
Q8VCB2-3	AF	822
Q8VCE9-2	AF	793
Q8VCE9-4	AF	705
Q8VCE9	AF	796
Q8VCR2	AF	304
Q8VCW8	AF	615
Q8VDK1	AF	323
Q8VDM6	AF	859
Q8VE97	AF	489
Q8VH51	AF	530
Q8VI84	AF	807
Q8VIM5-2	AF	855
Q8VIM5-4	AF	904
Q8VIM5-5	AF	856
Q8VIM5	AF	935
Q8VWJ4	AF	515
Q8VWJ6	AF	366
Q8VY01	AF	465
Q8VYB1-2	AF	226
Q8VZC3	AF	556
Q8VZN1	AF	349
Q8VZV9-2	AF	169
Q8W1W6	AF	520
Q8W2F1	AF	526
Q8W2F3	AF	430
Q8W4J3	AF	528
Q8W4P1	AF	513
Q8WTP8-2	AF	327
Q8WW24	AF	435
Q8WWB5-2	AF	288
Q8WWB5	AF	315
Q8WWK9-5	AF	682
Q8WWK9-6	AF	634
Q8WXA2	AF	126
Q8WXB1-2	AF	90
Q8WXI4	AF	607
Q8WYA1-2	AF	622
Q8WYA1-3	AF	599
Q8WYA1-4	AF	588
Q8WYA1-5	AF	602
Q8WYA1-6	AF	551
Q8WYA1-7	AF	585
Q8WYA1-8	AF	572
Q8WYA1-9	AF	540
Q8WYJ6	AF	372
Q8WYP3	AF	895
Q8WZ60	AF	621
Q8WZM3	AF	386
Q8X119	AF	375
Q8X1X3	AF	338
Q8X6I4	AF	841
Q8X743	AF	883
Q8X9U4	AF	205
Q8XHV7	AF	130
Q8XKK0	AF	428
Q8XNB4	AF	219
Q8XT53	AF	537
Q8XT73	AF	541
Q8XV39	AF	132
Q8XZJ1	AF	247
Q8Y6X9	AF	883
Q8YDC6	AF	343
Q8YGG7	AF	438
Q8YIV5	AF	346
Q8YJS5	AF	636
Q8YMX6	AF	400
Q8YT80	AF	540
Q8YVU6	AF	323
Q8YWW1	AF	808
Q8YZS3	AF	309
Q8Z1U7	AF	549
Q8Z3K8	AF	436
Q8Z4Z3	AF	666
Q8Z5U4	AF	131
Q8Z662	AF	479
Q8Z8F8	AF	555
Q8Z9J4	AF	968
Q8ZB81	AF	130
Q8ZBL9	AF	426
Q8ZC64	AF	434
Q8ZCS5	AF	650
Q8ZEL9	AF	239
Q8ZEV0	AF	598
Q8ZH78	AF	368
Q8ZK31	AF	951
Q8ZM76	AF	957
Q8ZNB9	AF	270
Q8ZP15	AF	239
Q8ZTD3	AF	238
Q8ZTJ3	AF	608
Q8ZU30	AF	194
Q8ZYM4	AF	120
Q90384	AF	200
Q90477	AF	275
Q90481	AF	269
Q90502	AF	603
Q90722	AF	214
Q91372	AF	700
Q91584	AF	348
Q91X91	AF	299
Q91XU1	AF	341
Q91YB0	AF	865
Q91YE9	AF	573
Q91YL3	AF	548
Q91YM4	AF	630
Q91YN5-2	AF	505
Q91YN5-3	AF	521
Q91YP6	AF	381
Q91YS8	AF	374
Q920H1-1	AF	139
Q920H1	AF	91
Q920M5-3	AF	431
Q920M5-4	AF	472
Q920M5	AF	471
Q92155	AF	455
Q921C5-2	AF	851
Q921C5	AF	820
Q921U8-3	AF	469
Q921U8	AF	923
Q92400	AF	506
Q92457	AF	746
Q92496	AF	578
Q924H2	AF	789
Q92503-3	AF	681
Q92503	AF	715
Q92506	AF	261
Q92552-2	AF	428
Q92564-3	AF	336
Q92564	AF	292
Q92567	AF	244
Q925G1	AF	669
Q925Q8	AF	634
Q925S4	AF	181
Q92600-2	AF	331
Q92600-3	AF	258
Q92636-2	AF	948
Q92636	AF	917
Q92688	AF	251
Q92734-3	AF	284
Q92734	AF	400
Q92738-2	AF	845
Q92772	AF	493
Q92786	AF	737
Q92830-2	AF	427
Q92841-1	AF	650
Q92841-2	AF	652
Q92841-3	AF	652
Q92902-2	AF	667
Q92902-4	AF	680
Q92990-2	AF	417
Q92F90	AF	664
Q92GU2	AF	447
Q92HK6	AF	186
Q92MY3	AF	154
Q92QZ1	AF	274
Q92R32	AF	532
Q92T27	AF	339
Q93324	AF	900
Q93794	AF	587
Q93MM7	AF	342
Q93Q55	AF	415
Q93YU8	AF	796
Q93YZ7-2	AF	421
Q93YZ7-3	AF	469
Q93Z30	AF	459
Q93ZB1-2	AF	187
Q93ZG3	AF	450
Q93ZG7	AF	496
Q93ZM7	AF	572
Q940Z2-3	AF	590
Q940Z2	AF	724
Q941I6-2	AF	733
Q941I6	AF	923
Q944H0	AF	491
Q94519	AF	152
Q94527-2	AF	859
Q94547-2	AF	579
Q94547	AF	585
Q948J9	AF	278
Q948R6	AF	759
Q94918	AF	623
Q949M9	AF	353
Q94A57-2	AF	298
Q94A97-2	AF	154
Q94A97	AF	153
Q94AC8	AF	274
Q94AI4	AF	775
Q94B08	AF	376
Q94BQ3	AF	757
Q94C48	AF	437
Q94CB1	AF	619
Q94CE5-2	AF	513
Q94ID3	AF	357
Q94JM3	AF	859
Q94K05	AF	549
Q94K85-2	AF	359
Q95JC9-2	AF	511
Q95JC9	AF	676
Q95JS9-2	AF	836
Q95JS9	AF	833
Q95LP5	AF	855
Q95LV5-2	AF	529
Q95LV5	AF	718
Q95QT8	AF	574
Q95RV2-2	AF	337
Q95RV2-3	AF	343
Q95SX7	AF	906
Q95XP9-3	AF	309
Q95XP9	AF	630
Q95XQ1	AF	578
Q95XR2	AF	465
Q95XR4	AF	690
Q95Y80	AF	853
Q95ZQ4-2	AF	624
Q95ZQ4-3	AF	562
Q95ZQ4	AF	626
Q967Z0	AF	692
Q969K4	AF	478
Q96A58	AF	199
Q96A83-2	AF	439
Q96A83	AF	441
Q96AA8-2	AF	799
Q96AA8-4	AF	778
Q96AA8	AF	810
Q96AE4-2	AF	653
Q96AQ7-4	AF	248
Q96AQ7	AF	238
Q96AV8-2	AF	728
Q96AV8-3	AF	895
Q96AV8	AF	911
Q96BN6	AF	582
Q96C86	AF	337
Q96CN4-2	AF	805
Q96CT2	AF	875
Q96DI7-2	AF	409
Q96DR7	AF	871
Q96DX5-2	AF	262
Q96DX5-3	AF	252
Q96DZ1-3	AF	457
Q96DZ1	AF	483
Q96E29-2	AF	327
Q96EK7	AF	910
Q96EN8	AF	888
Q96EW2-3	AF	280
Q96FV2	AF	425
Q96G01-3	AF	873
Q96G01-4	AF	835
Q96GC5	AF	212
Q96GD3-2	AF	648
Q96GD3-3	AF	599
Q96GD3-4	AF	591
Q96GD3-5	AF	577
Q96GN5-2	AF	453
Q96GN5-4	AF	420
Q96GN5-5	AF	408
Q96GW9	AF	593
Q96HH9-3	AF	447
Q96HH9-4	AF	416
Q96HH9	AF	432
Q96I25	AF	401
Q96IZ7	AF	334
Q96J01	AF	351
Q96JB8-2	AF	593
Q96JB8-4	AF	602
Q96JB8	AF	637
Q96L34	AF	752
Q96LB8	AF	373
Q96LC9	AF	184
Q96LM6	AF	180
Q96LX7	AF	622
Q96M02	AF	699
Q96M11	AF	299
Q96M27-2	AF	464
Q96M27-5	AF	418
Q96M27	AF	445
Q96M61	AF	343
Q96M94	AF	604
Q96MD7	AF	179
Q96MN2-2	AF	863
Q96MN2-3	AF	919
Q96MN2	AF	994
Q96MY7-2	AF	710
Q96N64-2	AF	560
Q96NJ5-2	AF	584
Q96NJ5-3	AF	551
Q96NJ5	AF	620
Q96P44-2	AF	323
Q96P44-3	AF	954
Q96PV6	AF	800
Q96Q27	AF	635
Q96RR4-2	AF	533
Q96RR4-3	AF	541
Q96RR4-4	AF	545
Q96RR4-5	AF	498
Q96RR4-6	AF	490
Q96RR4-7	AF	556
Q96S16	AF	264
Q96S94-2	AF	227
Q96S94-4	AF	236
Q96SL4	AF	187
Q96U60	AF	743
Q96YV7	AF	172
Q96ZD6	AF	148
Q970I2	AF	439
Q971U6	AF	472
Q972D2	AF	472
Q976J5	AF	349
Q976M1	AF	381
Q97CC8	AF	190
Q97KZ2	AF	420
Q97QS8	AF	642
Q97R94	AF	420
Q97SS0	AF	833
Q97SU7	AF	178
Q98N33	AF	336
Q98QD7	AF	156
Q98QK9	AF	145
Q99551	AF	399
Q99932-1	AF	426
Q99932	AF	485
Q99J39	AF	492
Q99JA2	AF	131
Q99MD9-2	AF	421
Q99MD9	AF	773
Q99ML5	AF	504
Q99MX1	AF	835
Q99PT1	AF	204
Q99PT9	AF	997
Q99R07	AF	877
Q99RX9	AF	204
Q99W48	AF	953
Q99XP1	AF	423
Q9A232	AF	196
Q9A5F3	AF	220
Q9A871	AF	909
Q9A8N3	AF	906
Q9ABB6	AF	377
Q9AGP8	AF	830
Q9AXQ6	AF	159
Q9AXQ7	AF	160
Q9BKZ9-2	AF	640
Q9BKZ9-3	AF	554
Q9BKZ9	AF	665
Q9BPX5	AF	153
Q9BQ65	AF	265
Q9BQB4-2	AF	217
Q9BRK4	AF	669
Q9BRL6	AF	282
Q9BSD3	AF	238
Q9BSQ5-4	AF	386
Q9BSQ5	AF	444
Q9BST9-2	AF	550
Q9BST9	AF	563
Q9BT25-2	AF	349
Q9BT25-3	AF	409
Q9BU40-3	AF	378
Q9BU40-4	AF	458
Q9BU40-5	AF	457
Q9BU40	AF	456
Q9BW66-3	AF	227
Q9BW66	AF	212
Q9BW83	AF	186
Q9BWU0-1	AF	796
Q9BWU1	AF	502
Q9BXD5-2	AF	301
Q9BXD5-3	AF	284
Q9BYQ0	AF	159
Q9BZ23-3	AF	447
Q9BZ23	AF	570
Q9BZP6-2	AF	368
Q9C0F1-2	AF	399
Q9C0K7-2	AF	377
Q9C0K7	AF	418
Q9C507	AF	787
Q9C585	AF	871
Q9C587	AF	956
Q9C5E7-2	AF	855
Q9C5E7-3	AF	864
Q9C5E7-4	AF	858
Q9C5E7	AF	861
Q9C5H9-2	AF	679
Q9C5S1	AF	784
Q9C670	AF	390
Q9C6T1	AF	505
Q9C7M1	AF	422
Q9C8E6	AF	843
Q9C9G6-2	AF	159
Q9CA04	AF	449
Q9CAI5	AF	465
Q9CAN6	AF	590
Q9CB45	AF	226
Q9CCW6	AF	241
Q9CD72	AF	778
Q9CDS1	AF	877
Q9CGX1	AF	365
Q9CGY1	AF	295
Q9CHG0	AF	325
Q9CI06	AF	692
Q9CNQ2	AF	986
Q9CQM6	AF	421
Q9CR11	AF	227
Q9CR21	AF	156
Q9CRC9-2	AF	274
Q9CRC9	AF	276
Q9CSP9-2	AF	438
Q9CSP9-3	AF	435
Q9CSP9	AF	766
Q9CW46-2	AF	270
Q9CWH6	AF	250
Q9CWV6	AF	186
Q9CWZ3	AF	174
Q9CXF7-2	AF	882
Q9CXF7	AF	900
Q9CZV8-4	AF	422
Q9CZV8	AF	436
Q9D032	AF	388
Q9D067-2	AF	689
Q9D067-4	AF	663
Q9D0L8-2	AF	369
Q9D0L8	AF	465
Q9D2H9	AF	634
Q9D300-2	AF	469
Q9D439	AF	514
Q9D486-3	AF	485
Q9D486	AF	773
Q9D7I8	AF	585
Q9D7Z3	AF	254
Q9D9W1-2	AF	246
Q9DBM2	AF	718
Q9DBQ9-2	AF	929
Q9DBQ9	AF	907
Q9DBR3-2	AF	399
Q9DC33-2	AF	379
Q9DCB1-2	AF	77
Q9DCB1	AF	99
Q9DEA3	AF	262
Q9DF35	AF	759
Q9EP95	AF	111
Q9EPL9	AF	700
Q9EQH4-2	AF	305
Q9EQH4-4	AF	322
Q9EQH4-5	AF	221
Q9EQH4	AF	308
Q9ER88	AF	391
Q9ERA6	AF	838
Q9ERE9	AF	830
Q9ERZ6-2	AF	748
Q9ERZ6	AF	759
Q9ES64-2	AF	859
Q9ES64-3	AF	606
Q9EST4	AF	264
Q9EXV1	AF	303
Q9F5X1	AF	631
Q9F7D4	AF	338
Q9FFN1	AF	896
Q9FFQ1	AF	716
Q9FFY9	AF	640
Q9FG68	AF	329
Q9FGC7	AF	667
Q9FGD7-2	AF	791
Q9FGJ4	AF	131
Q9FH40	AF	268
Q9FI80	AF	646
Q9FIB2	AF	995
Q9FIF8	AF	729
Q9FIG8	AF	930
Q9FIH1	AF	388
Q9FJF4-3	AF	208
Q9FJG9-3	AF	452
Q9FJV5	AF	276
Q9FJY5	AF	524
Q9FK12	AF	354
Q9FK47-2	AF	400
Q9FK47-3	AF	396
Q9FKB5	AF	222
Q9FKM3	AF	520
Q9FLR3	AF	329
Q9FLX6	AF	893
Q9FM55	AF	449
Q9FM64	AF	830
Q9FM94	AF	421
Q9FMF6	AF	730
Q9FN42	AF	241
Q9FN69	AF	637
Q9FNQ0	AF	625
Q9FNY0-3	AF	531
Q9FNY0	AF	485
Q9FNY7	AF	365
Q9FPN7	AF	196
Q9FPW6-2	AF	561
Q9FQ20	AF	810
Q9FSC1	AF	391
Q9FT77-2	AF	670
Q9FT77-3	AF	638
Q9FWA6	AF	903
Q9FWC1	AF	563
Q9FX53	AF	406
Q9FXD6	AF	521
Q9FXT4	AF	417
Q9FY99	AF	596
Q9FYE1	AF	325
Q9FZ92	AF	622
Q9FZA2	AF	359
Q9GKI7	AF	624
Q9GKK3	AF	241
Q9GKY5-2	AF	117
Q9GKY5	AF	118
Q9GLD0	AF	153
Q9GQV6	AF	84
Q9GT24	AF	706
Q9GV16	AF	503
Q9GZP0	AF	370
Q9GZS1-1	AF	481
Q9GZV1	AF	360
Q9H069	AF	523
Q9H078-2	AF	677
Q9H078-3	AF	648
Q9H078-4	AF	662
Q9H0K6	AF	701
Q9H0W8	AF	520
Q9H169-2	AF	216
Q9H169-3	AF	167
Q9H169-4	AF	203
Q9H169	AF	189
Q9H1B4-2	AF	368
Q9H1B4-4	AF	305
Q9H1B4-6	AF	365
Q9H2G4	AF	693
Q9H2L5-2	AF	330
Q9H2L5	AF	321
Q9H3C7	AF	697
Q9H3G5	AF	476
Q9H3U1	AF	944
Q9H497	AF	397
Q9H4X1	AF	137
Q9H6J7-3	AF	274
Q9H6J7-4	AF	326
Q9H6J7	AF	331
Q9H6Z4-2	AF	562
Q9H6Z4-3	AF	499
Q9H7C4	AF	482
Q9H867	AF	229
Q9H892-2	AF	732
Q9H8H2-2	AF	778
Q9H8H2-5	AF	746
Q9H8H2	AF	851
Q9H8K7	AF	445
Q9H981	AF	624
Q9H9Q2-3	AF	273
Q9HA47-3	AF	268
Q9HA47	AF	277
Q9HAD4	AF	459
Q9HAF1-2	AF	191
Q9HAF1-4	AF	192
Q9HAF1	AF	191
Q9HAQ2	AF	790
Q9HC96-2	AF	544
Q9HC96-4	AF	513
Q9HC96-5	AF	444
Q9HC96	AF	672
Q9HCG8	AF	908
Q9HDS6	AF	897
Q9HGI4	AF	662
Q9HHY2	AF	667
Q9HK31	AF	910
Q9HMQ3	AF	485
Q9HMV6	AF	783
Q9HPA5	AF	192
Q9HPZ2	AF	600
Q9HSL2	AF	196
Q9HTN2	AF	301
Q9HU83	AF	559
Q9HVP8	AF	203
Q9HWD9	AF	91
Q9HYT6	AF	950
Q9HZJ2	AF	715
Q9I467	AF	490
Q9I9N0	AF	109
Q9JHC6	AF	250
Q9JI13	AF	469
Q9JI33	AF	628
Q9JII5	AF	406
Q9JJH5-2	AF	529
Q9JJH5-3	AF	534
Q9JJH5-4	AF	474
Q9JK37	AF	296
Q9JKL7	AF	494
Q9JL35	AF	406
Q9JSZ8	AF	469
Q9JUC9	AF	852
Q9JXQ5	AF	687
Q9JZR3	AF	250
Q9K0K5	AF	121
Q9K4F6	AF	141
Q9KIQ6	AF	287
Q9KNF3	AF	902
Q9KNR6	AF	96
Q9KPF6	AF	475
Q9KQH0	AF	315
Q9KSG8	AF	545
Q9KUW2	AF	177
Q9L0L7	AF	383
Q9L291	AF	357
Q9L6S1	AF	674
Q9LCS6	AF	302
Q9LD55	AF	987
Q9LDY8	AF	317
Q9LE33	AF	323
Q9LE89	AF	347
Q9LES3	AF	297
Q9LFE2	AF	876
Q9LFE4	AF	853
Q9LFT8	AF	505
Q9LIE7	AF	820
Q9LJN4	AF	781
Q9LK18	AF	137
Q9LK73-2	AF	451
Q9LK73-3	AF	446
Q9LME6	AF	524
Q9LNP2	AF	731
Q9LQE3	AF	593
Q9LQM1	AF	422
Q9LS00	AF	357
Q9LS68	AF	761
Q9LSB4-2	AF	734
Q9LSB4	AF	772
Q9LSI7	AF	317
Q9LSL9	AF	915
Q9LTX2	AF	619
Q9LUL5	AF	710
Q9LUV7	AF	428
Q9LV77-2	AF	579
Q9LVD0	AF	289
Q9LVD3	AF	971
Q9LW22	AF	133
Q9LX33	AF	326
Q9LXR9	AF	348
Q9LYU9	AF	752
Q9LZK5	AF	346
Q9M0V4	AF	504
Q9M374	AF	315
Q9M401	AF	413
Q9M4P3	AF	656
Q9M6E9	AF	547
Q9M7Q4	AF	416
Q9M7Z1	AF	483
Q9M8Z7-2	AF	637
Q9M9E2	AF	866
Q9MA15	AF	711
Q9MA55-2	AF	669
Q9MAQ3	AF	892
Q9MUN9	AF	119
Q9MUY3	AF	513
Q9N0N3-3	AF	383
Q9N0N3	AF	491
Q9N3Z3-2	AF	414
Q9N3Z3	AF	503
Q9N4V0	AF	208
Q9N593-2	AF	790
Q9NAD6-2	AF	567
Q9NAD6-3	AF	703
Q9NAE2	AF	670
Q9NAL4	AF	667
Q9NB31	AF	497
Q9NDA5	AF	63
Q9NEU2	AF	801
Q9NFT7	AF	486
Q9NFU0-2	AF	681
Q9NFU0-3	AF	643
Q9NFU0-4	AF	529
Q9NFU0	AF	684
Q9NJC4	AF	74
Q9NJH0	AF	431
Q9NL89	AF	495
Q9NQ29-3	AF	354
Q9NQ29	AF	371
Q9NQ55-3	AF	520
Q9NQ55	AF	473
Q9NQG7-3	AF	703
Q9NQG7	AF	708
Q9NQR1-2	AF	352
Q9NQR1	AF	393
Q9NQZ3	AF	744
Q9NR21	AF	338
Q9NRA8-2	AF	811
Q9NRA8-3	AF	986
Q9NRA8	AF	985
Q9NRN5	AF	406
Q9NRZ9-2	AF	822
Q9NRZ9-3	AF	806
Q9NRZ9-4	AF	782
Q9NRZ9-5	AF	740
Q9NRZ9-6	AF	708
Q9NRZ9-7	AF	345
Q9NRZ9	AF	838
Q9NSE2-2	AF	264
Q9NSE2-3	AF	275
Q9NUZ1-2	AF	517
Q9NUZ1-4	AF	580
Q9NUZ1	AF	547
Q9NV23-2	AF	318
Q9NVD3	AF	440
Q9NVF9-2	AF	394
Q9NVF9	AF	386
Q9NVM9	AF	706
Q9NVQ4-3	AF	201
Q9NVQ4	AF	179
Q9NVR7	AF	557
Q9NWB7	AF	429
Q9NWH7	AF	488
Q9NWM0-2	AF	502
Q9NWM0-4	AF	532
Q9NWM0-6	AF	585
Q9NWU5-3	AF	126
Q9NX45-3	AF	502
Q9NXD2	AF	777
Q9NXH3	AF	145
Q9NY27-2	AF	360
Q9NY27-3	AF	361
Q9NY93	AF	547
Q9NYB9-2	AF	475
Q9NYB9	AF	513
Q9NYF5-2	AF	887
Q9NYF5-3	AF	791
Q9NYF5	AF	915
Q9NYJ1-2	AF	96
Q9NYK5-2	AF	353
Q9NYY1	AF	176
Q9NYY3	AF	685
Q9NYY8	AF	710
Q9NZC4-3	AF	322
Q9NZC4	AF	300
Q9NZE8	AF	188
Q9NZI5	AF	618
Q9NZL9-2	AF	323
Q9NZL9-4	AF	306
Q9NZL9	AF	334
Q9NZT2	AF	677
Q9P0K7-3	AF	972
Q9P0K7-4	AF	951
Q9P0K7	AF	980
Q9P0V9-2	AF	503
Q9P0V9	AF	454
Q9P0W8-2	AF	567
Q9P0W8	AF	599
Q9P1U1	AF	418
Q9P2M1-2	AF	349
Q9P2N2-2	AF	670
Q9P2N2-5	AF	570
Q9P2N2	AF	729
Q9P7X7	AF	433
Q9P8I0	AF	572
Q9PA69	AF	724
Q9PA85	AF	122
Q9PDK5	AF	220
Q9PGR3	AF	892
Q9PGX7	AF	418
Q9PJT7	AF	442
Q9PJV5	AF	157
Q9PK92	AF	934
Q9PM41	AF	362
Q9PNK3	AF	809
Q9QUL0	AF	211
Q9QXU7-3	AF	86
Q9QXU7	AF	128
Q9QY83	AF	418
Q9QZ86	AF	534
Q9QZD4	AF	917
Q9QZH6	AF	435
Q9QZS5	AF	367
Q9R0R4	AF	77
Q9R9N5	AF	348
Q9RBS0	AF	344
Q9RQJ9	AF	208
Q9RS19	AF	438
Q9RSF0	AF	823
Q9RST0	AF	122
Q9RT22	AF	338
Q9RU19	AF	362
Q9RUE2	AF	218
Q9RY06	AF	913
Q9S597	AF	826
Q9S702	AF	559
Q9S746	AF	594
Q9S773	AF	389
Q9SA41	AF	381
Q9SB00	AF	496
Q9SB47	AF	319
Q9SF15	AF	456
Q9SFB7	AF	439
Q9SFV9	AF	880
Q9SG80	AF	678
Q9SG92	AF	276
Q9SGU3	AF	296
Q9SHV7	AF	935
Q9SI53	AF	630
Q9SI78	AF	485
Q9SII8	AF	551
Q9SIS3	AF	608
Q9SJX7	AF	433
Q9SKE2-2	AF	520
Q9SKE2	AF	575
Q9SKN5	AF	693
Q9SN78	AF	333
Q9SQX9	AF	447
Q9SRZ0	AF	742
Q9SS60	AF	882
Q9STV4-2	AF	450
Q9SU25	AF	649
Q9SU72	AF	623
Q9SU79	AF	533
Q9SU91	AF	336
Q9SUN6-2	AF	832
Q9SUN6	AF	856
Q9SV15	AF	325
Q9SW11	AF	835
Q9SY02	AF	781
Q9SY60	AF	769
Q9SYL6	AF	348
Q9SZY3	AF	775
Q9TIR3	AF	510
Q9TLV6	AF	124
Q9TRY9	AF	668
Q9TUZ1	AF	799
Q9U1H9	AF	672
Q9U226-2	AF	309
Q9U226	AF	342
Q9U2I0-2	AF	325
Q9U2I0-3	AF	314
Q9U2I0-4	AF	331
Q9U2I0-5	AF	306
Q9U2I0-6	AF	189
Q9U2I0	AF	327
Q9U2M8	AF	781
Q9U389	AF	402
Q9UBB4	AF	475
Q9UBC1-2	AF	358
Q9UBC1-3	AF	366
Q9UBU8	AF	362
Q9UD71	AF	204
Q9UDY8	AF	824
Q9UER7-2	AF	710
Q9UER7-3	AF	665
Q9UER7-4	AF	688
Q9UER7-5	AF	682
Q9UEW8	AF	545
Q9UF56-2	AF	314
Q9UFE4	AF	941
Q9UG22	AF	337
Q9UGJ0-2	AF	328
Q9UGJ0	AF	569
Q9UGM5	AF	382
Q9UHL9-2	AF	944
Q9UHL9-3	AF	976
Q9UHL9	AF	959
Q9UHQ1-2	AF	502
Q9UHQ1-4	AF	397
Q9UHQ1	AF	456
Q9UHR5	AF	308
Q9UIK4-2	AF	488
Q9UIL4	AF	384
Q9UJA3-2	AF	793
Q9UJA3-3	AF	824
Q9UJA3-4	AF	880
Q9UJA3	AF	840
Q9UJX2-3	AF	479
Q9UJX2	AF	597
Q9UKA8-2	AF	231
Q9UKB1-2	AF	508
Q9UKB1-3	AF	529
Q9UKB1	AF	542
Q9UKT8	AF	454
Q9UKU7-3	AF	357
Q9UKU7	AF	415
Q9ULC4-2	AF	169
Q9ULC4	AF	181
Q9ULJ1-2	AF	620
Q9ULJ1-3	AF	620
Q9ULJ1-4	AF	644
Q9ULJ1-5	AF	513
Q9ULJ1-6	AF	591
Q9ULJ1	AF	636
Q9ULR0-1	AF	331
Q9ULR0-2	AF	307
Q9UN86	AF	482
Q9UNF1	AF	606
Q9UUA2-2	AF	785
Q9UUA2	AF	805
Q9UUI7	AF	891
Q9UX21	AF	224
Q9UY11	AF	385
Q9V0B9	AF	967
Q9V3R1	AF	912
Q9V4Z9	AF	858
Q9V7N5-3	AF	442
Q9V895-2	AF	363
Q9V8K2	AF	738
Q9VA37-2	AF	205
Q9VCI3-2	AF	325
Q9VCI3	AF	431
Q9VD51	AF	680
Q9VD83	AF	173
Q9VDV3	AF	546
Q9VFP2-2	AF	374
Q9VFP2-3	AF	403
Q9VFP2-4	AF	406
Q9VGU5	AF	872
Q9VJY9-2	AF	419
Q9VJY9-4	AF	359
Q9VJY9	AF	465
Q9VKG9	AF	597
Q9VL14-4	AF	94
Q9VL14	AF	118
Q9VNS0-2	AF	462
Q9VNX8	AF	638
Q9VTE9	AF	524
Q9VUK8-2	AF	679
Q9VUK8	AF	765
Q9VUQ8	AF	288
Q9VVK8	AF	594
Q9VVW5	AF	411
Q9VVY3	AF	681
Q9VXT7	AF	332
Q9VZQ1-2	AF	710
Q9VZQ1	AF	721
Q9W032	AF	684
Q9W092	AF	484
Q9W0K0	AF	490
Q9W0S8	AF	163
Q9W278	AF	818
Q9W2M2-2	AF	560
Q9W2M2	AF	596
Q9W2U4	AF	609
Q9W358	AF	573
Q9W3Y4	AF	977
Q9W7L4	AF	335
Q9WV25	AF	564
Q9WVG9	AF	525
Q9WVK3	AF	303
Q9WVR8	AF	610
Q9WX29	AF	586
Q9WY15	AF	824
Q9WYN9	AF	344
Q9WZ44	AF	335
Q9X0Z9	AF	475
Q9X1B9	AF	185
Q9X5M0	AF	550
Q9X6N4	AF	495
Q9XD24	AF	182
Q9XDL1	AF	719
Q9XEC3	AF	528
Q9XFM4	AF	538
Q9XGX4	AF	180
Q9XVI2	AF	811
Q9Y0C9	AF	838
Q9Y215-2	AF	445
Q9Y215-3	AF	421
Q9Y215-4	AF	451
Q9Y215-5	AF	446
Q9Y215-6	AF	291
Q9Y215-7	AF	281
Q9Y215-8	AF	329
Q9Y237-2	AF	156
Q9Y237-3	AF	133
Q9Y237	AF	131
Q9Y258	AF	94
Q9Y2B5-2	AF	662
Q9Y2D8-3	AF	587
Q9Y2D8	AF	614
Q9Y2G2-1	AF	431
Q9Y2G2-4	AF	487
Q9Y2J4-2	AF	780
Q9Y2J4-3	AF	777
Q9Y2J4	AF	779
Q9Y2Q3-2	AF	282
Q9Y2Q3-4	AF	183
Q9Y2Q3	AF	226
Q9Y2R2-2	AF	691
Q9Y2R2-3	AF	752
Q9Y2R2-4	AF	779
Q9Y2R2-6	AF	668
Q9Y2R2	AF	807
Q9Y2W1	AF	955
Q9Y2Z0	AF	365
Q9Y315	AF	318
Q9Y316-2	AF	274
Q9Y316	AF	297
Q9Y337	AF	293
Q9Y3I1-3	AF	408
Q9Y3I1	AF	522
Q9Y421-2	AF	107
Q9Y421-3	AF	92
Q9Y450-4	AF	642
Q9Y450	AF	684
Q9Y484-2	AF	371
Q9Y484-3	AF	361
Q9Y570-4	AF	400
Q9Y572-2	AF	252
Q9Y5A7	AF	615
Q9Y5B6-4	AF	511
Q9Y5B6	AF	917
Q9Y5J1	AF	556
Q9Y5L0-3	AF	909
Q9Y5L0-5	AF	859
Q9Y5L0	AF	923
Q9Y5Z4	AF	205
Q9Y606	AF	427
Q9Y616	AF	596
Q9Y620	AF	910
Q9Y6B2	AF	187
Q9Y6F1-2	AF	540
Q9Y6J8-3	AF	318
Q9Y6J8	AF	313
Q9Y6N9-2	AF	521
Q9Y6N9-4	AF	533
Q9Y6N9-5	AF	899
Q9Y6Y9	AF	160
Q9Y7J8	AF	836
Q9Y7T7	AF	662
Q9Y825	AF	408
Q9YAZ0	AF	823
Q9YFQ8	AF	735
Q9YGL7-2	AF	335
Q9YGL7	AF	363
Q9YGW9	AF	83
Q9Z220	AF	712
Q9Z221	AF	971
Q9Z223	AF	189
Q9Z2B9	AF	773
Q9Z2H5-2	AF	867
Q9Z2H5-3	AF	731
Q9Z2L9-2	AF	384
Q9Z2L9-3	AF	404
Q9Z2L9-4	AF	339
Q9Z2L9-6	AF	391
Q9Z2L9	AF	352
Q9Z2M4	AF	292
Q9Z2S7-4	AF	234
Q9Z321	AF	862
Q9Z6S1	AF	304
Q9Z7Y2	AF	458
Q9Z987	AF	940
Q9Z9G8	AF	101
Q9ZA11	AF	506
Q9ZC91	AF	209
Q9ZCB8	AF	414
Q9ZCV1	AF	67
Q9ZCV3	AF	203
Q9ZE08	AF	186
Q9ZFE0	AF	546
Q9ZN52	AF	276
Q9ZNM0	AF	160
Q9ZPV5	AF	764
Q9ZPW3	AF	337
Q9ZQ47-2	AF	586
Q9ZQI0	AF	761
Q9ZRV4	AF	737
Q9ZU72	AF	470
Q9ZVI1	AF	424
Q9ZVY5	AF	455
Q9ZWJ9	AF	664
S4TF94	AF	527
T2HG31	AF	332
U4PCM1-3	AF	219
V6CJ04	AF	737
W0W999	AF	299
W1QB31	AF	95
W6R1D9	AF	707
X5HYT8	AF	425
X5IWS1	AF	82
	AF	147
	AF	147
	AF	147
	AF	147
	AF	147
	AF	147
	AF	192
	AF	161
	AF	273
	AF	273
	AF	273
	AF	341
	AF	341
	AF	320
	AF	320
	AF	386
	AF	386
	AF	386
	AF	386
	AF	386
	AF	386
	AF	386
	AF	386
	AF	386
	AF	386
	AF	386
	AF	386
	AF	668
	AF	668
	AF	668
	AF	668
	AF	668
	AF	668
	AF	668
	AF	668
	AF	668
	AF	668
	AF	668
	AF	668
	AF	504
	AF	504
	AF	504
	AF	504
	AF	504
	AF	504
	AF	508
	AF	508
	AF	283
	AF	283
	AF	283
	AF	283
	AF	283
	AF	283
	AF	283
	AF	283
	AF	283
	AF	238
	AF	238
	AF	238
	AF	374
	AF	374
	AF	257
	AF	257
	AF	257
	AF	257
	AF	68
	AF	68
	AF	68
	AF	68
	AF	68
	AF	68
	AF	68
	AF	68
	AF	68
	AF	68
	AF	68
	AF	68
	AF	68
	AF	68
	AF	68
	AF	68
	AF	332
	AF	332
	AF	332
	AF	332
	AF	332
	AF	228
	AF	282
	AF	345
	AF	345
	AF	345
	AF	345
	AF	72
	AF	72
	AF	207
	AF	207
	AF	207
	AF	207
	AF	107
	AF	107
	AF	107
	AF	107
	AF	107
	AF	107
	AF	107
	AF	107
	AF	324
	AF	212
	AF	212
	AF	212
	AF	212
	AF	212
	AF	318
	AF	318
	AF	318
	AF	229
	AF	229
	AF	229
	AF	726
	AF	726
	AF	726
	AF	726
	AF	497
	AF	497
	AF	497
	AF	552
	AF	552
	AF	552
	AF	552
	AF	552
	AF	552
	AF	552
	AF	552
	AF	545
	AF	545
	AF	545
	AF	545
	AF	716
	AF	716
	AF	716
	AF	716
	AF	716
	AF	716
	AF	716
	AF	716
	AF	716
	AF	716
	AF	716
	AF	716
	AF	716
	AF	716
	AF	716
	AF	716
	AF	716
	AF	716
	AF	716
	AF	716
	AF	716
	AF	716
	AF	716
	AF	716
	AF	716
	AF	188
	AF	188
	AF	188
	AF	188
	AF	454
	AF	454
	AF	626
	AF	626
	AF	626
	AF	257
	AF	257
	AF	257
	AF	257
	AF	257
	AF	257
	AF	257
	AF	257
	AF	257
	AF	446
	AF	446
	AF	446
	AF	446
	AF	446
	AF	446
	AF	446
	AF	446
	AF	446
	AF	446
	AF	446
	AF	446
	AF	446
	AF	667
	AF	459
	AF	459
	AF	459
	AF	459
	AF	113
	AF	267
	AF	63
	AF	129
	AF	129
	AF	129
	AF	129
	AF	715
	AF	236
	AF	236
	AF	212
	AF	212
	AF	212
	AF	212
	AF	169
	AF	169
	AF	169
	AF	169
	AF	274
	AF	147
	AF	147
	AF	147
	AF	147
	AF	147
	AF	147
	AF	147
	AF	147
	AF	147
	AF	147
	AF	282
	AF	194
	AF	392
	AF	392
	AF	392
	AF	392
	AF	624
	AF	624
	AF	624
	AF	624
	AF	419
	AF	419
	AF	419
	AF	419
	AF	471
	AF	471
	AF	471
	AF	471
	AF	266
	AF	86
	AF	86
	AF	86
	AF	277
	AF	274
	AF	198
	AF	198
	AF	256
	AF	256
	AF	189
	AF	163
	AF	163
	AF	386
	AF	386
	AF	386
	AF	386
	AF	360
	AF	267
	AF	267
	AF	267
	AF	267
	AF	267
	AF	267
	AF	267
	AF	267
	AF	267
	AF	267
	AF	267
	AF	267
	AF	267
	AF	267
	AF	267
	AF	267
	AF	253
	AF	253
	AF	253
	AF	253
	AF	253
	AF	253
	AF	253
	AF	253
	AF	253
	AF	253
	AF	253
	AF	253
	AF	381
	AF	244
	AF	244
	AF	244
	AF	244
	AF	760
	AF	445
	AF	98
	AF	98
	AF	98
	AF	98
	AF	98
	AF	98
	AF	98
	AF	98
	AF	98
	AF	98
	AF	98
	AF	98
	AF	148
	AF	148
	AF	406
	AF	406
	AF	406
	AF	406
	AF	406
	AF	406
	AF	406
	AF	406
	AF	406
	AF	406
	AF	406
	AF	406
	AF	406
	AF	406
	AF	406
	AF	406
	AF	406
	AF	406
	AF	406
	AF	406
	AF	406
	AF	406
	AF	406
	AF	406
	AF	406
	AF	406
	AF	406
	AF	406
	AF	406
	AF	406
	AF	406
	AF	406
	AF	406
	AF	406
	AF	406
	AF	406
	AF	406
	AF	406
	AF	406
	AF	406
	AF	406
	AF	406
	AF	406
	AF	213
	AF	213
	AF	213
	AF	213
	AF	213
	AF	213
	AF	213
	AF	213
	AF	213
	AF	213
	AF	213
	AF	367
	AF	367
	AF	367
	AF	367
	AF	122
	AF	111
	AF	111
	AF	111
	AF	111
	AF	111
	AF	111
	AF	111
	AF	111
	AF	111
	AF	111
	AF	278
	AF	278
	AF	278
	AF	278
	AF	278
	AF	593
	AF	593
	AF	593
	AF	593
	AF	593
	AF	593
	AF	593
	AF	593
	AF	593
	AF	593
	AF	593
	AF	593
	AF	593
	AF	593
	AF	593
	AF	593
	AF	593
	AF	396
	AF	286
	AF	286
	AF	143
	AF	143
	AF	143
	AF	625
	AF	118
	AF	118
	AF	93
	AF	93
	AF	93
	AF	93
	AF	93
	AF	93
	AF	93
	AF	93
	AF	93
	AF	93
	AF	93
	AF	93
	AF	463
	AF	463
	AF	463
	AF	148
	AF	148
	AF	148
	AF	148
	AF	148
	AF	148
	AF	148
	AF	148
	AF	148
	AF	290
	AF	290
	AF	328
	AF	328
	AF	328
	AF	328
	AF	328
	AF	328
	AF	328
	AF	328
	AF	328
	AF	328
	AF	328
	AF	328
	AF	328
	AF	258
	AF	334
	AF	334
	AF	334
	AF	334
	AF	127
	AF	127
	AF	127
	AF	127
	AF	127
	AF	127
	AF	127
	AF	127
	AF	127
	AF	127
	AF	127
	AF	127
	AF	127
	AF	127
	AF	127
	AF	127
	AF	127
	AF	127
	AF	127
	AF	127
	AF	127
	AF	127
	AF	127
	AF	127
	AF	127
	AF	127
	AF	127
	AF	127
	AF	127
	AF	127
	AF	127
	AF	127
	AF	127
	AF	127
	AF	127
	AF	127
	AF	127
	AF	127
	AF	127
	AF	127
	AF	127
	AF	338
	AF	338
	AF	338
	AF	172
	AF	172
	AF	104
	AF	104
	AF	104
	AF	104
	AF	104
	AF	104
	AF	104
	AF	104
	AF	104
	AF	104
	AF	104
	AF	104
	AF	136
	AF	136
	AF	136
	AF	136
	AF	136
	AF	136
	AF	136
	AF	136
	AF	136
	AF	136
	AF	136
	AF	136
	AF	136
	AF	136
	AF	136
	AF	136
	AF	136
	AF	136
	AF	136
	AF	136
	AF	136
	AF	136
	AF	136
	AF	136
	AF	136
	AF	136
	AF	136
	AF	136
	AF	477
	AF	477
	AF	477
	AF	477
	AF	477
	AF	477
	AF	239
	AF	239
	AF	110
	AF	269
	AF	124
	AF	124
	AF	271
	AF	271
	AF	271
	AF	271
	AF	271
	AF	271
	AF	271
	AF	271
	AF	271
	AF	271
	AF	271
	AF	271
	AF	271
	AF	271
	AF	271
	AF	271
	AF	271
	AF	271
	AF	271
	AF	271
	AF	271
	AF	271
	AF	772
	AF	772
	AF	772
	AF	772
	AF	772
	AF	678
	AF	678
	AF	678
	AF	678
	AF	678
	AF	678
	AF	678
	AF	315
	AF	315
	AF	106
	AF	370
	AF	370
	AF	370
	AF	370
	AF	217
	AF	217
	AF	217
	AF	217
	AF	217
	AF	217
	AF	217
	AF	217
	AF	217
	AF	217
	AF	217
	AF	217
	AF	217
	AF	217
	AF	217
	AF	217
	AF	217
	AF	217
	AF	217
	AF	217
	AF	217
	AF	217
	AF	217
	AF	217
	AF	217
	AF	217
	AF	217
	AF	217
	AF	217
	AF	217
	AF	217
	AF	217
	AF	217
	AF	217
	AF	217
	AF	217
	AF	217
	AF	217
	AF	217
	AF	217
	AF	217
	AF	217
	AF	259
	AF	259
	AF	259
	AF	259
	AF	127
	AF	127
	AF	248
	AF	248
	AF	168
	AF	168
	AF	168
	AF	168
	AF	168
	AF	168
	AF	905
	AF	158
	AF	158
	AF	158
	AF	472
	AF	472
	AF	472
	AF	472
	AF	472
	AF	278
	AF	278
	AF	278
	AF	392
	AF	392
	AF	392
	AF	392
	AF	392
	AF	392
	AF	392
	AF	392
	AF	113
	AF	113
	AF	113
	AF	188
	AF	188
	AF	137
	AF	137
	AF	338
	AF	338
	AF	338
	AF	338
	AF	338
	AF	338
	AF	338
	AF	338
	AF	258
	AF	386
	AF	386
	AF	386
	AF	386
	AF	386
	AF	386
	AF	386
	AF	386
	AF	386
	AF	386
	AF	386
	AF	386
	AF	329
	AF	329
	AF	54
	AF	54
	AF	90
	AF	90
	AF	85
	AF	85
	AF	85
	AF	85
	AF	85
	AF	101
	AF	101
	AF	101
	AF	101
	AF	101
	AF	111
	AF	111
	AF	111
	AF	84
	AF	84
	AF	84
	AF	106
	AF	140
	AF	140
	AF	103
	AF	63
	AF	250
	AF	250
	AF	250
	AF	250
	AF	250
	AF	250
	AF	250
	AF	250
	AF	250
	AF	250
	AF	250
	AF	250
	AF	250
	AF	250
	AF	250
	AF	250
	AF	50
	AF	50
	AF	176
	AF	176
	AF	176
	AF	176
	AF	176
	AF	176
	AF	176
	AF	249
	AF	248
	AF	248
	AF	194
	AF	194
	AF	255
	AF	255
	AF	255
	AF	255
	AF	255
	AF	255
	AF	255
	AF	255
	AF	255
	AF	255
	AF	255
	AF	255
	AF	255
	AF	255
	AF	255
	AF	255
	AF	255
	AF	116
	AF	116
	AF	298
	AF	298
	AF	298
	AF	298
	AF	298
	AF	298
	AF	298
	AF	205
	AF	205
	AF	153
	AF	153
	AF	153
	AF	153
	AF	153
	AF	153
	AF	153
	AF	153
	AF	153
	AF	153
	AF	153
	AF	153
	AF	153
	AF	195
	AF	195
	AF	473
	AF	473
	AF	454
	AF	454
	AF	397
	AF	187
	AF	187
	AF	187
	AF	143
	AF	143
	AF	143
	AF	143
	AF	367
	AF	367
	AF	367
	AF	367
	AF	367
	AF	367
	AF	237
	AF	237
	AF	237
	AF	237
	AF	237
	AF	240
	AF	240
	AF	240
	AF	240
	AF	240
	AF	240
	AF	240
	AF	240
	AF	267
	AF	267
	AF	219
	AF	219
	AF	219
	AF	219
	AF	219
	AF	219
	AF	219
	AF	219
	AF	219
	AF	219
	AF	219
	AF	342
	AF	342
	AF	139
	AF	457
	AF	389
	AF	389
	AF	274
	AF	274
	AF	274
	AF	274
	AF	274
	AF	274
	AF	274
	AF	274
	AF	274
	AF	274
	AF	274
	AF	274
	AF	274
	AF	274
	AF	274
	AF	274
	AF	274
	AF	274
	AF	274
	AF	274
	AF	314
	AF	314
	AF	314
	AF	314
	AF	314
	AF	139
	AF	139
	AF	139
	AF	139
	AF	139
	AF	139
	AF	139
	AF	139
	AF	139
	AF	139
	AF	139
	AF	139
	AF	139
	AF	139
	AF	139
	AF	139
	AF	139
	AF	139
	AF	139
	AF	139
	AF	139
	AF	139
	AF	139
	AF	139
	AF	139
	AF	139
	AF	139
	AF	139
	AF	139
	AF	139
	AF	139
	AF	139
	AF	139
	AF	417
	AF	417
	AF	288
	AF	288
	AF	873
	AF	873
	AF	169
	AF	169
	AF	464
	AF	464
	AF	211
	AF	211
	AF	211
	AF	68
	AF	250
	AF	250
	AF	250
	AF	250
	AF	204
	AF	204
	AF	204
	AF	204
	AF	204
	AF	204
	AF	158
	AF	158
	AF	158
	AF	350
	AF	350
	AF	435
	AF	435
	AF	435
	AF	435
	AF	435
	AF	181
	AF	181
	AF	181
	AF	181
	AF	801
	AF	801
	AF	96
	AF	96
	AF	328
	AF	46
	AF	46
	AF	46
	AF	546
	AF	546
	AF	546
	AF	546
	AF	491
	AF	491
	AF	292
	AF	238
	AF	238
	AF	238
	AF	130
	AF	130
	AF	224
	AF	224
	AF	224
	AF	224
	AF	224
	AF	702
	AF	737
	AF	737
	AF	737
	AF	737
	AF	737
	AF	737
	AF	737
	AF	737
	AF	737
	AF	737
	AF	737
	AF	737
	AF	737
	AF	737
	AF	737
	AF	737
	AF	737
	AF	737
	AF	737
	AF	737
	AF	737
	AF	737
	AF	737
	AF	737
	AF	737
	AF	737
	AF	737
	AF	737
	AF	737
	AF	737
	AF	737
	AF	737
	AF	229
	AF	397
	AF	397
	AF	397
	AF	397
	AF	397
	AF	400
	AF	400
	AF	400
	AF	400
	AF	458
	AF	181
	AF	181
	AF	345
	AF	104
	AF	104
	AF	180
	AF	180
	AF	180
	AF	180
	AF	180
	AF	180
	AF	196
	AF	196
	AF	196
	AF	196
	AF	74
	AF	74
	AF	432
	AF	432
	AF	432
	AF	432
	AF	432
	AF	245
	AF	367
	AF	531
	AF	531
	AF	531
	AF	531
	AF	531
	AF	531
	AF	531
	AF	531
	AF	256
	AF	256
	AF	241
	AF	241
	AF	241
	AF	241
	AF	241
	AF	241
	AF	241
	AF	241
	AF	377
	AF	377
	AF	377
	AF	377
	AF	377
	AF	377
	AF	377
	AF	377
	AF	475
	AF	475
	AF	180
	AF	310
	AF	310
	AF	310
	AF	310
	AF	205
	AF	205
	AF	205
	AF	401
	AF	306
	AF	306
	AF	306
	AF	306
	AF	306
	AF	86
	AF	86
	AF	86
	AF	86
	AF	86
	AF	86
	AF	86
	AF	86
	AF	86
	AF	223
	AF	320
	AF	320
	AF	320
	AF	320
	AF	315
	AF	315
	AF	315
	AF	315
	AF	315
	AF	315
	AF	315
	AF	315
	AF	315
	AF	315
	AF	315
	AF	315
	AF	168
	AF	612
	AF	612
	AF	612
	AF	194
	AF	194
	AF	194
	AF	194
	AF	496
	AF	496
	AF	273
	AF	273
	AF	273
	AF	273
	AF	273
	AF	273
	AF	273
	AF	273
	AF	273
	AF	273
	AF	273
	AF	273
	AF	273
	AF	250
	AF	250
	AF	250
	AF	250
	AF	250
	AF	250
	AF	346
	AF	209
	AF	209
	AF	209
	AF	209
	AF	209
	AF	209
	AF	209
	AF	209
	AF	209
	AF	209
	AF	209
	AF	209
	AF	209
	AF	209
	AF	209
	AF	209
	AF	156
	AF	317
	AF	317
	AF	317
	AF	270
	AF	270
	AF	270
	AF	270
	AF	270
	AF	270
	AF	270
	AF	270
	AF	270
	AF	270
	AF	270
	AF	270
	AF	270
	AF	270
	AF	270
	AF	534
	AF	534
	AF	534
	AF	534
	AF	534
	AF	534
	AF	534
	AF	534
	AF	534
	AF	534
	AF	534
	AF	534
	AF	225
	AF	225
	AF	225
	AF	225
	AF	225
	AF	225
	AF	225
	AF	225
	AF	225
	AF	225
	AF	225
	AF	225
	AF	225
	AF	225
	AF	225
	AF	225
	AF	225
	AF	225
	AF	225
	AF	225
	AF	225
	AF	225
	AF	225
	AF	225
	AF	225
	AF	225
	AF	225
	AF	225
	AF	225
	AF	225
	AF	225
	AF	225
	AF	225
	AF	225
	AF	225
	AF	225
	AF	225
	AF	225
	AF	225
	AF	225
	AF	225
	AF	225
	AF	225
	AF	225
	AF	225
	AF	225
	AF	225
	AF	225
	AF	225
	AF	225
	AF	225
	AF	225
	AF	225
	AF	225
	AF	225
	AF	225
	AF	225
	AF	225
	AF	225
	AF	225
	AF	225
	AF	225
	AF	225
	AF	225
	AF	225
	AF	225
	AF	225
	AF	288
	AF	288
	AF	288
	AF	288
	AF	182
	AF	182
	AF	182
	AF	182
	AF	182
	AF	182
	AF	182
	AF	182
	AF	182
	AF	182
	AF	182
	AF	182
	AF	262
	AF	262
	AF	262
	AF	262
	AF	262
	AF	262
	AF	262
	AF	262
	AF	187
	AF	187
	AF	214
	AF	214
	AF	214
	AF	214
	AF	214
	AF	214
	AF	214
	AF	214
	AF	214
	AF	214
	AF	214
	AF	179
	AF	179
	AF	300
	AF	300
	AF	300
	AF	300
	AF	167
	AF	167
	AF	167
	AF	167
	AF	167
	AF	167
	AF	167
	AF	167
	AF	167
	AF	167
	AF	167
	AF	167
	AF	167
	AF	167
	AF	167
	AF	167
	AF	380
	AF	380
	AF	380
	AF	380
	AF	380
	AF	380
	AF	380
	AF	152
	AF	184
	AF	184
	AF	363
	AF	363
	AF	363
	AF	413
	AF	413
	AF	413
	AF	413
	AF	413
	AF	147
	AF	147
	AF	148
	AF	148
