protein_id,vertex_idx,cause,penetration_A,vert_to_nearest_A,vert_nearest_radius,vertex_inside_atom,same_atom,normal_dot_to_atom,abs_esp
AF-A0A8M1PIL7-F1,64324,inward_normal,0.20765767762200538,1.5169194419887675,1.399999976158142,False,True,0.7445489168167114,38.42491912841797
AF-A0A8M1PIL7-F1,64335,concavity_shortcut,0.09560152027719915,1.4070494826524187,0.0,False,False,0.8947449922561646,3.6213724613189697
AF-A0A8M1PIL7-F1,64336,vertex_inside_atom,0.588069131951395,1.300417571354462,1.399999976158142,True,True,0.9857685565948486,85.8988265991211
AF-A0A8M1PIL7-F1,64337,inward_normal,0.3347536168885976,1.439063578784163,1.399999976158142,False,True,0.824228823184967,51.229373931884766
AF-A0A8M1PIL7-F1,64349,concavity_shortcut,0.0547570651312097,1.5434691674251981,0.0,False,False,0.6504427194595337,10.759658813476562
AF-A0A8M1PIL7-F1,64350,concavity_shortcut,0.17405617498035642,1.3274265690927476,0.0,False,False,0.7237988710403442,32.22267532348633
AF-A0A8M1PIL7-F1,64351,concavity_shortcut,0.04100794289723986,1.2110136663869173,0.0,False,False,0.6429007649421692,24.24416160583496
AF-A0A8M1PIL7-F1,64365,inward_normal,0.08008767426590446,1.4154196865631685,1.0,False,True,0.9942697286605835,46.22763442993164
AF-A0A8M1PIL7-F1,64382,concavity_shortcut,0.13667550770393633,1.3976913322991258,0.0,False,False,0.8883338570594788,10.253652572631836
AF-A0A8M1PIL7-F1,64383,concavity_shortcut,0.588757780225424,1.3377748012629438,0.0,False,False,0.6179840564727783,26.315471649169922
AF-A0A8M1PIL7-F1,64384,concavity_shortcut,0.3558004020575649,1.3833251400859834,0.0,False,False,0.9312740564346313,17.58885955810547
AF-A0A8M1PIL7-F1,64401,concavity_shortcut,0.17331767902049555,1.3538939215101007,0.0,False,False,0.9108625650405884,20.812728881835938
AF-A0A8M1PIL7-F1,64402,vertex_inside_atom,1.0237074778170339,1.093300119905383,1.7000000476837158,True,True,0.9037226438522339,84.98475646972656
AF-A0A8M1PIL7-F1,64403,vertex_inside_atom,0.9997667385428441,1.1055501959340646,1.7000000476837158,True,True,0.8881351947784424,101.18356323242188
AF-A0A8M1PIL7-F1,64418,vertex_inside_atom,0.8738533786928115,1.076380192685831,2.0,True,False,0.2479407787322998,4.0998854637146
AF-A0A8M1PIL7-F1,64419,vertex_inside_atom,1.3144665075363824,0.8141236449261878,2.0,True,True,0.5440177917480469,54.99063491821289
AF-A0A8M1PIL7-F1,64420,vertex_inside_atom,1.1924715084946231,0.8990713177523157,2.0,True,True,0.45178890228271484,43.47473907470703
AF-A0A8M1PIL7-F1,64426,vertex_inside_atom,1.0068569593595216,1.0720907323998123,2.0,True,False,0.8038700819015503,5.505455017089844
AF-A0A8M1PIL7-F1,64427,vertex_inside_atom,1.4488227813429355,0.7238968117850175,2.0,True,True,0.6495811343193054,5.388727188110352
AF-A0A8M1PIL7-F1,64428,vertex_inside_atom,1.4056546071274312,0.7507240528548528,2.0,True,True,0.6131942868232727,5.308349132537842
AF-A0A8M1PIL7-F1,64429,vertex_inside_atom,0.8950066528925646,0.7618253526617069,2.0,True,False,0.2555849552154541,4.6686320304870605
AF-A0A8M1PIL7-F1,64431,vertex_inside_atom,1.0111914458980689,0.64688007444598,2.0,True,False,0.3302663564682007,4.640857219696045
AF-A0A8M1PIL7-F1,64432,vertex_inside_atom,1.7596020385773985,0.5771187044153335,2.0,True,True,0.9102650880813599,0.916600227355957
AF-A0A8M1PIL7-F1,64436,vertex_inside_atom,1.1533725789139688,1.1486706734797112,2.0,True,False,0.8990935683250427,5.456973075866699
AF-A0A8M1PIL7-F1,64437,vertex_inside_atom,1.6131116418963196,0.6333217012363649,2.0,True,True,0.791819155216217,5.210137367248535
AF-A0A8M1PIL7-F1,64438,vertex_inside_atom,1.2052788506982575,0.7049270255305787,2.0,True,False,0.4564394950866699,4.748385429382324
AF-A0A8M1PIL7-F1,64439,vertex_inside_atom,0.9171214074494956,0.6419207146684216,2.0,True,True,-0.7952713966369629,9.32136344909668
AF-A0A8M1PIL7-F1,64440,vertex_inside_atom,0.9717774789646683,1.0645737621734515,2.0,True,True,0.3063561022281647,7.258691787719727
AF-A0A8M1PIL7-F1,64441,vertex_inside_atom,0.8954914697379868,0.9944694806559264,2.0,True,False,0.2559908330440521,6.061062812805176
AF-A0A7M4BDQ2-F1,108618,concavity_shortcut,0.05129745167178301,1.4875451835894926,0.0,False,False,0.5134551525115967,7.852133750915527
AF-A0A7M4BDQ2-F1,108626,vertex_inside_atom,0.38389712014135213,1.4173975510918402,1.5,True,True,0.715017557144165,11.852532386779785
AF-A0A7M4BDQ2-F1,108643,vertex_inside_atom,1.5916587436918355,0.6432172834713296,2.0,True,True,0.7726552486419678,11.12263011932373
AF-A0A0P0WGX7-F1,163446,vertex_inside_atom,0.08163459654712679,0.9214276096361327,1.399999976158142,True,True,-0.6934010982513428,17.907089233398438
AF-A0A0P0WGX7-F1,163447,vertex_inside_atom,0.15304511465025583,0.8409134394860981,1.399999976158142,True,True,-0.7107124328613281,22.154190063476562
AF-A0A0P0WGX7-F1,163451,vertex_inside_atom,0.19056457700310192,0.7975888013140568,1.399999976158142,True,True,-0.7228503227233887,25.89209747314453
AF-A0A0P0WGX7-F1,163452,vertex_inside_atom,0.43098952510819244,0.4811313620768311,1.399999976158142,True,True,-0.9505916237831116,53.687679290771484
AF-A0A0P0WGX7-F1,163453,vertex_inside_atom,0.29526717769041677,0.6700157884820561,1.399999976158142,True,True,-0.7782611846923828,35.12947082519531
AF-A0A0P0WGX7-F1,163460,vertex_inside_atom,0.06503294387604841,0.9397467948547343,1.399999976158142,True,True,-0.6906404495239258,17.258180618286133
AF-A0A0P0WGX7-F1,163461,vertex_inside_atom,0.32160112542182206,0.6361278321029596,1.399999976158142,True,True,-0.7991931438446045,41.346466064453125
AF-A0A0P0WGX7-F1,163462,vertex_inside_atom,0.342332578741408,0.6085444895833783,1.399999976158142,True,True,-0.8189033269882202,36.03788757324219
AF-A0A0P0WGX7-F1,163463,vertex_inside_atom,0.11240361728034465,0.8869820996344235,1.399999976158142,True,True,-0.7000904083251953,19.129785537719727
AF-A0A0P0WGX7-F1,163477,vertex_inside_atom,0.037789554687795324,0.9696559275722823,1.399999976158142,True,True,-0.6862536668777466,13.685272216796875
AF-A0A0P0WGX7-F1,163482,vertex_inside_atom,0.15868122461379341,0.8347897145904255,1.399999976158142,True,True,-0.7118054032325745,24.50273323059082
AF-A0A0P0WGX7-F1,163483,vertex_inside_atom,0.2995358239130357,0.6641343433799595,1.399999976158142,True,True,-0.7828682661056519,35.470767974853516
AF-A0A0P0WGX7-F1,163484,vertex_inside_atom,0.13447562064756236,0.8619251466991211,1.399999976158142,True,True,-0.706116795539856,21.11919403076172
AF-A0A0P0WGX7-F1,163487,vertex_inside_atom,0.07875621199838889,1.699673844615631,1.7000000476837158,True,False,0.7811313271522522,13.753152847290039
AF-A0A0P0WGX7-F1,163488,vertex_inside_atom,0.18239322561040416,1.4609402645727294,2.0,True,False,0.8476568460464478,4.983831882476807
AF-A0A0P0WGX7-F1,163499,vertex_inside_atom,0.2899473735607536,0.6771367676169436,1.399999976158142,True,True,-0.7737165689468384,34.31119918823242
AF-A0A0P0WGX7-F1,163500,vertex_inside_atom,0.45007056405735024,0.45023855957646336,1.399999976158142,True,True,-0.9986567497253418,56.082454681396484
AF-A0A0P0WGX7-F1,163501,vertex_inside_atom,0.26294393884595957,0.7103205564990077,1.399999976158142,True,True,-0.7578606605529785,33.0888671875
AF-A0A0P0WGX7-F1,163504,vertex_inside_atom,1.008993956319622,1.1962655073704398,2.0,True,True,0.5842793583869934,23.959590911865234
AF-A0A0P0WGX7-F1,163505,vertex_inside_atom,1.0087700813000033,1.0298283152999987,2.0,True,False,0.5842330455780029,20.074825286865234
AF-A0A0P0WGX7-F1,163515,vertex_inside_atom,0.10344726373269064,0.8970315941234055,1.399999976158142,True,True,-0.6981507539749146,17.25389862060547
AF-A0A0P0WGX7-F1,163516,vertex_inside_atom,0.2791641218804126,0.6903096825492515,1.399999976158142,True,True,-0.7674717307090759,34.22133255004883
AF-A0A0P0WGX7-F1,163517,vertex_inside_atom,0.11767679488189464,0.8811396475518872,1.399999976158142,True,True,-0.7013566493988037,24.82358169555664
AF-A0A0P0WGX7-F1,163520,vertex_inside_atom,1.6111706145341573,0.8880403518795356,2.0,True,True,0.9991976618766785,7.172519207000732
AF-A0A0P0WGX7-F1,163521,vertex_inside_atom,1.1868007606342463,0.4380375371052233,2.0,True,True,-0.5004511475563049,2.091148853302002
AF-A0A0P0WGX7-F1,163532,vertex_inside_atom,1.070109896872384,0.9205233611509234,2.0,True,False,0.6261136531829834,3.171088218688965
AF-A7ZHS2-F1,41895,vertex_inside_atom,0.36436015604969807,0.9999412061421474,1.0,True,False,-0.5056458711624146,16.729198455810547
AF-A7ZHS2-F1,41896,vertex_inside_atom,0.5053877346514464,0.8857536144081848,1.7000000476837158,True,True,-0.44310322403907776,20.481483459472656
AF-A7ZHS2-F1,41901,vertex_inside_atom,0.8375381753888561,0.5737887053162041,1.7000000476837158,True,True,-0.2869294285774231,77.39857482910156
AF-A7ZHS2-F1,41902,vertex_inside_atom,1.077902676296782,0.3019311391091901,1.7000000476837158,True,True,-0.15162977576255798,72.9124755859375
AF-A7ZHS2-F1,41903,vertex_inside_atom,0.6643955092547253,0.7645826151275279,1.7000000476837158,True,False,0.8099114298820496,40.63834762573242
AF-A7ZHS2-F1,41906,concavity_shortcut,0.18699123089639946,1.0001215285279281,1.0,False,False,0.4256144165992737,38.54138946533203
AF-A7ZHS2-F1,41907,vertex_inside_atom,0.8505715980475942,0.5233274991990848,1.7000000476837158,True,False,0.9495782852172852,148.09703063964844
AF-A7ZHS2-F1,41908,vertex_inside_atom,0.8298430957583297,0.5813953414563625,1.7000000476837158,True,True,-0.29090768098831177,39.2559700012207
AF-A7ZHS2-F1,41911,concavity_shortcut,0.11618200513509613,1.0000430491069696,1.0,False,False,0.3704736828804016,35.90609359741211
AF-A7ZHS2-F1,41912,vertex_inside_atom,0.44826541005957754,0.9369313886313352,1.7000000476837158,True,True,-0.4685499668121338,43.84491729736328
AF-A7M6E8-F1,89280,vertex_inside_atom,0.9758351109927005,0.15082724096542086,1.5,True,True,-0.01326003298163414,118.38726806640625
AF-A7M6E8-F1,89281,vertex_inside_atom,0.079596370957012,0.7320676459017932,1.5,True,False,0.45397624373435974,16.97511100769043
AF-A7M6E8-F1,89282,vertex_inside_atom,0.6405979437102024,0.5761253492336145,1.5,True,True,-0.27186596393585205,55.44217300415039
AF-A7M6E8-F1,89283,vertex_inside_atom,1.0449379291643741,0.477233271598806,1.5,True,False,0.8955975770950317,43.68415451049805
AF-A7M6E8-F1,89284,vertex_inside_atom,0.6104015533664924,0.6059148354707256,1.5,True,True,-0.28755295276641846,40.14541244506836
AF-A7M6E8-F1,89285,vertex_inside_atom,0.5394183195010369,0.746830669488686,1.5,True,False,0.8488163352012634,81.38420104980469
AF-A7M6E8-F1,89288,concavity_shortcut,0.04512783049396907,1.0003378560588125,1.0,False,False,-0.5510126948356628,4.376947402954102
AF-A7M6E8-F1,89289,concavity_shortcut,0.500644073203451,1.0005148940099615,1.0,False,False,0.9968357086181641,13.105079650878906
AF-A7M6E8-F1,89290,concavity_shortcut,0.37336526926072233,1.000171518403453,1.0,False,False,0.3583318591117859,1.5525931119918823
AF-A7M6E8-F1,89291,concavity_shortcut,0.03628223580782097,1.000172138184899,1.0,False,False,-0.5547921061515808,3.798384666442871
AF-A7M6E8-F1,89298,concavity_shortcut,0.19066947982894555,1.0005148940099615,1.0,False,False,0.9498406648635864,49.95933151245117
AF-A7M6E8-F1,89307,vertex_inside_atom,0.9758351109927005,0.15082724096542086,1.5,True,True,-0.01326003298163414,118.38726806640625
AF-A7M6E8-F1,89308,vertex_inside_atom,0.079596370957012,0.7320676459017932,1.5,True,False,0.45397624373435974,16.97511100769043
AF-A7M6E8-F1,89309,vertex_inside_atom,0.6405979437102024,0.5761253492336145,1.5,True,True,-0.27186596393585205,55.44217300415039
AF-A7M6E8-F1,89310,vertex_inside_atom,1.0449379291643741,0.477233271598806,1.5,True,False,0.8955975770950317,43.68415451049805
AF-A7M6E8-F1,89311,vertex_inside_atom,0.6104015533664924,0.6059148354707256,1.5,True,True,-0.28755295276641846,40.14541244506836
AF-A7M6E8-F1,89312,vertex_inside_atom,0.5394183195010369,0.746830669488686,1.5,True,False,0.8488163352012634,81.38420104980469
AF-A7M6E8-F1,89315,concavity_shortcut,0.04512783049396907,1.0003378560588125,1.0,False,False,-0.5510126948356628,4.376947402954102
AF-A7M6E8-F1,89316,concavity_shortcut,0.500644073203451,1.0005148940099615,1.0,False,False,0.9968357086181641,13.105079650878906
AF-A7M6E8-F1,89317,concavity_shortcut,0.37336526926072233,1.000171518403453,1.0,False,False,0.3583318591117859,1.5525931119918823
AF-A7M6E8-F1,89318,concavity_shortcut,0.03628223580782097,1.000172138184899,1.0,False,False,-0.5547921061515808,3.798384666442871
AF-A7M6E8-F1,89325,concavity_shortcut,0.19066947982894555,1.0005148940099615,1.0,False,False,0.9498406648635864,49.95933151245117
AF-A7M6E8-F1,89350,vertex_inside_atom,1.5332140893429695,0.8953093818466233,2.0,True,True,0.9312511086463928,2.670962333679199
AF-A7M6E8-F1,89351,vertex_inside_atom,1.2461026627687062,0.867629929809637,2.0,True,False,0.7279741764068604,5.44752311706543
AF-A7M6E8-F1,89358,vertex_inside_atom,0.010171389845721635,0.9897827293815111,1.399999976158142,True,True,-0.7090646624565125,16.389217376708984
AF-A7M6E8-F1,89359,vertex_inside_atom,0.018686063679497433,0.9805632830140261,1.399999976158142,True,True,-0.7103422284126282,14.693377494812012
AF-A7M6E8-F1,89362,vertex_inside_atom,1.245356571658363,0.7802328714336462,2.0,True,False,0.727645218372345,3.4858760833740234
AF-A7M6E8-F1,89363,vertex_inside_atom,1.2398853957235936,0.3568798698703125,2.0,True,True,-0.5618429183959961,4.84498929977417
AF-A7M6E8-F1,89372,vertex_inside_atom,0.26803092363691294,0.690709171842723,1.399999976158142,True,True,-0.8024832010269165,26.469079971313477
AF-A7M6E8-F1,89373,vertex_inside_atom,0.2985120267145944,0.6515862315494583,1.399999976158142,True,True,-0.8269279599189758,34.74385070800781
AF-A7M6E8-F1,89374,vertex_inside_atom,0.03912422354390288,0.9581126976085136,1.399999976158142,True,True,-0.7137749791145325,13.062297821044922
AF-A7M6E8-F1,89379,vertex_inside_atom,1.240714300519997,0.3555451525928015,2.0,True,True,-0.5628172159194946,3.2512612342834473
AF-A7M6E8-F1,89388,vertex_inside_atom,0.1142615634848938,0.8740636500889114,1.399999976158142,True,True,-0.7309547662734985,17.34112548828125
AF-A7M6E8-F1,89389,vertex_inside_atom,0.3799037774466687,0.5397651729601789,1.399999976158142,True,True,-0.9250143766403198,41.2034912109375
AF-A7M6E8-F1,89390,vertex_inside_atom,0.34623482069126243,0.5875941685707725,1.399999976158142,True,True,-0.8768305778503418,44.71263122558594
AF-A7M6E8-F1,89399,vertex_inside_atom,0.07177569761198632,0.8613404731962045,1.0,True,True,0.1513020098209381,17.284425735473633
AF-A7M6E8-F1,89400,vertex_inside_atom,0.042196714376102284,0.8860163384271986,1.0,True,True,0.13278910517692566,4.961103439331055
AF-A7M6E8-F1,89401,vertex_inside_atom,0.2584888658860729,0.8569961334287237,1.5,True,True,-0.6500807404518127,14.128267288208008
AF-A7M6E8-F1,89406,vertex_inside_atom,0.16572116132903258,0.8150009327423515,1.399999976158142,True,True,-0.7475556135177612,17.27302360534668
AF-A7M6E8-F1,89407,vertex_inside_atom,0.1377524010024238,0.8474355346387998,1.399999976158142,True,True,-0.7377416491508484,16.79093360900879
AF-A7M6E8-F1,89413,vertex_inside_atom,0.5971266530799588,0.4489866682494523,1.0,True,True,0.6441938877105713,110.72048950195312
AF-A7M6E8-F1,89414,vertex_inside_atom,0.5333696056667903,0.4943953273837201,1.0,True,True,0.5595425367355347,63.02244567871094
AF-A7M6E8-F1,89415,vertex_inside_atom,0.13457205619858004,0.47113824860523024,1.5,True,False,0.21012118458747864,7.485392093658447
AF-A7M6E8-F1,89416,vertex_inside_atom,0.6912423458352102,0.4073032609876615,1.0,True,True,0.7870347499847412,126.47440338134766
AF-A7M6E8-F1,89417,vertex_inside_atom,0.28205541775936915,0.700617753167787,1.0,True,True,0.3216041326522827,42.73305130004883
AF-A7M6E8-F1,89424,vertex_inside_atom,0.24533330929524155,0.7188744911872804,1.0,True,True,0.27447015047073364,22.07622718811035
AF-A7M6E8-F1,89425,vertex_inside_atom,0.20923543803007294,0.5438269449612618,1.5,True,False,0.24675849080085754,6.899843692779541
AF-A7M6E8-F1,89426,vertex_inside_atom,0.3725940518372105,0.5712042494821802,1.5,True,False,0.4014701247215271,15.115530014038086
AF-A7M6E8-F1,89427,vertex_inside_atom,0.27796060403513867,0.7032642707020157,1.0,True,True,0.3172670602798462,27.377511978149414
AF-A7MBH5-F1,133098,vertex_inside_atom,0.8826007726618856,0.3393231070788134,1.7000000476837158,True,True,-0.8929583430290222,28.11797523498535
AF-A7MBH5-F1,133099,vertex_inside_atom,0.7652297131377382,0.5236720135944304,1.7000000476837158,True,True,-0.6672519445419312,17.633960723876953
AF-A7MBH5-F1,133100,vertex_inside_atom,0.5835112701866119,0.4803446488083025,1.7000000476837158,True,False,0.6690149903297424,22.15922737121582
AF-A7MBH5-F1,133101,vertex_inside_atom,0.15316437397748872,0.5980024793266877,1.7000000476837158,True,False,0.27140146493911743,3.6549901962280273
AF-A7MBH5-F1,133102,vertex_inside_atom,0.6037938012254678,0.726325684240515,1.7000000476837158,True,True,-0.5837289094924927,21.35971450805664
AF-A7MBH5-F1,133103,vertex_inside_atom,1.245763962600821,0.7571786768758858,1.7000000476837158,True,False,0.8630110025405884,58.31825637817383
AF-A7MBH5-F1,133104,vertex_inside_atom,1.0552807560912587,0.6681643249032554,1.7000000476837158,True,False,0.7201184034347534,42.96552276611328
AF-A7MBH5-F1,133105,vertex_inside_atom,0.3588345198225307,0.994348653029491,1.7000000476837158,True,True,-0.5631229877471924,6.388938903808594
AF-A7MBH5-F1,133106,vertex_inside_atom,0.13614845374634998,0.8458071046233226,1.0,True,True,0.25926125049591064,7.5018439292907715
AF-A7MBH5-F1,133107,vertex_inside_atom,0.5975394473841465,0.5137777685215154,1.0,True,True,0.6852362155914307,34.985206604003906
AF-A7MBH5-F1,133108,vertex_inside_atom,0.28570318767404557,0.7303040740972128,1.0,True,True,0.3738264739513397,12.09749984741211
AF-A7MBH5-F1,133110,vertex_inside_atom,0.17828806582003587,1.1781656778539855,1.7000000476837158,True,True,-0.5750284194946289,5.450659275054932
AF-A7MBH5-F1,133111,vertex_inside_atom,0.23972612790522208,1.2328418546128146,1.7000000476837158,True,False,0.1776227056980133,12.303069114685059
AF-A7MBH5-F1,133112,vertex_inside_atom,0.7535460467100878,1.0894598234646988,1.7000000476837158,True,True,0.496753990650177,38.17314910888672
AF-A7MBH5-F1,133113,vertex_inside_atom,1.0471965175606486,0.9077842830481206,1.7000000476837158,True,True,0.7136059999465942,62.94236373901367
AF-A7MBH5-F1,133114,vertex_inside_atom,0.7645431364315182,1.0821418831662473,1.7000000476837158,True,True,0.5045678615570068,33.46892166137695
AF-A7MBH5-F1,133115,vertex_inside_atom,0.2819691856151252,1.073466797586389,1.7000000476837158,True,True,-0.5667091608047485,13.79658031463623
AF-A7MBH5-F1,133125,vertex_inside_atom,0.0803373699403036,1.6968156674753898,1.7000000476837158,True,False,0.34754443168640137,12.599129676818848
AF-A7MBH5-F1,133126,vertex_inside_atom,0.7888736527575256,1.249552096303699,1.7000000476837158,True,False,0.7990895509719849,43.50383758544922
AF-A7MBH5-F1,133127,vertex_inside_atom,1.0068523866709502,1.1474624775878737,1.7000000476837158,True,True,0.9465382099151611,59.5500373840332
AF-A7MBH5-F1,133128,vertex_inside_atom,0.42181843546394515,1.4858192553736795,1.7000000476837158,True,True,0.5546524524688721,25.629865646362305
AF-A7MBH5-F1,133140,vertex_inside_atom,0.7566854922204489,1.0908307664282455,1.7000000476837158,True,True,0.5041992664337158,32.30674743652344
AF-A7MBH5-F1,133141,vertex_inside_atom,1.3900455207154676,0.759294181638276,1.7000000476837158,True,True,0.9620142579078674,82.92721557617188
AF-A7MBH5-F1,133142,vertex_inside_atom,0.8503767698085409,1.0294058613295254,1.7000000476837158,True,True,0.5712467432022095,40.94927978515625
AF-A7MBH5-F1,133143,vertex_inside_atom,0.06158507964131732,1.4400832873438332,1.7000000476837158,True,False,0.08834943175315857,9.762764930725098
AF-A7MBH5-F1,133152,vertex_inside_atom,0.20311576091956907,1.1539752766934734,1.7000000476837158,True,True,-0.5712494850158691,7.794200897216797
AF-A7MBH5-F1,133153,vertex_inside_atom,0.6112865368140785,0.7182525414222586,1.7000000476837158,True,True,-0.5840274691581726,24.267648696899414
AF-A7MBH5-F1,133154,vertex_inside_atom,1.0367691085407473,0.49010010256666675,1.7000000476837158,True,False,0.7106959819793701,47.94691467285156
AF-A7MBH5-F1,133155,vertex_inside_atom,0.6676904118884714,0.7368358370684892,1.7000000476837158,True,False,0.44280701875686646,28.354564666748047
AF-A7MBH5-F1,133156,vertex_inside_atom,0.180400284138039,1.1762362907680908,1.7000000476837158,True,True,-0.5742205381393433,7.4393768310546875
AF-A7MBH5-F1,133164,vertex_inside_atom,0.2213822497618887,0.46168572507791444,1.7000000476837158,True,False,0.31515809893608093,3.744901418685913
AF-A7MBH5-F1,133165,vertex_inside_atom,0.20545262071267978,0.4113902753477202,1.7000000476837158,True,False,0.30311840772628784,9.786883354187012
AF-A7MBH5-F1,133166,vertex_inside_atom,0.47119992164301094,0.8752198396755617,1.7000000476837158,True,True,-0.5641324520111084,6.7044358253479
AF-A7MBH5-F1,133172,vertex_inside_atom,0.44812927322443274,0.606094671332238,1.0,True,True,0.5161556005477905,22.67652130126953
AF-A7MBH5-F1,133173,vertex_inside_atom,0.7151320843526263,0.4410106581906301,1.0,True,True,0.8236194849014282,35.18891143798828
AF-A7MBH5-F1,133178,vertex_inside_atom,0.18114093299653145,0.8061621562561049,1.0,True,True,0.28466254472732544,7.419888973236084
AF-A8WJR8-F1,149657,vertex_inside_atom,0.10560596514943521,0.8963973455605914,1.399999976158142,True,True,-0.6936469674110413,14.104972839355469
AF-A8WJR8-F1,149660,vertex_inside_atom,0.021597206223537446,0.9861452597097556,1.399999976158142,True,True,-0.6869795918464661,9.430924415588379
AF-A8WJR8-F1,149665,vertex_inside_atom,0.3146423678288195,0.6475981121899684,1.399999976158142,True,True,-0.7853127121925354,28.80354118347168
AF-A8WJR8-F1,149666,vertex_inside_atom,0.37974666229187015,0.5598492843343207,1.399999976158142,True,True,-0.8527919054031372,36.566505432128906
AF-A8WJR8-F1,149667,vertex_inside_atom,0.0725738295854339,0.9328340033069336,1.399999976158142,True,True,-0.6880469918251038,6.472265243530273
AF-A8WJR8-F1,149671,vertex_inside_atom,0.3384604211489952,0.6126165250191128,1.399999976158142,True,True,-0.8187460899353027,30.70914649963379
AF-A8WJR8-F1,149672,vertex_inside_atom,0.28575666602900207,0.6811060179141228,1.399999976158142,True,True,-0.7748225927352905,25.702713012695312
AF-A8WJR8-F1,149677,vertex_inside_atom,0.031248992172247414,0.9779459198997603,1.399999976158142,True,True,-0.6820216774940491,8.432416915893555
AF-A8WJR8-F1,149678,vertex_inside_atom,0.3396694327578509,0.6145724496000593,1.399999976158142,True,True,-0.8081216812133789,37.240478515625
AF-A8WJR8-F1,149679,vertex_inside_atom,0.40597937921660543,0.521953388530533,1.399999976158142,True,True,-0.892204761505127,44.14834976196289
AF-A8WJR8-F1,149680,vertex_inside_atom,0.18001180023595964,0.8116762518132601,1.399999976158142,True,True,-0.7138713002204895,14.679879188537598
AF-A8WJR8-F1,149685,vertex_inside_atom,0.059687198751906534,0.9448755075995016,1.399999976158142,True,True,-0.6918926239013672,8.8600492477417
AF-A8WJR8-F1,149686,vertex_inside_atom,0.4052265003179232,0.5186816234524131,1.399999976158142,True,True,-0.9069486856460571,53.92698669433594
AF-A8WJR8-F1,149687,vertex_inside_atom,0.37169994146309504,0.5671187611490618,1.399999976158142,True,True,-0.8566878437995911,39.8544807434082
AF-A8WJR8-F1,149688,vertex_inside_atom,0.054098864225641696,0.9511407847404639,1.399999976158142,True,True,-0.6905635595321655,7.7981390953063965
AF-A8WJR8-F1,149700,vertex_inside_atom,0.12798213352394927,0.8687945901397424,1.399999976158142,True,True,-0.7059111595153809,14.379167556762695
AF-A8WJR8-F1,149701,vertex_inside_atom,0.1734142127503473,0.8165112389390846,1.399999976158142,True,True,-0.7197617888450623,20.11775779724121
AF-A8WJR8-F1,149702,vertex_inside_atom,0.14607042147283722,0.8481059285571907,1.399999976158142,True,True,-0.7111372947692871,13.707756042480469
AF-A8WJR8-F1,149724,concavity_shortcut,0.14686157344047612,1.4543695991019945,0.0,False,False,0.683987021446228,11.766633033752441
AF-A8WJR8-F1,149725,vertex_inside_atom,0.6261937894219327,1.3789563645320038,2.0,True,False,0.9905137419700623,45.56223678588867
AF-A8WJR8-F1,149726,vertex_inside_atom,1.2546722733412006,1.026298482619189,2.0,True,True,0.7285672426223755,26.197174072265625
AF-A8WJR8-F1,149738,vertex_inside_atom,0.8527016056172028,0.9079328044471521,2.0,True,False,0.4492225646972656,20.6698055267334
AF-A8WJR8-F1,149739,vertex_inside_atom,1.539944355289083,0.8012526735097794,2.0,True,False,0.930992841720581,8.539095878601074
AF-A8WJR8-F1,149740,vertex_inside_atom,1.1354400836586813,0.8256367116730331,2.0,True,False,0.6422414779663086,7.3705573081970215
AF-A8WJR8-F1,149747,vertex_inside_atom,1.2517862716566197,0.34257333174933663,2.0,True,True,-0.5614136457443237,1.4095433950424194
AF-A8WJR8-F1,149748,vertex_inside_atom,1.235491703963168,0.36925447641168696,2.0,True,True,-0.5362380743026733,5.034068584442139
AF-A8WJR8-F1,149750,vertex_inside_atom,1.22782815281339,0.3811156621873924,2.0,True,True,-0.5273995399475098,1.6166956424713135
AF-A8WJR8-F1,149756,vertex_inside_atom,0.6886647051726964,0.9321264793251693,1.7000000476837158,True,False,0.578444242477417,64.5934066772461
AF-A8WJR8-F1,149757,inward_normal,0.04183226477465207,1.1890929870739426,1.0,False,True,0.6273462176322937,7.537676811218262
AF-A8WJR8-F1,149759,vertex_inside_atom,0.38910890536788445,0.9813588156459392,1.7000000476837158,True,True,-0.5150172710418701,3.345582962036133
AF-A8WJR8-F1,149760,vertex_inside_atom,0.8278354415200991,0.49452690030328644,1.7000000476837158,True,True,-0.5378837585449219,0.13420414924621582
AF-A8WJR8-F1,149761,vertex_inside_atom,1.150752830106518,0.620126897814157,1.7000000476837158,True,False,0.9290860891342163,160.61968994140625
AF-A8WJR8-F1,149762,vertex_inside_atom,0.41894307272116715,0.8666876097253484,1.5,True,False,0.900521993637085,46.03749084472656
AF-A8WJR8-F1,149767,vertex_inside_atom,0.27437927114372296,1.094843734295782,1.7000000476837158,True,True,-0.5332890152931213,12.275972366333008
AF-A8WJR8-F1,149768,vertex_inside_atom,0.5524966741613293,0.6497885375842563,1.7000000476837158,True,False,0.5221195816993713,10.980063438415527
AF-A8WJR8-F1,149769,vertex_inside_atom,0.9696775780759357,0.272377027510565,1.7000000476837158,True,True,-0.7687773704528809,26.230205535888672
AF-A8WJR8-F1,149770,vertex_inside_atom,0.8122619785495343,0.51493201716349,1.7000000476837158,True,True,-0.5303228497505188,3.503141403198242
AF-A8WJR8-F1,149771,vertex_inside_atom,0.6036124298823258,0.9662894178051384,1.7000000476837158,True,False,0.5136454105377197,40.06098175048828
AF-A8WJR8-F1,149772,inward_normal,0.19985475567637312,1.0977877562523632,1.0,False,True,0.7422558665275574,15.114476203918457
AF-A8WJR8-F1,149773,inward_normal,0.23244141628848636,1.0803785700185016,1.0,False,True,0.7664180994033813,46.58066940307617
AF-A8WJR8-F1,149780,vertex_inside_atom,0.5098868271814049,1.1184669856357639,1.7000000476837158,True,False,0.49137088656425476,16.860824584960938
AF-A8WJR8-F1,149781,vertex_inside_atom,1.1836705305342776,0.7926891674808372,1.5,True,True,0.9819840788841248,67.07576751708984
AF-A8WJR8-F1,149782,vertex_inside_atom,0.6492096960336388,0.7425661639525049,1.7000000476837158,True,False,0.5940427780151367,3.657501697540283
AF-A8WJR8-F1,149783,vertex_inside_atom,0.4508063695155504,0.9192518299701014,1.7000000476837158,True,True,-0.5064157247543335,13.618756294250488
AF-A8WJR8-F1,149784,vertex_inside_atom,0.1305926397624868,1.2334928413353872,1.7000000476837158,True,True,-0.5604442358016968,7.681964874267578
AF-A8WJR8-F1,149792,inward_normal,0.23282769254168234,1.1010876590937597,1.0,False,True,0.7937215566635132,66.86436462402344
AF-A8WJR8-F1,149793,inward_normal,0.4477231423746023,1.0000047111353039,1.0,False,True,0.9449952840805054,95.17278289794922
AF-A8WJR8-F1,149794,vertex_inside_atom,0.2780039513585548,1.2408906928336618,1.7000000476837158,True,False,0.33234769105911255,20.707136154174805
AF-A8WJR8-F1,149795,vertex_inside_atom,0.03893086633340159,1.3204336345740193,1.7000000476837158,True,True,-0.5798707604408264,12.337557792663574
AF-B2D6K9-3-F1,108838,vertex_inside_atom,0.24130531399829014,1.1157019789870317,1.7000000476837158,True,True,-0.5673552751541138,18.336734771728516
AF-B2D6K9-3-F1,108839,vertex_inside_atom,0.1604257777475102,1.4090645668176947,1.7000000476837158,True,False,0.14207254350185394,20.545562744140625
AF-B2D6K9-3-F1,108842,vertex_inside_atom,0.38363959972396566,0.9693618037092191,1.7000000476837158,True,True,-0.560163676738739,14.057595252990723
AF-B2D6K9-3-F1,108843,vertex_inside_atom,0.6862923714207019,0.6280050706848979,1.7000000476837158,True,True,-0.6100243926048279,32.05949783325195
AF-B2D6K9-3-F1,108844,vertex_inside_atom,0.8223279263887346,0.9582233122024699,1.7000000476837158,True,False,0.5531035661697388,45.21631622314453
AF-B2D6K9-3-F1,108845,vertex_inside_atom,0.22647262532602386,1.5616451836726075,1.7000000476837158,True,False,0.43342822790145874,27.257654190063477
AF-B2D6K9-3-F1,108851,vertex_inside_atom,0.356604798652414,0.6775513354347564,1.0,True,True,0.4356427490711212,5.347375392913818
AF-B2D6K9-3-F1,108852,vertex_inside_atom,0.3174514829777334,0.3558162483966523,1.7000000476837158,True,False,0.4004947543144226,14.6788330078125
AF-B2D6K9-3-F1,108853,vertex_inside_atom,0.9931592787542777,0.4697044641864452,1.7000000476837158,True,False,0.6798165440559387,59.53458786010742
AF-B2D6K9-3-F1,108854,vertex_inside_atom,1.3966558620593343,0.7593921573299973,1.7000000476837158,True,True,0.9675186276435852,90.58243560791016
AF-B2D6K9-3-F1,108855,vertex_inside_atom,0.775344926328477,1.1598944879123392,1.7000000476837158,True,False,0.7903738617897034,55.415992736816406
AF-B2D6K9-3-F1,108856,vertex_inside_atom,0.7724463939535602,1.0780917159294023,1.7000000476837158,True,True,0.5119365453720093,42.344573974609375
AF-B2D6K9-3-F1,108857,vertex_inside_atom,0.1283157496988354,1.2284795648959064,1.7000000476837158,True,True,-0.5788718461990356,17.28939437866211
AF-B2D6K9-3-F1,108864,vertex_inside_atom,0.329824444246552,0.6971056609786002,1.0,True,True,0.411376953125,3.363959789276123
AF-B2D6K9-3-F1,108865,vertex_inside_atom,0.6841007224120373,0.46483663494336575,1.0,True,True,0.7882360219955444,20.544713973999023
AF-B2D6K9-3-F1,108866,vertex_inside_atom,0.08055722293446721,0.5946088428892525,1.7000000476837158,True,False,0.22105398774147034,17.971107482910156
AF-B2D6K9-3-F1,108867,vertex_inside_atom,0.6060481177731682,0.7578093388619592,1.7000000476837158,True,False,0.40407463908195496,36.80696105957031
AF-B2D6K9-3-F1,108868,vertex_inside_atom,0.8643954662676476,1.0221798866373597,1.7000000476837158,True,True,0.5838671922683716,50.38407897949219
AF-B2D6K9-3-F1,108869,vertex_inside_atom,0.9485789942663548,1.1754208457717725,1.7000000476837158,True,True,0.9077392816543579,66.58798217773438
AF-B2D6K9-3-F1,108870,vertex_inside_atom,0.8994253244488412,1.0120213907729594,1.7000000476837158,True,False,0.8743265271186829,70.23260498046875
AF-B2D6K9-3-F1,108871,vertex_inside_atom,1.0664365794424926,0.6490278864494333,1.7000000476837158,True,False,0.7303798198699951,61.24531936645508
AF-B2D6K9-3-F1,108872,vertex_inside_atom,0.5570941607671593,0.7806978189826728,1.7000000476837158,True,True,-0.5723239779472351,23.370206832885742
AF-B2D6K9-3-F1,108873,vertex_inside_atom,0.17618656686545853,1.1810595459172786,1.7000000476837158,True,True,-0.5733420252799988,11.45376968383789
AF-B2D6K9-3-F1,108881,vertex_inside_atom,0.23901443404557776,1.1182707625539543,1.7000000476837158,True,True,-0.5669063329696655,16.16321563720703
AF-B2D6K9-3-F1,108882,vertex_inside_atom,0.053316541527382855,1.3079584266054678,1.7000000476837158,True,False,0.0866834744811058,18.629573822021484
AF-B2D6K9-3-F1,108883,vertex_inside_atom,0.11505907040908148,1.5854358824945298,1.7000000476837158,True,False,0.36783915758132935,24.342992782592773
AF-B2D6K9-3-F1,108884,vertex_inside_atom,0.5862782524475192,1.2068155269599858,1.7000000476837158,True,True,0.38612595200538635,43.6574592590332
AF-B2D6K9-3-F1,108885,vertex_inside_atom,1.3401404300087392,0.7728730282670045,1.7000000476837158,True,True,0.9287008047103882,81.9176025390625
AF-B2D6K9-3-F1,108886,vertex_inside_atom,0.8965093907295718,0.31479738429560433,1.7000000476837158,True,True,-0.9414752125740051,35.90501022338867
AF-B2D6K9-3-F1,108887,vertex_inside_atom,0.2754327819878868,0.5360496995005575,1.7000000476837158,True,False,0.3706609904766083,7.990914821624756
AF-B2D6K9-3-F1,108896,vertex_inside_atom,0.2745587786281001,1.2381367924292683,1.7000000476837158,True,False,0.1987011879682541,22.360445022583008
AF-B2D6K9-3-F1,108897,vertex_inside_atom,0.7403097232686324,0.7308812201949816,1.7000000476837158,True,False,0.4889279007911682,37.91644287109375
AF-B2D6K9-3-F1,108898,vertex_inside_atom,0.2952662467308751,0.5935972525579146,1.7000000476837158,True,False,0.3870556354522705,2.2840235233306885
AF-B2D6K9-3-F1,108899,vertex_inside_atom,0.8611350415482217,0.398434747425535,1.0,True,True,0.9772319197654724,55.61814498901367
AF-B2D6K9-3-F1,108900,vertex_inside_atom,0.13767474902250354,0.8474873894859187,1.0,True,True,0.26504895091056824,0.8875305652618408
AF-B2D6K9-3-F1,108907,vertex_inside_atom,0.4409561461916751,0.9084898930326719,1.7000000476837158,True,True,-0.5613053441047668,15.749292373657227
AF-B2D6K9-3-F1,108908,vertex_inside_atom,0.015710283198764552,0.9447458961651874,1.0,True,True,0.18393158912658691,6.4499592781066895
AF-B2D6K9-3-F1,108909,vertex_inside_atom,0.158166927329065,0.8317961848302604,1.0,True,True,0.2805209159851074,1.099939227104187
AF-B4JYN3-F1,180735,vertex_inside_atom,0.7927166476354928,1.2915155499310673,2.0,True,False,0.49209320545196533,17.511199951171875
AF-B4JYN3-F1,180740,concavity_shortcut,0.004585621186139033,1.675084057348705,1.399999976158142,False,False,0.7477681636810303,4.022663116455078
AF-B4JYN3-F1,180741,vertex_inside_atom,1.078451752571808,1.1882441466980178,2.0,True,True,0.6839713454246521,8.71546459197998
AF-B4JYN3-F1,180742,vertex_inside_atom,1.5133306581038952,0.8109780753657906,2.0,True,False,0.9827771782875061,0.9032842516899109
AF-B4JYN3-F1,180743,vertex_inside_atom,1.259552152130412,0.3441936527188581,2.0,True,True,-0.5221697688102722,4.791393280029297
AF-B4JYN3-F1,180750,concavity_shortcut,0.7709904809418385,1.1503819647426696,1.0,False,False,0.9678539037704468,34.37454605102539
AF-B4JYN3-F1,180751,vertex_inside_atom,1.1311150743010836,1.0951470169800235,2.0,True,False,0.7206135988235474,27.902767181396484
AF-B4JYN3-F1,180752,vertex_inside_atom,1.0657231290472828,0.607870104777474,2.0,True,True,-0.41681694984436035,8.44351863861084
AF-B4JYN3-F1,180761,vertex_inside_atom,0.15204473201129143,0.8423430596537957,1.399999976158142,True,True,-0.7095085978507996,27.02518653869629
AF-B4JYN3-F1,180762,vertex_inside_atom,0.10334999630034925,0.8975850635421627,1.399999976158142,True,True,-0.6970325708389282,23.333105087280273
AF-B4JYN3-F1,180763,inward_normal,0.22367506649923197,1.0255716973463775,1.0,False,True,0.681583821773529,31.89020347595215
AF-B4JYN3-F1,180764,inward_normal,0.22786223783109338,1.023361904356719,1.0,False,True,0.6851899027824402,21.055910110473633
AF-B4JYN3-F1,180765,vertex_inside_atom,0.30546188824719067,1.453577296482458,2.0,True,False,0.6565628051757812,15.558388710021973
AF-B4JYN3-F1,180777,vertex_inside_atom,0.2572426858232961,0.7177048444943042,1.399999976158142,True,True,-0.7531865239143372,35.34048080444336
AF-B4JYN3-F1,180778,vertex_inside_atom,0.4291809125963444,0.48376469190767835,1.399999976158142,True,True,-0.9472141265869141,54.73155212402344
AF-B4JYN3-F1,180780,vertex_inside_atom,0.6145283574099982,0.8373500944434772,1.0,True,True,0.9583806991577148,124.97402954101562
AF-B4JYN3-F1,180788,vertex_inside_atom,0.018467904928468615,0.9901629374118357,1.399999976158142,True,True,-0.685158371925354,14.029159545898438
AF-B4JYN3-F1,180789,vertex_inside_atom,0.02868562321355661,0.9786852905643008,1.399999976158142,True,True,-0.687311589717865,16.216455459594727
AF-B4JYN3-F1,180794,vertex_inside_atom,0.21651612574430268,0.7669829447257769,1.399999976158142,True,True,-0.7329267859458923,31.381013870239258
AF-B4JYN3-F1,180795,vertex_inside_atom,0.3815553513738912,0.55424802284371,1.399999976158142,True,True,-0.8656874299049377,53.89616394042969
AF-B4JYN3-F1,180796,vertex_inside_atom,0.21491769109260983,0.7689442571704262,1.399999976158142,True,True,-0.7324195504188538,35.506874084472656
AF-B4JYN3-F1,180803,vertex_inside_atom,0.033309238015893916,0.9736661191119309,1.399999976158142,True,True,-0.6879367828369141,17.704519271850586
AF-B4JYN3-F1,180804,vertex_inside_atom,0.30718111255849356,0.6537433613581968,1.399999976158142,True,True,-0.7904562950134277,35.682037353515625
AF-B4JYN3-F1,180805,vertex_inside_atom,0.35447425665983245,0.5911458769430925,1.399999976158142,True,True,-0.8351884484291077,39.99668884277344
AF-B4JYN3-F1,180806,vertex_inside_atom,0.14262301930455323,0.852317920781357,1.399999976158142,True,True,-0.7093578577041626,19.516891479492188
AF-B4JYN3-F1,180810,vertex_inside_atom,0.04715039589006009,0.9593483953069302,1.399999976158142,True,True,-0.6876040101051331,22.2805118560791
AF-B4JYN3-F1,180811,vertex_inside_atom,0.002104820682197861,1.0081996130355595,1.399999976158142,True,True,-0.6820555329322815,31.480199813842773
AF-B4JYN3-F1,180817,vertex_inside_atom,0.2771402164630641,0.6919083196213435,1.399999976158142,True,True,-0.7689310312271118,32.52031326293945
AF-B4JYN3-F1,180818,vertex_inside_atom,0.4297266848850554,0.48199961607663044,1.399999976158142,True,True,-0.9524027109146118,45.58016586303711
AF-B4JYN3-F1,180819,vertex_inside_atom,0.2031776397782663,0.7821643184220151,1.399999976158142,True,True,-0.7294553518295288,23.17119789123535
AF-B4JYN3-F1,180826,vertex_inside_atom,0.061636293087046656,0.9426240640397519,1.399999976158142,True,True,-0.6922784447669983,18.814640045166016
AF-B4JYN3-F1,180827,vertex_inside_atom,0.1534466867238098,0.839908854819081,1.399999976158142,True,True,-0.7123446464538574,26.14730453491211
AF-F4JCB3-F1,125766,vertex_inside_atom,0.06358800312176505,0.932662203717379,1.399999976158142,True,True,-0.7143560647964478,11.721139907836914
AF-F4JCB3-F1,125767,vertex_inside_atom,0.2648839834334933,0.6968071744353551,1.399999976158142,True,True,-0.7934746742248535,21.130306243896484
AF-F4JCB3-F1,125768,vertex_inside_atom,0.07946507227945543,0.9151918938704684,1.399999976158142,True,True,-0.7169907093048096,9.844449043273926
AF-F4JCB3-F1,125775,vertex_inside_atom,1.205343363489821,0.9780789715301296,2.0,True,False,0.7105902433395386,8.40706729888916
AF-F4JCB3-F1,125778,vertex_inside_atom,0.09168689164580024,0.9017440847676736,1.399999976158142,True,True,-0.7193170785903931,14.904142379760742
AF-F4JCB3-F1,125779,vertex_inside_atom,0.3814063559838965,0.5401816879513331,1.399999976158142,True,True,-0.9177274107933044,35.52287673950195
AF-F4JCB3-F1,125780,vertex_inside_atom,0.3762579924956635,0.5475419804830101,1.399999976158142,True,True,-0.9097455739974976,33.384986877441406
AF-F4JCB3-F1,125781,vertex_inside_atom,0.0800581780311731,0.9145684785317694,1.399999976158142,True,True,-0.7171235680580139,12.887287139892578
AF-F4JCB3-F1,125789,vertex_inside_atom,1.3015659536832964,0.23234050935188613,2.0,True,True,-0.7906628847122192,13.866493225097656
AF-F4JCB3-F1,125790,vertex_inside_atom,1.4389497970073908,0.6657897216562985,2.0,True,False,0.8781638145446777,14.897607803344727
AF-F4JCB3-F1,125791,vertex_inside_atom,1.3735197147989755,0.9779927523773981,2.0,True,True,0.8322660326957703,8.702975273132324
AF-F4JCB3-F1,125794,vertex_inside_atom,0.08631881906389571,0.907790638093001,1.399999976158142,True,True,-0.7178746461868286,13.2054443359375
AF-F4JCB3-F1,125795,vertex_inside_atom,0.26694896472926666,0.6944738970055528,1.399999976158142,True,True,-0.7942373752593994,20.08852767944336
AF-F4JCB3-F1,125796,vertex_inside_atom,0.1920046945497964,0.786370932552857,1.399999976158142,True,True,-0.751658022403717,19.393104553222656
AF-F4JCB3-F1,125807,vertex_inside_atom,0.9104334095242714,0.7709191258602027,2.0,True,True,-0.4447972774505615,14.02626895904541
AF-F4JCB3-F1,125815,vertex_inside_atom,0.051238137867542166,0.8888114149700278,1.0,True,True,0.15734732151031494,9.242369651794434
AF-F4JCB3-F1,125816,vertex_inside_atom,0.37196055876584844,0.6325623448107635,1.0,True,True,0.40390244126319885,42.37220001220703
AF-F4JCB3-F1,125817,vertex_inside_atom,0.021393351165098218,0.8004815565009334,1.5,True,False,0.13884615898132324,6.5796613693237305
AF-F4JCB3-F1,125829,vertex_inside_atom,0.3447228375518383,0.6530259401914797,1.0,True,True,0.3782496750354767,36.069766998291016
AF-F4JCB3-F1,125830,vertex_inside_atom,0.7405531914387825,0.38311956323763147,1.0,True,True,0.8602769374847412,134.74974060058594
AF-F4JCB3-F1,125831,vertex_inside_atom,0.5912304173978148,0.42464989891901556,1.5,True,True,-0.9314438104629517,11.099522590637207
AF-F4JCB3-F1,125832,vertex_inside_atom,0.5492638614122103,0.4845625259217412,1.0,True,True,0.5810152292251587,88.21543884277344
AF-F4JCB3-F1,125833,vertex_inside_atom,0.38055843689851776,0.6116420813930701,1.0,True,True,0.39336299896240234,70.92681884765625
AF-F4JCB3-F1,125840,vertex_inside_atom,0.029094651978370134,0.9074050625076078,1.0,True,True,0.14412419497966766,0.9099876880645752
AF-F4JCB3-F1,125841,vertex_inside_atom,0.5088115795292835,0.5488258917777591,1.5,True,True,-0.7856689691543579,19.055891036987305
AF-F4JCB3-F1,125842,vertex_inside_atom,0.49423523571288663,0.5247267134129806,1.0,True,True,0.5134545564651489,58.3959846496582
AF-F4JCB3-F1,125843,vertex_inside_atom,0.27091526358548446,0.6990681204374408,1.0,True,True,0.29639434814453125,36.58071517944336
AF-H2KY86-F1,114400,vertex_inside_atom,0.7469179669492321,1.1589762523196643,2.0,True,False,0.9268412590026855,19.37333869934082
AF-H2KY86-F1,114401,vertex_inside_atom,1.3165722417948347,0.811333534924591,2.0,True,True,0.543745756149292,7.1762471199035645
AF-H2KY86-F1,114402,inward_normal,0.03333868479483959,1.3181526931169067,1.0,False,True,0.7989567518234253,30.90768051147461
AF-H2KY86-F1,114403,vertex_inside_atom,0.7016086561037904,1.2158287983314366,1.5,True,True,0.8971731066703796,34.689247131347656
AF-H2KY86-F1,114404,vertex_inside_atom,1.4057459342664629,0.7529917377661669,2.0,True,True,0.6160199642181396,3.1357927322387695
AF-H2KY86-F1,114405,vertex_inside_atom,1.796022486855187,0.563511007705729,2.0,True,True,0.9334225654602051,23.205305099487305
AF-H2KY86-F1,114406,vertex_inside_atom,1.0941312699823016,0.6890654008213739,2.0,True,False,0.3818073868751526,20.533401489257812
AF-H2KY86-F1,114407,vertex_inside_atom,1.022091914128654,0.4819659071732892,2.0,True,True,-0.9834973812103271,12.223466873168945
AF-H2KY86-F1,114408,concavity_shortcut,0.002361706694556709,1.5120476862410996,0.0,False,False,0.46302711963653564,16.821517944335938
AF-H2KY86-F1,114412,vertex_inside_atom,0.7655618322106594,1.0773139225920725,2.0,True,False,0.18695774674415588,27.99821662902832
AF-O02751-F1,111087,vertex_inside_atom,0.4162100879402393,0.5038271948351903,1.399999976158142,True,True,-0.9209520220756531,60.890869140625
AF-O02751-F1,111088,vertex_inside_atom,0.1512745551406096,0.8431719749129358,1.399999976158142,True,True,-0.7095041871070862,26.134000778198242
AF-O02751-F1,111089,vertex_inside_atom,0.25324597864094023,0.722702155410263,1.399999976158142,True,True,-0.7508334517478943,30.76795196533203
AF-O02751-F1,111090,vertex_inside_atom,0.37531017942106204,0.5634139121435785,1.399999976158142,True,True,-0.8562747240066528,44.985225677490234
AF-O02751-F1,111091,vertex_inside_atom,0.38515596954467823,0.54946845374919,1.399999976158142,True,True,-0.8696591854095459,52.18124771118164
AF-O02751-F1,111092,vertex_inside_atom,0.27000721506462866,0.7020160414774499,1.399999976158142,True,True,-0.7605822086334229,33.450897216796875
AF-O02751-F1,111093,vertex_inside_atom,0.15825153488336197,0.8352782120523535,1.399999976158142,True,True,-0.7112993001937866,24.397470474243164
AF-O02751-F1,111097,vertex_inside_atom,0.012117236055880332,0.9973873298267442,1.399999976158142,True,True,-0.6833400726318359,14.357266426086426
AF-O02751-F1,111098,vertex_inside_atom,0.08501855318859208,0.9176481943491654,1.399999976158142,True,True,-0.6942192316055298,15.969884872436523
AF-O02751-F1,111099,vertex_inside_atom,0.09914972727456717,0.9019869066776688,1.399999976158142,True,True,-0.6968830823898315,20.25591468811035
AF-O02751-F1,111100,vertex_inside_atom,0.046896436950859766,0.9595646297977808,1.399999976158142,True,True,-0.6878883838653564,17.400094985961914
AF-O02751-F1,111139,vertex_inside_atom,0.12853196027549996,0.8693460974909175,1.399999976158142,True,True,-0.7024134397506714,22.506427764892578
AF-O02751-F1,111140,vertex_inside_atom,0.06046171823273494,0.9452641355143679,1.399999976158142,True,True,-0.6885312795639038,15.9603271484375
AF-O02751-F1,111144,vertex_inside_atom,0.09529678919709728,1.6994461449757488,1.7000000476837158,True,False,0.7500028014183044,10.468575477600098
AF-O02751-F1,111145,vertex_inside_atom,0.35901682955263325,1.3480569779259661,2.0,True,False,0.9200330972671509,10.514554977416992
AF-O02751-F1,111153,vertex_inside_atom,0.036190236575373236,0.9717738369573594,1.399999976158142,True,True,-0.6849743127822876,18.044633865356445
AF-O02751-F1,111154,vertex_inside_atom,0.3390015906064914,0.613411537873472,1.399999976158142,True,True,-0.8138787746429443,43.88873291015625
AF-O02751-F1,111155,vertex_inside_atom,0.3995341421248231,0.5294996862770835,1.399999976158142,True,True,-0.888879656791687,52.62857437133789
AF-O02751-F1,111156,vertex_inside_atom,0.1712836480758806,0.8205808907654225,1.399999976158142,True,True,-0.7146093845367432,25.014341354370117
AF-O02751-F1,111160,vertex_inside_atom,0.24420155423488987,1.3808009041637097,2.0,True,False,0.8457691073417664,26.742605209350586
AF-O02751-F1,111161,vertex_inside_atom,1.3109771865449047,1.0086795796137598,2.0,True,True,0.7858579158782959,26.136476516723633
AF-O02751-F1,111162,vertex_inside_atom,1.2421815223650352,0.5418568218627857,2.0,True,False,0.736182689666748,5.949806213378906
AF-O02751-F1,111163,vertex_inside_atom,1.2683563052914302,0.3088273143535831,2.0,True,True,-0.6143498420715332,2.7487363815307617
AF-O02751-F1,111168,vertex_inside_atom,0.29900033948747606,0.6659472650264461,1.399999976158142,True,True,-0.7788137793540955,37.73257827758789
AF-O02751-F1,111169,vertex_inside_atom,0.38554310659402846,0.5496232029243876,1.399999976158142,True,True,-0.8681495189666748,48.274742126464844
AF-O02751-F1,111170,vertex_inside_atom,0.09468308115149693,0.9073777402886563,1.399999976158142,True,True,-0.6948255896568298,20.969743728637695
AF-O02751-F1,111174,vertex_inside_atom,1.3871113881898347,0.9099609299612446,2.0,True,False,0.8400143980979919,0.49807009100914
AF-O02751-F1,111178,vertex_inside_atom,0.042502069148268484,0.9645312811354582,1.399999976158142,True,True,-0.6867192983627319,17.384910583496094
AF-O02751-F1,111179,vertex_inside_atom,0.029803558383477036,0.9783109234510575,1.399999976158142,True,True,-0.6850870847702026,18.54901885986328
AF-O23179-2-F1,46142,vertex_inside_atom,1.5769210497704407,0.6640490035279714,2.0,True,True,0.7708181142807007,11.825592994689941
AF-O23179-2-F1,46161,vertex_inside_atom,1.213335961918402,0.8902886095587732,2.0,True,True,0.4760873019695282,12.414460182189941
AF-O23179-2-F1,46162,vertex_inside_atom,1.5672566803753645,0.6689701697630688,2.0,True,True,0.7628045082092285,13.82561206817627
AF-O23179-2-F1,46163,vertex_inside_atom,1.0668646289923296,0.9973807845216212,2.0,True,True,0.3749312162399292,12.692420959472656
AF-O23179-2-F1,46182,vertex_inside_atom,1.0119856778439358,0.505630177320585,2.0,True,True,-0.930748701095581,14.200444221496582
AF-O29026-F1,35481,concavity_shortcut,0.011158055002278289,1.7843385822531386,0.0,False,False,0.9168269038200378,16.704591751098633
AF-O29026-F1,35507,vertex_inside_atom,0.016112845049497837,1.5319585823058148,1.850000023841858,True,True,-0.5001043081283569,15.130450248718262
AF-O29026-F1,35508,vertex_inside_atom,0.44647090408327395,1.1100362015396963,1.850000023841858,True,True,-0.43935686349868774,13.988746643066406
AF-O29026-F1,35509,vertex_inside_atom,0.649316977430809,0.8999563067501023,1.850000023841858,True,True,-0.42409178614616394,43.41339111328125
AF-O29026-F1,35510,vertex_inside_atom,0.494616634442246,1.0613172387191145,1.850000023841858,True,True,-0.4341520071029663,31.81500244140625
AF-O29026-F1,35519,inward_normal,0.18212300739064768,1.6837694762941315,1.399999976158142,False,True,0.9514310359954834,7.385257720947266
AF-O29026-F1,35527,vertex_inside_atom,0.48285610916008714,1.0731824972134103,1.850000023841858,True,True,-0.43540865182876587,8.814225196838379
AF-O29026-F1,35528,vertex_inside_atom,0.9311741168717492,0.575975760413485,1.850000023841858,True,True,-0.4557553231716156,67.19158935546875
AF-O29026-F1,35529,vertex_inside_atom,1.0811357183899197,0.3599223983837738,1.850000023841858,True,True,-0.5881435871124268,100.17366027832031
AF-O29026-F1,35530,vertex_inside_atom,0.7854073459090323,0.7502268016957176,1.850000023841858,True,True,-0.4271749258041382,37.278011322021484
AF-O29026-F1,35531,vertex_inside_atom,1.0817722991640335,1.1056914827929967,2.0,True,True,0.5693197250366211,25.280555725097656
AF-O29026-F1,35538,vertex_inside_atom,0.3295246808595893,1.6041280832784075,1.7000000476837158,True,True,0.5891181230545044,38.32756042480469
AF-O29026-F1,35539,vertex_inside_atom,0.839127451073251,1.2899142509883135,1.7000000476837158,True,True,0.9091233015060425,76.48625183105469
AF-O29026-F1,35540,vertex_inside_atom,0.6933919439830805,1.2136295607430598,2.0,True,False,0.8153421878814697,58.693817138671875
AF-O29026-F1,35547,vertex_inside_atom,0.26365780852901644,1.2921178930485266,1.850000023841858,True,True,-0.46188274025917053,6.018734931945801
AF-O29026-F1,35548,vertex_inside_atom,0.7901729485343068,0.7448838301133937,1.850000023841858,True,True,-0.4274088144302368,41.64921569824219
AF-O29026-F1,35549,vertex_inside_atom,1.078651064236953,0.3641330878882142,1.850000023841858,True,True,-0.5831165313720703,89.73343658447266
AF-O29026-F1,35550,vertex_inside_atom,0.8548098049364306,0.6701237444219443,1.850000023841858,True,True,-0.4349060654640198,21.105417251586914
AF-O29026-F1,35551,vertex_inside_atom,1.681905960578907,0.7933792009906151,2.0,True,True,0.9809437394142151,128.24679565429688
AF-O29026-F1,35558,vertex_inside_atom,0.6880810376485285,1.347616148838731,2.0,True,False,0.812319278717041,76.58305358886719
AF-O29026-F1,35559,vertex_inside_atom,1.3238762335254448,0.8127055202744832,2.0,True,True,0.5579897165298462,84.78785705566406
AF-O29026-F1,35560,vertex_inside_atom,1.6038767554988855,0.647983841927195,2.0,True,True,0.7920103073120117,38.84391784667969
AF-O29026-F1,35561,vertex_inside_atom,1.0116122596685562,1.0371970161133528,2.0,True,True,0.336410254240036,17.224979400634766
AF-O29026-F1,35566,vertex_inside_atom,0.4399304164201645,1.1167264291868906,1.850000023841858,True,True,-0.4399062693119049,6.622503280639648
AF-O29026-F1,35567,vertex_inside_atom,0.6313219059602375,0.9188797020530528,1.850000023841858,True,True,-0.4253091514110565,22.475112915039062
AF-O29026-F1,35575,vertex_inside_atom,1.0836412700740716,0.8615134088687566,2.0,True,False,0.38298898935317993,48.164310455322266
AF-O29026-F1,35576,vertex_inside_atom,1.548956492092904,0.6759450191960475,2.0,True,True,0.7447718381881714,26.15983009338379
AF-O29026-F1,35588,vertex_inside_atom,1.0130886952618088,0.4975713738546277,2.0,True,True,-0.9574851393699646,27.966291427612305
AF-O43236-5-F1,49653,concavity_shortcut,0.28907172729649266,1.0000441152702377,1.0,False,False,-0.5374904870986938,1.5337250232696533
AF-O43236-5-F1,49654,concavity_shortcut,0.36363393579151837,1.0000413527376537,1.0,False,False,-0.5047312378883362,0.32899320125579834
AF-O43236-5-F1,49657,vertex_inside_atom,0.5780557361049828,0.6573525758925167,1.7000000476837158,True,False,0.7421891689300537,64.58580017089844
AF-O43236-5-F1,49658,vertex_inside_atom,1.039859634836298,0.35263006040208117,1.7000000476837158,True,True,-0.17349886894226074,28.581850051879883
AF-O43236-5-F1,49659,vertex_inside_atom,0.63809577510969,0.8383019748769582,1.7000000476837158,True,False,0.7906280755996704,20.06498146057129
AF-O43236-5-F1,49661,concavity_shortcut,0.08511574793087084,1.0001216013559509,1.0,False,False,0.3502415716648102,11.701837539672852
AF-O43236-5-F1,49662,vertex_inside_atom,0.795821070224855,0.6353627929758926,1.7000000476837158,True,False,0.9123804569244385,117.58303833007812
AF-O43236-5-F1,49663,vertex_inside_atom,1.0729867648050706,0.309711848602496,1.7000000476837158,True,True,-0.1516495645046234,24.474435806274414
AF-O43236-5-F1,49664,vertex_inside_atom,0.5250509907590248,0.8211721322282,1.7000000476837158,True,False,0.7001635432243347,16.312862396240234
AF-O43236-5-F1,49666,concavity_shortcut,0.3292037781409898,1.0000441152702377,1.0,False,False,-0.5198942422866821,6.5012359619140625
AF-O43236-5-F1,49667,vertex_inside_atom,0.406076528948774,0.9749134868228163,1.7000000476837158,True,True,-0.4859503209590912,1.142591118812561
AF-O35685-F1,62221,vertex_inside_atom,0.08564093211587709,0.9053224566691019,1.399999976158142,True,True,-0.7265807390213013,18.72144889831543
AF-O35685-F1,62222,vertex_inside_atom,0.06132578435021685,0.9322799274028611,1.399999976158142,True,True,-0.7216594815254211,17.614255905151367
AF-O35685-F1,62229,vertex_inside_atom,0.0893554697118133,0.9012866121536224,1.399999976158142,True,True,-0.7272048592567444,21.50139045715332
AF-O35685-F1,62230,vertex_inside_atom,0.3683757520361506,0.5542533891034495,1.399999976158142,True,True,-0.9147442579269409,43.366455078125
AF-O35685-F1,62231,vertex_inside_atom,0.3039764262034703,0.6424525906034504,1.399999976158142,True,True,-0.8381539583206177,36.52968978881836
AF-O35685-F1,62242,vertex_inside_atom,0.03319602387951748,0.9635105056012672,1.399999976158142,True,True,-0.715973436832428,21.299020767211914
AF-O35685-F1,62243,vertex_inside_atom,0.29604642830836214,0.6530796900547924,1.399999976158142,True,True,-0.8302937150001526,38.32514190673828
AF-O35685-F1,62244,vertex_inside_atom,0.33317292660972253,0.6033328538508531,1.399999976158142,True,True,-0.8684917688369751,37.00656509399414
AF-O35685-F1,62245,vertex_inside_atom,0.11896423013977553,0.8676322078629394,1.399999976158142,True,True,-0.7356453537940979,22.86565589904785
AF-O35685-F1,62254,vertex_inside_atom,0.888980079211142,0.7927168083264676,2.0,True,True,-0.4487547278404236,17.022876739501953
AF-O35685-F1,62255,vertex_inside_atom,1.5332157220411136,0.9182071413361984,2.0,True,True,0.9531756639480591,13.542007446289062
AF-O35685-F1,62260,vertex_inside_atom,0.05206044365308449,0.9431576626998591,1.399999976158142,True,True,-0.7184391021728516,16.327381134033203
AF-O35685-F1,62263,vertex_inside_atom,0.01274923874549072,0.9100419923757523,1.0,True,True,0.11399653553962708,3.0653958320617676
AF-O35685-F1,62264,vertex_inside_atom,0.34630793784800173,0.6362519778009075,1.0,True,True,0.35792943835258484,24.848939895629883
AF-O35685-F1,62266,vertex_inside_atom,0.04082629934586279,1.089689583882273,1.5,True,True,-0.6348885297775269,8.723881721496582
AF-O35685-F1,62271,vertex_inside_atom,1.2720182879193964,0.2905509896848295,2.0,True,True,-0.6721967458724976,7.197257995605469
AF-O35685-F1,62272,vertex_inside_atom,1.2011960977175393,0.569670538051006,2.0,True,False,0.721398651599884,3.5125699043273926
AF-O35685-F1,62273,vertex_inside_atom,0.9750756637252063,1.0894568307545975,2.0,True,False,0.5623257160186768,8.24306869506836
AF-O35685-F1,62274,vertex_inside_atom,0.29421547066894926,1.5978535495808646,2.0,True,False,0.153800368309021,7.427646636962891
AF-O35685-F1,62279,vertex_inside_atom,0.23015319958112046,0.7301892500334715,1.0,True,True,0.2612222135066986,23.66380500793457
AF-O35685-F1,62280,vertex_inside_atom,0.7871306911785777,0.331385715191197,1.0,True,True,0.9497492909431458,102.6072769165039
AF-O35685-F1,62281,vertex_inside_atom,0.18159994349834663,0.5150897230381496,1.5,True,False,0.22415563464164734,13.926783561706543
AF-O35685-F1,62282,vertex_inside_atom,0.028426721044352732,0.7629438191227208,1.5,True,False,0.11702600121498108,12.520638465881348
AF-O35685-F1,62283,vertex_inside_atom,0.37348107355756965,0.6101266435745104,1.0,True,True,0.3765086531639099,45.6241455078125
AF-O35685-F1,62293,vertex_inside_atom,0.1047111462112873,0.7729471122322611,1.5,True,False,0.17192701995372772,10.511771202087402
AF-O35685-F1,62294,vertex_inside_atom,0.5836900474183805,0.4370743175603878,1.5,True,True,-0.9119633436203003,21.618045806884766
AF-O35685-F1,62295,vertex_inside_atom,0.6572606158774387,0.39942116488842805,1.0,True,True,0.7309668660163879,89.21075439453125
AF-O35685-F1,62296,vertex_inside_atom,0.2753825640198243,0.6888404834002742,1.0,True,True,0.2895907163619995,35.1970100402832
AF-O35685-F1,62305,vertex_inside_atom,0.21497202800899173,0.9045195866620217,1.5,True,True,-0.6446225047111511,15.630887031555176
AF-O35685-F1,62306,vertex_inside_atom,0.33256903834462104,0.6428539076885783,1.0,True,True,0.3390071392059326,22.032167434692383
AF-O22224-F1,125586,vertex_inside_atom,0.10905559575942125,1.2471419514129016,1.7000000476837158,True,True,-0.5818275809288025,8.24866771697998
AF-O22224-F1,125587,vertex_inside_atom,0.2609010997467376,1.0955496208924231,1.7000000476837158,True,True,-0.5665043592453003,6.909355640411377
AF-O22224-F1,125593,vertex_inside_atom,0.22879796267552766,1.3894867606011436,1.7000000476837158,True,False,0.17344197630882263,17.042139053344727
AF-O22224-F1,125594,vertex_inside_atom,0.6396287484889875,0.8892714227419524,1.7000000476837158,True,False,0.42154234647750854,27.40155029296875
AF-O22224-F1,125595,vertex_inside_atom,0.7173915752068432,0.5884335164127258,1.7000000476837158,True,True,-0.6274552345275879,20.411441802978516
AF-O22224-F1,125596,vertex_inside_atom,0.24017645344470862,0.7687521451410657,1.0,True,True,0.3430236577987671,3.414395332336426
AF-O22224-F1,125603,vertex_inside_atom,0.05172985598187907,1.3034869284507518,1.7000000476837158,True,True,-0.5889750123023987,8.87234878540039
AF-O22224-F1,125604,vertex_inside_atom,0.31574874980990963,1.405458032447398,1.7000000476837158,True,False,0.2238926887512207,22.810443878173828
AF-O22224-F1,125605,vertex_inside_atom,0.6478704937325503,1.342754499480691,1.7000000476837158,True,True,0.7044564485549927,40.00828552246094
AF-O22224-F1,125606,vertex_inside_atom,1.1665396868861189,0.8476451218422681,1.7000000476837158,True,True,0.8068474531173706,62.79357147216797
AF-O22224-F1,125607,vertex_inside_atom,1.1450976904421415,0.5617988234635808,1.7000000476837158,True,False,0.7910031080245972,52.24864196777344
AF-O22224-F1,125608,vertex_inside_atom,0.9016204732994858,0.3041352309560431,1.7000000476837158,True,True,-0.9698295593261719,19.022796630859375
AF-O22224-F1,125609,vertex_inside_atom,0.8876924110505897,0.39255512805497234,1.0,True,True,0.9971562623977661,34.184715270996094
AF-O22224-F1,125610,vertex_inside_atom,0.2490440086747624,0.7617390672432284,1.0,True,True,0.3497689366340637,5.599842548370361
AF-O22224-F1,125616,vertex_inside_atom,0.5036066372966326,0.8399176538183958,1.7000000476837158,True,True,-0.5666479468345642,15.772919654846191
AF-O22224-F1,125617,vertex_inside_atom,0.8858305082768069,0.8847491250791341,1.7000000476837158,True,False,0.5957753658294678,41.5030517578125
AF-O22224-F1,125618,vertex_inside_atom,1.0187192749039193,0.9267317772899449,1.7000000476837158,True,True,0.6959064602851868,65.37006378173828
AF-O22224-F1,125619,vertex_inside_atom,1.0732087882992016,1.1186516730479483,1.7000000476837158,True,True,0.9909342527389526,68.00270080566406
AF-O22224-F1,125620,vertex_inside_atom,1.0572344860358802,0.9043916800971503,1.7000000476837158,True,True,0.7239168286323547,59.43203353881836
AF-O22224-F1,125621,vertex_inside_atom,0.8142898351840667,0.754631088934379,1.7000000476837158,True,False,0.5428290963172913,34.65502166748047
AF-O22224-F1,125622,vertex_inside_atom,0.6708181696703064,0.6467512913900797,1.7000000476837158,True,True,-0.6044237613677979,15.166237831115723
AF-O22224-F1,125623,vertex_inside_atom,0.24362278756161782,0.765708017024205,1.0,True,True,0.3450610041618347,4.2474822998046875
AF-O22224-F1,125624,vertex_inside_atom,0.007280789176812741,0.9522204652255454,1.0,True,True,0.17960315942764282,1.4152010679244995
AF-O22224-F1,125628,vertex_inside_atom,0.32881392685924427,0.6975013291450824,1.0,True,True,0.409961998462677,9.823285102844238
AF-O22224-F1,125629,vertex_inside_atom,0.8331716889377566,0.42468769564012815,1.7000000476837158,True,True,-0.7560309767723083,13.050741195678711
AF-O22224-F1,125630,vertex_inside_atom,1.0602975241103394,0.5076209096960218,1.7000000476837158,True,False,0.7273823618888855,54.268863677978516
AF-O22224-F1,125631,vertex_inside_atom,1.2412073154750152,0.8142168344973061,1.7000000476837158,True,True,0.8630224466323853,76.5411605834961
AF-O22224-F1,125632,vertex_inside_atom,0.5880974004926829,1.2642161916981567,1.7000000476837158,True,False,0.6643576622009277,40.744075775146484
AF-O22224-F1,125633,vertex_inside_atom,0.3078442288810277,1.412644209031227,1.7000000476837158,True,True,0.2176065742969513,23.9940185546875
AF-O22224-F1,125634,vertex_inside_atom,0.18031822667252162,1.1937205501176236,1.7000000476837158,True,False,0.1478646993637085,13.14156723022461
AF-O22224-F1,125635,vertex_inside_atom,0.22791942362473683,1.1286221264451495,1.7000000476837158,True,True,-0.5699090361595154,7.776440620422363
AF-O22224-F1,125639,vertex_inside_atom,0.15207017739891615,0.8329635144969424,1.0,True,True,0.26991772651672363,5.359477519989014
AF-O22224-F1,125640,vertex_inside_atom,0.8369512945769759,0.3981298660795288,1.0,True,True,0.9590306878089905,51.10912322998047
AF-O22224-F1,125641,vertex_inside_atom,0.25486211960288563,0.43136069157460577,1.7000000476837158,True,False,0.3475077748298645,8.15442943572998
AF-O22224-F1,125642,vertex_inside_atom,0.64334599899483,0.6799309925019287,1.7000000476837158,True,True,-0.5941937565803528,29.05069923400879
AF-O22224-F1,125643,vertex_inside_atom,0.41499238073364175,1.1704345888935284,1.7000000476837158,True,False,0.28106117248535156,22.11395835876465
AF-O22224-F1,125651,vertex_inside_atom,0.12472326626347718,0.8546533904958488,1.0,True,True,0.25092896819114685,4.466728687286377
AF-O22224-F1,125652,vertex_inside_atom,0.4054163376021682,0.9458715356653863,1.7000000476837158,True,True,-0.5616063475608826,10.482429504394531
AF-O22224-F1,125653,vertex_inside_atom,0.029835302979409173,1.3250165198372887,1.7000000476837158,True,True,-0.5916123986244202,8.487459182739258
AF-P05524-F1,42920,vertex_inside_atom,0.164919405001706,1.4194913116185808,1.7000000476837158,True,False,0.1301749050617218,5.997274398803711
AF-P05524-F1,42921,vertex_inside_atom,0.2585284376669599,1.0996386330428278,1.7000000476837158,True,True,-0.5625197291374207,6.601712226867676
AF-P05524-F1,42922,vertex_inside_atom,0.19913649556233493,1.1594227771631804,1.7000000476837158,True,True,-0.5679096579551697,3.301528215408325
AF-P05524-F1,42929,vertex_inside_atom,0.0011629317902306369,1.3533992543582307,1.7000000476837158,True,True,-0.5942243933677673,0.8173138499259949
AF-P05524-F1,42930,vertex_inside_atom,0.5752193016536316,1.2195067997017184,1.7000000476837158,True,True,0.3870856761932373,27.924068450927734
AF-P05524-F1,42931,vertex_inside_atom,0.6444916686230009,1.1588795444870184,1.7000000476837158,True,True,0.4131598472595215,26.801494598388672
AF-P05524-F1,42932,vertex_inside_atom,0.9693728874511449,0.928382075831454,1.7000000476837158,True,False,0.6460564136505127,27.066162109375
AF-P05524-F1,42933,vertex_inside_atom,0.7119794929838151,0.5981079172405817,1.7000000476837158,True,True,-0.6156952381134033,29.39841079711914
AF-P05524-F1,42934,vertex_inside_atom,0.6327570409192829,0.7457577165720176,1.7000000476837158,True,False,0.5800575017929077,24.720701217651367
AF-P05524-F1,42935,vertex_inside_atom,0.39999319961843605,1.1927027599677151,1.7000000476837158,True,False,0.42915013432502747,7.459554195404053
AF-P05524-F1,42943,vertex_inside_atom,0.4992781634835295,0.8459061310059783,1.7000000476837158,True,True,-0.5629267692565918,8.296615600585938
AF-P05524-F1,42944,vertex_inside_atom,0.6826700645979695,0.9853133683946191,1.7000000476837158,True,False,0.4578990340232849,22.75018882751465
AF-P05524-F1,42945,vertex_inside_atom,1.0244152191459022,0.9285691316390488,1.7000000476837158,True,True,0.7064104676246643,60.48239517211914
AF-P05524-F1,42946,vertex_inside_atom,1.0124088837418834,1.0954313740376913,1.7000000476837158,True,False,0.9578840732574463,47.07744216918945
AF-P05524-F1,42947,vertex_inside_atom,1.4299620031094546,0.7341006538088809,1.7000000476837158,True,True,0.9752614498138428,36.556095123291016
AF-P05524-F1,42948,vertex_inside_atom,0.9271953975048871,0.46537609783905953,1.7000000476837158,True,False,0.6143703460693359,45.43656539916992
AF-P05524-F1,42949,vertex_inside_atom,0.8985612664216699,0.35001607074243307,1.7000000476837158,True,False,0.7647878527641296,50.89600372314453
AF-P05524-F1,42950,vertex_inside_atom,1.1799358910757176,0.8057415262352828,1.7000000476837158,True,False,0.9581380486488342,49.16123580932617
AF-P05524-F1,42958,vertex_inside_atom,0.17466870189242822,0.8094945128549367,1.0,True,True,0.2771357595920563,9.265742301940918
AF-P05524-F1,42959,vertex_inside_atom,0.4003567147533459,0.6374717671030915,1.0,True,True,0.4659472107887268,11.974884033203125
AF-P05524-F1,42960,vertex_inside_atom,0.8543226353604122,0.3925301853898022,1.7000000476837158,True,True,-0.7926316261291504,21.926239013671875
AF-P05524-F1,42961,vertex_inside_atom,1.338809467842423,0.7324501081505278,1.7000000476837158,True,False,0.9340575337409973,73.95073699951172
AF-P05524-F1,42962,vertex_inside_atom,0.7523677527384235,1.0969324348667295,1.7000000476837158,True,True,0.506301760673523,32.012596130371094
AF-P05524-F1,42963,vertex_inside_atom,0.5527261269614583,1.3554223627184483,1.7000000476837158,True,False,0.6477704644203186,23.231239318847656
AF-P05524-F1,42964,vertex_inside_atom,0.7523501805755153,1.0844831285242675,1.7000000476837158,True,True,0.48688629269599915,20.429584503173828
AF-P05524-F1,42965,vertex_inside_atom,0.5995300147679532,0.7339718915942762,1.7000000476837158,True,True,-0.5750734806060791,25.06509780883789
AF-P05524-F1,42966,vertex_inside_atom,0.6564526408507767,0.6668216215664741,1.7000000476837158,True,True,-0.5910253524780273,28.89130401611328
AF-P05524-F1,42967,vertex_inside_atom,0.8137706385813729,0.9855755842707007,1.7000000476837158,True,False,0.7048051357269287,21.819080352783203
AF-P05524-F1,42975,vertex_inside_atom,0.36271525731033727,0.6654933540603785,1.0,True,True,0.43122875690460205,17.924095153808594
AF-P05524-F1,42976,vertex_inside_atom,0.7092558492927152,0.4404205851340502,1.0,True,True,0.8166472315788269,35.28635025024414
AF-P05524-F1,42977,vertex_inside_atom,0.8444428324372417,0.4087295469254115,1.7000000476837158,True,True,-0.770582377910614,14.291739463806152
AF-P05524-F1,42978,vertex_inside_atom,0.9436596872381662,0.7412577534281982,1.7000000476837158,True,False,0.6449745893478394,37.85380935668945
AF-P05524-F1,42979,vertex_inside_atom,0.10728755256382283,1.3912435836524175,1.7000000476837158,True,False,0.1164788007736206,6.277194023132324
AF-P05524-F1,42981,vertex_inside_atom,0.017990908664320848,1.3379437362691897,1.7000000476837158,True,True,-0.5897621512413025,3.3896548748016357
AF-P05524-F1,42982,vertex_inside_atom,0.22440363229308224,1.1339899661649153,1.7000000476837158,True,True,-0.5654831528663635,5.589801788330078
AF-P05524-F1,42983,vertex_inside_atom,0.13988499721973935,1.2183409762966808,1.7000000476837158,True,True,-0.5743087530136108,6.996388912200928
AF-P05524-F1,42991,vertex_inside_atom,0.0581041538933883,0.9025953173420519,1.0,True,True,0.19688832759857178,9.308029174804688
AF-P05524-F1,42993,vertex_inside_atom,0.3506848834441856,1.0041126238510218,1.7000000476837158,True,True,-0.560208261013031,9.035475730895996
AF-P06608-F1,40023,vertex_inside_atom,0.5186609788474481,0.5666873009493499,1.0,True,True,0.5988288521766663,31.372947692871094
AF-P06608-F1,40024,vertex_inside_atom,0.3475494404311489,0.6863382033268148,1.0,True,True,0.4306437075138092,19.343597412109375
AF-P06608-F1,40039,vertex_inside_atom,0.2361045627255498,0.7701437390197732,1.0,True,True,0.3370545506477356,9.183673858642578
AF-P06608-F1,40040,vertex_inside_atom,0.5953514416429774,0.4870415678613572,1.7000000476837158,True,False,0.6852269768714905,24.15044593811035
AF-P06608-F1,40041,vertex_inside_atom,0.056176676811677706,0.6660857653386566,1.7000000476837158,True,False,0.20817109942436218,0.48848050832748413
AF-P06608-F1,40042,vertex_inside_atom,0.23616557047437436,1.120633622773762,1.7000000476837158,True,True,-0.5684647560119629,0.7192717790603638
AF-P06608-F1,40048,vertex_inside_atom,0.2394686272968064,0.7636496576395005,1.0,True,True,0.33390405774116516,12.5908784866333
AF-P06608-F1,40049,vertex_inside_atom,0.0616730848188527,0.903704967124821,1.0,True,True,0.20606498420238495,7.133000373840332
AF-P06608-F1,40055,vertex_inside_atom,0.11104689189218364,1.2457329857721273,1.7000000476837158,True,True,-0.580372154712677,0.6055996417999268
AF-P06608-F1,40056,vertex_inside_atom,0.592419373560976,0.740421077891105,1.7000000476837158,True,True,-0.5787506699562073,8.90786075592041
AF-P06608-F1,40057,vertex_inside_atom,0.8785716462685804,0.34866131706528275,1.7000000476837158,True,True,-0.8688993453979492,22.473785400390625
AF-P06608-F1,40058,vertex_inside_atom,0.7293140140545286,0.5727350801021642,1.7000000476837158,True,True,-0.6355024576187134,19.866405487060547
AF-P06608-F1,40059,vertex_inside_atom,0.2882414944584628,1.067789746009904,1.7000000476837158,True,True,-0.5646575093269348,7.808008670806885
AF-P06608-F1,40062,vertex_inside_atom,0.13711650633879424,1.2195825249222463,1.7000000476837158,True,True,-0.5783344507217407,3.58838152885437
AF-P06608-F1,40063,vertex_inside_atom,0.46174474597083504,0.8859374807122818,1.7000000476837158,True,True,-0.5625612139701843,4.686751842498779
AF-P06608-F1,40064,vertex_inside_atom,0.4301525880031133,0.6220471139252124,1.0,True,True,0.5022372603416443,21.076858520507812
AF-P06608-F1,40065,vertex_inside_atom,0.752321355592867,0.4283918185948442,1.0,True,True,0.8685415983200073,46.35319900512695
AF-P06608-F1,40066,vertex_inside_atom,0.009587467514726833,0.94552820239936,1.0,True,True,0.17249885201454163,4.815573215484619
AF-P06608-F1,40071,vertex_inside_atom,0.13541432435775191,1.2214682950364357,1.7000000476837158,True,True,-0.5779502987861633,4.745081424713135
AF-P06608-F1,40072,vertex_inside_atom,0.8446823335220575,0.8433906342403533,1.7000000476837158,True,False,0.5729582905769348,20.300724029541016
AF-P06608-F1,40073,vertex_inside_atom,1.4322942219250587,0.7526013326287692,1.7000000476837158,True,True,0.9898234605789185,29.847265243530273
AF-P06608-F1,40074,vertex_inside_atom,0.8219301473265671,1.0522055549212235,1.7000000476837158,True,True,0.5570447444915771,21.234594345092773
AF-P06608-F1,40075,vertex_inside_atom,0.05395065680158351,1.5659091059568488,1.7000000476837158,True,False,0.08964177966117859,6.401268482208252
AF-P06608-F1,40076,vertex_inside_atom,0.5954862367295302,1.198989390245969,1.7000000476837158,True,True,0.390053391456604,20.635541915893555
AF-P06608-F1,40077,vertex_inside_atom,0.6866156062223836,0.8025388378893742,1.7000000476837158,True,False,0.4506954550743103,21.969419479370117
AF-P06608-F1,40078,vertex_inside_atom,0.8681193017294168,0.36690108792955795,1.7000000476837158,True,True,-0.8376608490943909,17.66998863220215
AF-P06608-F1,40079,vertex_inside_atom,0.1995828173587908,0.4541404160062525,1.7000000476837158,True,False,0.3023484945297241,6.25715446472168
AF-P06608-F1,40080,vertex_inside_atom,0.43511732921165236,0.914419212250405,1.7000000476837158,True,True,-0.5617954134941101,4.87774133682251
AF-P06608-F1,40081,vertex_inside_atom,0.003916597921268972,1.349985460143255,1.7000000476837158,True,True,-0.5957012176513672,0.1594655066728592
AF-P06608-F1,40084,vertex_inside_atom,0.6324664867757945,1.1796678114166939,1.7000000476837158,True,True,0.4254390001296997,21.432939529418945
AF-P06608-F1,40085,vertex_inside_atom,0.9258617380005275,0.9870266218953629,1.7000000476837158,True,True,0.6332162618637085,33.62091064453125
AF-P06608-F1,40086,vertex_inside_atom,0.7988169157032224,1.2351502950264948,1.7000000476837158,True,True,0.7801445722579956,26.305768966674805
AF-P06608-F1,40087,vertex_inside_atom,1.2592329039386299,0.8035119633015952,1.7000000476837158,True,True,0.8730381727218628,66.03289031982422
AF-P06608-F1,40088,vertex_inside_atom,1.2055597565689962,0.597568187304332,1.7000000476837158,True,False,0.8339967727661133,51.10745620727539
AF-P06608-F1,40089,vertex_inside_atom,0.6433822676601513,0.7519607671384022,1.7000000476837158,True,False,0.42203599214553833,21.600902557373047
AF-P06608-F1,40090,vertex_inside_atom,0.3086303444984815,1.2303832927042015,1.7000000476837158,True,False,0.21646922826766968,10.985063552856445
AF-P06608-F1,40091,vertex_inside_atom,0.4054176574624049,1.3981808602467725,1.7000000476837158,True,False,0.5181663036346436,18.952577590942383
AF-P06608-F1,40092,vertex_inside_atom,1.002716181493105,1.1285604803664564,1.7000000476837158,True,True,0.9193643927574158,37.279144287109375
AF-P06608-F1,40093,vertex_inside_atom,1.0339741227192414,0.9151981889774456,1.7000000476837158,True,True,0.7036696672439575,42.03379821777344
AF-P0CG36-F1,48699,concavity_shortcut,0.17704545978158714,1.4158140390685114,0.0,False,False,0.9448160529136658,24.82537269592285
AF-P0CG36-F1,48702,vertex_inside_atom,1.458602740206176,0.6987042179636563,2.0,True,True,0.6368249654769897,13.307591438293457
AF-P0CG36-F1,48703,vertex_inside_atom,1.6499561066694903,0.5927695091806382,2.0,True,True,0.8080360293388367,11.052539825439453
AF-P0CG36-F1,48705,vertex_inside_atom,1.3148888492020248,0.7784521238394788,2.0,True,True,0.4967111349105835,4.750552654266357
AF-P0CG36-F1,48706,vertex_inside_atom,1.6766493679298666,0.5603962972653549,2.0,True,True,0.8198695182800293,3.9968018531799316
AF-P0CG36-F1,48716,concavity_shortcut,0.16064269773564654,1.2740447504410488,0.0,False,False,0.9344961643218994,29.212980270385742
AF-P0CG36-F1,48719,vertex_inside_atom,1.0239564912186607,0.6489701447062612,2.0,True,False,0.3102302849292755,7.996438503265381
AF-P0CG36-F1,48720,vertex_inside_atom,0.9204131830012212,0.6326064726854834,2.0,True,True,-0.8146471977233887,6.350716590881348
AF-P0CG36-F1,48721,vertex_inside_atom,1.282586229266298,0.8013924684328277,2.0,True,True,0.4711844027042389,4.012329578399658
AF-P0CG36-F1,48722,vertex_inside_atom,1.413568971666418,0.7112203729417408,2.0,True,True,0.5791882276535034,3.581265449523926
AF-P0CG36-F1,48732,vertex_inside_atom,1.0031304994588424,0.5126046911294923,2.0,True,True,-0.9383187890052795,4.614035606384277
AF-P0DJ29-F1,90225,vertex_inside_atom,0.06056105509087273,0.8676617437446125,1.0,True,True,0.1387948840856552,12.000945091247559
AF-P0DJ29-F1,90226,vertex_inside_atom,0.5447797590297776,0.4805424703511374,1.0,True,True,0.5696959495544434,79.46864318847656
AF-P0DJ29-F1,90227,vertex_inside_atom,0.5997610567364106,0.4038089955791728,1.5,True,True,-0.9843379259109497,2.213369131088257
AF-P0DJ29-F1,90228,vertex_inside_atom,0.6956051867772668,0.3779174834619056,1.0,True,True,0.7943892478942871,129.99705505371094
AF-P0DJ29-F1,90229,vertex_inside_atom,0.21792097293353485,0.7376769609280119,1.0,True,True,0.24749472737312317,23.459457397460938
AF-P0DJ29-F1,90235,vertex_inside_atom,0.3751728096321324,0.610424287098705,1.0,True,True,0.38039565086364746,69.22706604003906
AF-P0DJ29-F1,90236,vertex_inside_atom,0.5705740629370186,0.4616601082420095,1.0,True,True,0.6041759848594666,80.18207550048828
AF-P0DJ29-F1,90238,vertex_inside_atom,0.31873042204542135,0.6557475003548958,1.0,True,True,0.32920271158218384,44.64822769165039
AF-P0DJ29-F1,90239,vertex_inside_atom,0.39027751491062135,0.5988570490093916,1.0,True,True,0.39573514461517334,57.74569320678711
AF-P0DJ29-F1,90241,vertex_inside_atom,0.0022722740844248746,0.9168115008573635,1.0,True,True,0.10365808010101318,16.49604606628418
AF-P0DJ29-F1,90246,vertex_inside_atom,0.22906446981235873,0.7240564121273928,1.0,True,True,0.2486562579870224,35.43360900878906
AF-P0DJ29-F1,90247,vertex_inside_atom,0.23249137051974567,0.7211574478083309,1.0,True,True,0.25089120864868164,41.65072250366211
AF-P0DJ29-F1,90251,vertex_inside_atom,0.09105662848519214,1.0349232649845952,1.5,True,True,-0.6416518688201904,5.977040767669678
AF-P0DJ29-F1,90254,vertex_inside_atom,0.025571856320025455,0.8970332774452466,1.0,True,True,0.11724598705768585,13.681818008422852
AF-P0DJ29-F1,90255,vertex_inside_atom,0.6503928157851009,0.40652360671690513,1.0,True,True,0.720872163772583,129.12730407714844
AF-P0DJ29-F1,90256,vertex_inside_atom,0.3158198102771066,0.6584289433602779,1.0,True,True,0.326867938041687,47.59537887573242
AF-P0DJ29-F1,90257,vertex_inside_atom,0.20887280736284186,0.9086739749596949,1.5,True,True,-0.6508292555809021,8.21703815460205
AF-P0DJ29-F1,90263,vertex_inside_atom,0.5578080180662751,0.4650566512354454,1.0,True,True,0.5824432969093323,108.82960510253906
AF-P0DJ29-F1,90264,vertex_inside_atom,0.5638100717492042,0.46053020036145215,1.0,True,True,0.59010249376297,117.96046447753906
AF-P0DJ29-F1,90272,vertex_inside_atom,0.4569627954463601,0.5464443842311859,1.0,True,True,0.4643245041370392,57.72970962524414
AF-P0DJ29-F1,90273,vertex_inside_atom,0.19952092201980953,0.41517479786437034,1.5,True,False,0.23362161219120026,10.091421127319336
AF-P0DJ29-F1,90274,vertex_inside_atom,0.1908122831262491,0.6533364536643705,1.5,True,False,0.2273021787405014,5.000257968902588
AF-P0DJ29-F1,90279,vertex_inside_atom,0.43454567188768345,0.6510017847280771,1.5,True,True,-0.7088398933410645,25.399141311645508
AF-P0DJ29-F1,90280,vertex_inside_atom,0.5862418630550755,0.4378362712653263,1.5,True,True,-0.8981993198394775,42.00537109375
AF-P0DJ29-F1,90281,vertex_inside_atom,0.04356530916482948,0.8382473090972271,1.5,True,False,0.12184326350688934,25.936384201049805
AF-P0DJ29-F1,90288,vertex_inside_atom,0.35458989554093767,0.7427688512123358,1.5,True,True,-0.6870326995849609,6.491085052490234
AF-P0DJ29-F1,90289,vertex_inside_atom,0.39687952627467527,0.55821922302924,1.5,True,False,0.40230393409729004,49.83981704711914
AF-P0DJ29-F1,90290,vertex_inside_atom,0.7315867278201766,0.3564075175614013,1.0,True,True,0.8557000160217285,195.47348022460938
AF-P0DJ29-F1,90291,vertex_inside_atom,0.048920457832955844,0.877917733672327,1.0,True,True,0.13223117589950562,36.63460159301758
AF-P0DJ29-F1,90293,vertex_inside_atom,1.312719381168395,0.9569341376669591,2.0,True,True,0.7245670557022095,81.20909118652344
AF-P0DJ29-F1,90294,vertex_inside_atom,1.24282766943921,0.5255183050888348,1.5,True,False,0.6723521947860718,61.906982421875
AF-P0DJ29-F1,90295,vertex_inside_atom,0.8848530383254045,0.7377352635248223,1.5,True,False,0.4214819073677063,27.19265365600586
AF-P0DJ29-F1,90296,vertex_inside_atom,0.05475354619303108,1.0771755638801415,1.5,True,True,-0.6296982169151306,4.371632099151611
AF-P0DJ29-F1,90302,vertex_inside_atom,0.2863680897235187,0.681724034653407,1.0,True,True,0.30147865414619446,53.13408660888672
AF-P0DJ29-F1,90304,vertex_inside_atom,1.14402632374473,1.05689815765167,2.0,True,True,0.6002565026283264,66.23750305175781
AF-P0DJ29-F1,90305,vertex_inside_atom,1.5773570311309346,0.8301999854365143,2.0,True,True,0.9163336753845215,141.1968536376953
AF-P42089-F1,22602,vertex_inside_atom,1.0297399351326657,0.47254733522126413,2.0,True,True,-0.9904635548591614,4.586545944213867
AF-P42089-F1,22610,vertex_inside_atom,1.0509826623934009,0.9865154096406219,2.0,True,False,0.4035363793373108,3.0157766342163086
AF-P42089-F1,22611,vertex_inside_atom,1.4051513520023362,0.7578655572400768,2.0,True,False,0.6631195545196533,7.415794849395752
AF-P42089-F1,22624,vertex_inside_atom,1.2294419390740265,1.00808818373139,2.0,True,False,0.8825128078460693,2.860234260559082
AF-P42089-F1,22625,vertex_inside_atom,1.7323112728868468,0.6358751255258585,2.0,True,True,0.9162854552268982,7.475469589233398
AF-P42089-F1,22642,concavity_shortcut,0.947966028062041,1.198675918756425,0.0,False,False,0.6981837749481201,2.0910847187042236
AF-P54742-F1,110141,vertex_inside_atom,1.05758926223352,0.7930068979899869,1.5,True,False,0.9076447486877441,3.5829999446868896
AF-P54742-F1,110142,concavity_shortcut,0.14994496811578384,1.00011057738442,1.0,False,False,0.8993892073631287,1.9550507068634033
AF-P54742-F1,110143,vertex_inside_atom,0.22332523613640065,0.9616885206552769,1.5,True,True,-0.47316139936447144,11.403447151184082
AF-P54742-F1,110144,vertex_inside_atom,0.8907302076434634,0.29278137353126515,1.5,True,True,-0.12114593386650085,111.65575408935547
AF-P54742-F1,110145,vertex_inside_atom,0.6127122410338904,0.6025785604148569,1.5,True,True,-0.2890233099460602,42.79032516479492
AF-P54742-F1,110150,vertex_inside_atom,0.43980280724107845,0.7662354621597555,1.5,True,True,-0.3740921914577484,20.148380279541016
AF-P54742-F1,110151,vertex_inside_atom,0.7197534310373395,0.44644716893851366,1.5,True,False,0.9736746549606323,85.93990325927734
AF-P54742-F1,110152,vertex_inside_atom,0.5336934431275314,0.6786861056043695,1.5,True,True,-0.3286454379558563,18.191755294799805
AF-P54742-F1,110153,concavity_shortcut,0.044746517189490964,1.0005158014397497,1.0,False,False,-0.5527438521385193,1.890210747718811
AF-P54742-F1,110159,concavity_shortcut,0.10987240782527674,1.0001724950375783,1.0,False,False,0.47868674993515015,25.076263427734375
AF-P70473-F1,50004,vertex_inside_atom,0.023590978206589064,1.3304427433474293,1.7000000476837158,True,True,-0.5940676331520081,1.6231533288955688
AF-P70473-F1,50005,vertex_inside_atom,0.3793965668994934,0.972852610344754,1.7000000476837158,True,True,-0.5628362894058228,4.021875858306885
AF-P70473-F1,50006,vertex_inside_atom,0.28016166330636516,0.7317857538632485,1.0,True,True,0.36560380458831787,7.02336311340332
AF-P70473-F1,50007,vertex_inside_atom,0.25935673968033157,0.7475758702593481,1.0,True,True,0.3480818271636963,8.215353012084961
AF-P70473-F1,50014,vertex_inside_atom,0.2798824922461469,1.2100668917304105,1.7000000476837158,True,False,0.19627916812896729,12.858529090881348
AF-P70473-F1,50015,vertex_inside_atom,0.6038371990228197,0.725802964104959,1.7000000476837158,True,True,-0.5853176116943359,20.986480712890625
AF-P70473-F1,50016,vertex_inside_atom,0.25103955926171617,0.4210938243760039,1.7000000476837158,True,False,0.341641902923584,9.825899124145508
AF-P70473-F1,50017,vertex_inside_atom,0.8012348286877478,0.40698994641472946,1.0,True,True,0.9247470498085022,41.15757751464844
AF-P70473-F1,50018,vertex_inside_atom,0.16396158708630715,0.8216468245374993,1.0,True,True,0.27522769570350647,5.990855693817139
AF-P70473-F1,50023,vertex_inside_atom,0.06625996611550145,1.2894239982405737,1.7000000476837158,True,True,-0.5867229700088501,2.760821580886841
AF-P70473-F1,50025,vertex_inside_atom,0.43660759511909575,1.469353531688951,1.7000000476837158,True,True,0.5532805919647217,20.824609756469727
AF-P70473-F1,50026,vertex_inside_atom,0.826933143070202,1.0386958930258454,1.7000000476837158,True,True,0.5454697608947754,37.10635757446289
AF-P70473-F1,50027,vertex_inside_atom,1.2395197289384596,0.703513010291396,1.7000000476837158,True,False,0.8554127216339111,55.969966888427734
AF-P70473-F1,50028,vertex_inside_atom,0.8583356015717705,0.38139300186726827,1.7000000476837158,True,True,-0.8199116587638855,29.02289581298828
AF-P70473-F1,50029,vertex_inside_atom,0.09766775253996107,0.6564544716454589,1.7000000476837158,True,False,0.22874543070793152,1.7209157943725586
AF-P70473-F1,50035,vertex_inside_atom,0.23026246597098599,0.7749746505927186,1.0,True,True,0.3330257833003998,11.20653247833252
AF-P70473-F1,50036,vertex_inside_atom,0.5565327679436622,0.5428480832095388,1.0,True,True,0.6415249109268188,35.32832336425781
AF-P70473-F1,50037,vertex_inside_atom,0.030488160282651,0.6934695803830415,1.7000000476837158,True,False,0.1920882612466812,4.251374244689941
AF-P70473-F1,50038,vertex_inside_atom,0.48205969041003716,0.8642534254570459,1.7000000476837158,True,True,-0.5628981590270996,14.29214859008789
AF-P70473-F1,50039,vertex_inside_atom,0.4471315006074148,1.228257199357507,1.7000000476837158,True,False,0.31347301602363586,16.22573471069336
AF-P70473-F1,50040,vertex_inside_atom,0.9664974741425961,1.1454785407699277,1.7000000476837158,True,False,0.9092484712600708,35.54904556274414
AF-P70473-F1,50041,vertex_inside_atom,0.9390065277936892,0.9678565069359418,1.7000000476837158,True,True,0.627707839012146,49.483577728271484
AF-P70473-F1,50042,vertex_inside_atom,1.1548744797389356,0.8480396831695189,1.7000000476837158,True,True,0.7924198508262634,53.445343017578125
AF-P70473-F1,50043,vertex_inside_atom,0.4973583283215526,0.846226179712578,1.7000000476837158,True,True,-0.5672811269760132,19.785432815551758
AF-P70473-F1,50044,vertex_inside_atom,0.22183152943332685,1.1344120838673069,1.7000000476837158,True,True,-0.5713895559310913,5.383100986480713
AF-P70473-F1,50051,vertex_inside_atom,0.5563062637689238,0.5429137340067112,1.0,True,True,0.6406018733978271,26.10721206665039
AF-P70473-F1,50052,vertex_inside_atom,0.3589302041949888,0.3622211021364254,1.7000000476837158,True,False,0.4413876235485077,3.5705413818359375
AF-P70473-F1,50053,vertex_inside_atom,0.864886305374359,0.46976994140958145,1.7000000476837158,True,False,0.5932877659797668,26.78635025024414
AF-P70473-F1,50054,vertex_inside_atom,1.2053925669653087,0.8412807826676129,1.7000000476837158,True,True,0.8475328087806702,31.601360321044922
AF-P70473-F1,50055,vertex_inside_atom,0.7984725056894747,1.07093658346786,1.7000000476837158,True,True,0.5455082058906555,31.553098678588867
AF-P70473-F1,50056,vertex_inside_atom,0.5576617814700422,1.3029914437201569,1.7000000476837158,True,False,0.6321103572845459,26.66657829284668
AF-P70473-F1,50057,vertex_inside_atom,0.24784232511827753,1.3126902619639242,1.7000000476837158,True,False,0.17891228199005127,12.83524227142334
AF-P70473-F1,50064,vertex_inside_atom,0.7590260590280764,0.5336675113162584,1.7000000476837158,True,True,-0.656894326210022,20.406030654907227
AF-P70473-F1,50065,vertex_inside_atom,1.2015948845226558,0.8037490157198676,1.7000000476837158,True,False,0.8453902006149292,29.893634796142578
AF-P70473-F1,50066,vertex_inside_atom,0.3538340855412725,1.3357051775734001,1.7000000476837158,True,False,0.25813615322113037,15.386548042297363
AF-P70473-F1,50070,vertex_inside_atom,0.07649097834433594,1.2794294301498215,1.7000000476837158,True,True,-0.5852029919624329,2.9423880577087402
AF-P70473-F1,50071,vertex_inside_atom,0.34053573250903857,1.0139863342264213,1.7000000476837158,True,True,-0.562000036239624,12.537864685058594
AF-P85797-F1,50195,vertex_inside_atom,0.9468327517555805,0.8258713225479385,1.7000000476837158,True,False,0.8777085542678833,29.14679718017578
AF-P85797-F1,50196,vertex_inside_atom,0.8113419263613357,0.5958331870316025,1.7000000476837158,True,True,-0.30954235792160034,31.122146606445312
AF-P85797-F1,50197,vertex_inside_atom,0.6502157744584274,0.7507233317166968,1.7000000476837158,True,True,-0.38412871956825256,22.730100631713867
AF-P85797-F1,50202,concavity_shortcut,0.31153608498767627,1.0001126809531815,1.0,False,False,-0.5339513421058655,7.267981052398682
AF-P85797-F1,50203,vertex_inside_atom,0.877639622959161,0.529026135295206,1.7000000476837158,True,True,-0.276713103055954,46.88893127441406
AF-P85797-F1,50204,vertex_inside_atom,1.1358535170063506,0.20296057242294088,1.7000000476837158,True,True,-0.13326701521873474,65.67333984375
AF-P85797-F1,50205,vertex_inside_atom,0.7917561485141547,0.8526748987226176,1.7000000476837158,True,False,0.7594467401504517,23.594345092773438
AF-P85797-F1,50207,vertex_inside_atom,0.7671661933440524,0.6396706631519922,1.7000000476837158,True,True,-0.3298579156398773,29.026826858520508
AF-P95690-F1,97266,vertex_inside_atom,0.5964614806375437,0.9899870926631437,1.7000000476837158,True,False,0.6011430621147156,2.823880434036255
AF-P95690-F1,97267,vertex_inside_atom,1.038021383449129,0.6503728982722817,1.7000000476837158,True,False,0.9482096433639526,32.26483917236328
AF-P95690-F1,97268,vertex_inside_atom,0.5597332134264101,0.8363708717270214,1.7000000476837158,True,True,-0.4190998077392578,3.886176824569702
AF-P95690-F1,97274,vertex_inside_atom,0.6478019689233301,0.7556180300394262,1.7000000476837158,True,True,-0.3786008358001709,3.2598888874053955
AF-P95690-F1,97275,vertex_inside_atom,1.1784586644137476,0.11776701782811273,1.7000000476837158,True,True,-0.0668964684009552,49.7221794128418
AF-P95690-F1,97276,vertex_inside_atom,0.8714261530739852,0.5388881133913208,1.7000000476837158,True,True,-0.2708631753921509,23.77530288696289
AF-P95690-F1,97277,concavity_shortcut,0.23070985372998143,1.000121560390187,1.0,False,False,-0.5644314289093018,10.585663795471191
AF-P95690-F1,97281,vertex_inside_atom,0.6897119598967059,0.7165628130783804,1.7000000476837158,True,True,-0.35893478989601135,8.225642204284668
AF-P95690-F1,97282,vertex_inside_atom,0.9974311278782886,0.7921904891424804,1.7000000476837158,True,False,0.9239195585250854,13.97353458404541
AF-Q06078-F1,126012,vertex_inside_atom,0.8039495831342046,0.6080097239006361,1.7000000476837158,True,True,-0.30126863718032837,34.72127914428711
AF-Q06078-F1,126013,vertex_inside_atom,0.5436621648177253,0.9415802420499672,1.7000000476837158,True,False,0.7147520184516907,9.292131423950195
AF-Q06078-F1,126017,vertex_inside_atom,1.1393403552024344,0.2100900278067181,1.7000000476837158,True,True,-0.09630537033081055,50.1948127746582
AF-Q06078-F1,126018,vertex_inside_atom,0.9574076353653883,0.4494730678784267,1.7000000476837158,True,True,-0.22105282545089722,30.087812423706055
AF-Q06078-F1,126019,concavity_shortcut,0.3191027004826892,1.0003372268499313,1.0,False,False,-0.5243290066719055,4.168008804321289
AF-Q06078-F1,126025,vertex_inside_atom,0.5585214950107522,0.8384783255006966,1.7000000476837158,True,True,-0.417264461517334,15.550179481506348
AF-Q06078-F1,126026,vertex_inside_atom,0.8403283989723598,0.6832641144446144,1.7000000476837158,True,False,0.9452287554740906,118.7641830444336
AF-Q06078-F1,126027,vertex_inside_atom,0.6111880637816804,0.7904037380048252,1.7000000476837158,True,True,-0.3931070566177368,19.994524002075195
AF-Q06078-F1,126032,concavity_shortcut,0.22806843665100063,1.0001188207828267,1.0,False,False,0.4614867568016052,25.662364959716797
AF-Q06078-F1,126033,concavity_shortcut,0.00916114561199155,1.0001109988630537,1.0,False,False,0.2920345664024353,10.790231704711914
AF-Q07916-1-F1,57211,vertex_inside_atom,0.6275824788739375,0.7901115982232897,1.7000000476837158,True,False,0.6252204179763794,19.87778663635254
AF-Q07916-1-F1,57212,vertex_inside_atom,0.41425334703232997,0.9625463867428485,1.7000000476837158,True,True,-0.4951736330986023,6.294106483459473
AF-Q07916-1-F1,57216,vertex_inside_atom,0.9661949841101245,0.7748708600155979,1.7000000476837158,True,False,0.8937114477157593,31.561649322509766
AF-Q07916-1-F1,57217,vertex_inside_atom,1.1456881539106571,0.1706218730070067,1.7000000476837158,True,True,-0.16448959708213806,64.6477279663086
AF-Q07916-1-F1,57218,vertex_inside_atom,0.8430816918203172,0.560188042106197,1.7000000476837158,True,True,-0.3042111098766327,36.62594985961914
AF-Q07916-1-F1,57219,concavity_shortcut,0.20083969924072975,1.0005173722826102,1.0,False,False,-0.5869943499565125,2.790360450744629
AF-Q07916-1-F1,57223,vertex_inside_atom,0.47210023193371575,0.9105409327802487,1.7000000476837158,True,True,-0.47048667073249817,10.30869197845459
AF-Q07916-1-F1,57224,vertex_inside_atom,0.8936182606691564,0.507712284778921,1.7000000476837158,True,True,-0.28046488761901855,33.43609619140625
AF-Q07916-1-F1,57225,vertex_inside_atom,1.0462464479296192,0.7365260233595194,1.7000000476837158,True,False,0.9437252283096313,33.8038215637207
AF-Q07916-1-F1,57230,concavity_shortcut,0.25162003244953657,1.0000400367232714,1.0,False,False,-0.5650309324264526,2.5510826110839844
AF-P49762-4-F1,451180,vertex_inside_atom,0.36914211979757006,0.6136147679542128,1.0,True,True,0.37267956137657166,53.46151351928711
AF-P49762-4-F1,451185,vertex_inside_atom,0.13004389690518092,0.8083487962402547,1.0,True,True,0.18150673806667328,36.76765441894531
AF-P49762-4-F1,451186,vertex_inside_atom,0.5172089197446684,0.49865684250726494,1.0,True,True,0.5326748490333557,76.28233337402344
AF-P49762-4-F1,451187,vertex_inside_atom,0.3848405832419328,0.7053927841771196,1.5,True,True,-0.7029640674591064,1.4198182821273804
AF-P49762-4-F1,451193,vertex_inside_atom,0.3801668071040194,0.6016123064822805,1.0,True,True,0.3786369562149048,82.07793426513672
AF-P49762-4-F1,451194,vertex_inside_atom,0.1502636721105436,0.7890164302012899,1.0,True,True,0.19058725237846375,42.1715087890625
AF-P49762-4-F1,451196,vertex_inside_atom,0.5694863483625695,0.46029192437324973,1.0,True,True,0.601057231426239,128.8582763671875
AF-P49762-4-F1,451197,vertex_inside_atom,0.5657146213278239,0.4596648247724677,1.5,True,True,-0.8954584002494812,4.102939128875732
AF-P49762-4-F1,451198,vertex_inside_atom,0.40226567434208793,0.5578274128141698,1.5,True,False,0.4062482714653015,55.56605911254883
AF-P49762-4-F1,451205,vertex_inside_atom,0.2842455749774566,0.8302041251804588,1.5,True,True,-0.6490785479545593,18.74566650390625
AF-P49762-4-F1,451206,vertex_inside_atom,0.27189862767444106,0.5429445751150549,1.5,True,False,0.2827051281929016,72.24891662597656
AF-P49762-4-F1,451207,vertex_inside_atom,0.7205284876715081,0.3542785444805111,1.0,True,True,0.8394696712493896,193.24807739257812
AF-P49762-4-F1,451208,vertex_inside_atom,0.16049142388541504,0.7811128356550616,1.0,True,True,0.19876879453659058,42.41338348388672
AF-P49762-4-F1,451211,vertex_inside_atom,0.03746985953561266,0.8011356281997002,1.5,True,False,0.12189465016126633,9.304035186767578
AF-P49762-4-F1,451212,vertex_inside_atom,0.18012820427673737,0.76820201591813,1.0,True,True,0.2187836766242981,23.647188186645508
AF-P49762-4-F1,451213,vertex_inside_atom,0.7460459114630142,0.3471698024158266,1.0,True,True,0.8813208937644958,132.384521484375
AF-P49762-4-F1,451214,vertex_inside_atom,0.2277751961691118,0.7292949901030339,1.0,True,True,0.25435060262680054,36.68875503540039
AF-P49762-4-F1,451221,vertex_inside_atom,1.1005246476559742,0.8145279486596058,1.5,True,False,0.5703022480010986,54.65546417236328
AF-P49762-4-F1,451222,vertex_inside_atom,1.1051470651467825,0.4385900149421436,1.5,True,False,0.5740978717803955,53.54835891723633
AF-P49762-4-F1,451223,vertex_inside_atom,0.0468468181184194,0.5427493787693837,1.5,True,False,0.1244073361158371,43.15292739868164
AF-P49762-4-F1,451227,vertex_inside_atom,0.09889759274063126,1.0265912090497686,1.5,True,True,-0.6421893835067749,3.1464290618896484
AF-P49762-4-F1,451229,vertex_inside_atom,0.08309448082876336,0.8485083043403067,1.0,True,True,0.15224862098693848,27.19249153137207
AF-P49762-4-F1,451237,vertex_inside_atom,1.4777689262765792,0.8739843171429663,2.0,True,True,0.8479995131492615,134.537841796875
AF-P49762-4-F1,451238,vertex_inside_atom,1.4857712961110354,0.7765312635416559,1.5,True,False,0.8540955781936646,123.4694595336914
AF-P49762-4-F1,451239,vertex_inside_atom,0.27559112379275064,0.8397716893330012,1.5,True,True,-0.647831380367279,29.123153686523438
AF-P49762-4-F1,451245,vertex_inside_atom,0.40496983415787635,0.5868891260857061,1.0,True,True,0.4095723628997803,81.87845611572266
AF-P49762-4-F1,451246,vertex_inside_atom,0.3695011695144076,0.6146371790598816,1.0,True,True,0.37493860721588135,51.13648223876953
AF-P49762-4-F1,451259,vertex_inside_atom,0.2676710907883202,0.6966204630192065,1.0,True,True,0.2858223021030426,34.53330612182617
AF-P49762-4-F1,451260,vertex_inside_atom,0.6345157344582957,0.4171059656416153,1.0,True,True,0.6963843107223511,116.20370483398438
AF-P49762-4-F1,451261,vertex_inside_atom,0.5614656229265752,0.46570492458580004,1.5,True,True,-0.88914954662323,2.74324369430542
AF-P49762-4-F1,451262,vertex_inside_atom,0.5454846549838768,0.48003099929683196,1.0,True,True,0.5705747604370117,111.4735336303711
AF-P49762-4-F1,451263,vertex_inside_atom,0.40071269886039507,0.5904282038792777,1.0,True,True,0.40565478801727295,89.9687728881836
AF-P49762-4-F1,451269,vertex_inside_atom,0.09731619317062412,1.0277966105016458,1.5,True,True,-0.6431370973587036,2.3664872646331787
AF-P49762-4-F1,451271,vertex_inside_atom,0.4541804459234341,0.5487483275572981,1.0,True,True,0.4616334140300751,33.6692008972168
AF-P49762-4-F1,451272,vertex_inside_atom,0.2817119755296912,0.685558249885864,1.0,True,True,0.29784896969795227,50.631187438964844
AF-P49762-4-F1,451276,vertex_inside_atom,0.5037030152978408,0.508243774799172,1.0,True,True,0.5155026912689209,91.78234100341797
AF-P49762-4-F1,451277,vertex_inside_atom,0.14290233715709988,0.6188466139486388,1.5,True,False,0.19006118178367615,2.163882255554199
AF-P49762-4-F1,451278,vertex_inside_atom,0.5704720607494791,0.4592233811560234,1.0,True,True,0.6021156907081604,110.5762710571289
AF-P49762-4-F1,451279,vertex_inside_atom,0.5351128701450041,0.4851082745063953,1.0,True,True,0.5551825165748596,120.4420394897461
AF-P49762-4-F1,451280,vertex_inside_atom,0.10681555159020384,0.8275577730745814,1.0,True,True,0.16580916941165924,31.882537841796875
AF-P49762-4-F1,451283,vertex_inside_atom,0.15555567118998148,0.680732759805445,1.5,True,False,0.20127183198928833,6.463577747344971
AF-P49762-4-F1,451284,vertex_inside_atom,0.341047704772208,0.45274074386272656,1.5,True,False,0.34891122579574585,21.999631881713867
AF-P49762-4-F1,451289,vertex_inside_atom,0.032331763173937045,0.8882627298758905,1.0,True,True,0.11559728533029556,30.948366165161133
AF-P49762-4-F1,451293,vertex_inside_atom,0.07179124787213031,1.054869954921598,1.5,True,True,-0.6416860222816467,2.3195364475250244
AF-P49762-4-F1,451294,vertex_inside_atom,0.2652541623197441,0.698609661345571,1.0,True,True,0.28369492292404175,38.865928649902344
AF-P49762-4-F1,451295,vertex_inside_atom,0.7463709643093086,0.3469833709968629,1.0,True,True,0.8817893862724304,175.60523986816406
AF-P49762-4-F1,451296,vertex_inside_atom,0.17419677379089382,0.7729443173114163,1.0,True,True,0.2140987515449524,24.720840454101562
AF-P49762-4-F1,451297,vertex_inside_atom,0.07172941150131917,1.054884977780931,1.5,True,True,-0.6417502164840698,1.0256385803222656
AF-P49762-4-F1,451301,vertex_inside_atom,0.2732508317921063,0.6877870932694039,1.0,True,True,0.2832842171192169,68.9382095336914
AF-P49762-4-F1,451302,vertex_inside_atom,0.7036723476486608,0.3643861671096337,1.0,True,True,0.8093597292900085,214.3762969970703
AF-P49762-4-F1,451303,vertex_inside_atom,0.0798208088756468,0.8481375571561878,1.0,True,True,0.1447030007839203,36.46763229370117
AF-P49762-4-F1,451310,vertex_inside_atom,0.08799950730178285,0.8448957239944137,1.0,True,True,0.15627673268318176,28.436939239501953
AF-P49762-4-F1,451315,vertex_inside_atom,0.12262199878805369,0.8121845351789241,1.0,True,True,0.17221149802207947,47.61601257324219
AF-P49762-4-F1,451316,vertex_inside_atom,0.4284587505210159,0.4924926551571117,1.5,True,False,0.42706263065338135,115.83967590332031
AF-P49762-4-F1,451317,vertex_inside_atom,0.025457163419701057,0.6376225913058817,1.5,True,False,0.1114555299282074,42.88785171508789
AF-P49762-4-F1,451318,vertex_inside_atom,0.061847982108328425,1.0699628972833448,1.5,True,True,-0.6294904351234436,10.12283706665039
AF-P49762-4-F1,451324,vertex_inside_atom,0.18438736398912225,0.7651540539222004,1.0,True,True,0.2226511389017105,31.609201431274414
AF-P49762-4-F1,451325,vertex_inside_atom,0.0966639305575615,0.8378243330076185,1.0,True,True,0.1621663123369217,24.80182647705078
AF-P49762-4-F1,451331,vertex_inside_atom,0.30817757806847523,0.8026507386122356,1.5,True,True,-0.6555472612380981,22.575517654418945
AF-P49762-4-F1,451332,vertex_inside_atom,0.5712684385954795,0.46157280887060603,1.5,True,True,-0.865466296672821,44.493621826171875
AF-P49762-4-F1,451333,vertex_inside_atom,1.103432121823928,0.614054567158837,1.5,True,False,0.5712597370147705,50.38678741455078
AF-P49762-4-F1,451340,vertex_inside_atom,0.6979768847572341,0.3765195688046126,1.0,True,True,0.798198938369751,116.82396697998047
AF-P49762-4-F1,451341,vertex_inside_atom,0.4444528984010311,0.5564449329826198,1.0,True,True,0.4508897066116333,74.55243682861328
AF-P49762-4-F1,451348,vertex_inside_atom,1.5221400894753399,0.8426851533292368,1.5,True,False,0.8780523538589478,113.0077896118164
AF-P49762-4-F1,451349,vertex_inside_atom,1.455111580519183,0.8833861731030972,2.0,True,True,0.8304290175437927,115.11701965332031
AF-P49762-4-F1,451353,vertex_inside_atom,0.01379038243260644,1.1150241290991894,1.5,True,True,-0.641728937625885,2.6208620071411133
AF-P49762-4-F1,451355,vertex_inside_atom,0.23951469071316556,0.4194609742517377,1.5,True,False,0.2635689675807953,10.995403289794922
AF-P49762-4-F1,451357,vertex_inside_atom,0.04075429162644273,1.0871731425608133,1.5,True,True,-0.6414679884910583,1.5635755062103271
AF-P49762-4-F1,451365,vertex_inside_atom,0.009158605970222444,0.633210307551531,1.5,True,False,0.10846009105443954,4.316581726074219
AF-P49762-4-F1,451366,vertex_inside_atom,0.4925544750841031,0.5209344161760987,1.0,True,True,0.5068079233169556,42.67912673950195
AF-P49762-4-F1,451367,vertex_inside_atom,0.040720550611439865,0.8745906528556542,1.5,True,False,0.128172367811203,10.956337928771973
AF-P49762-4-F1,451370,vertex_inside_atom,0.1788071308353405,0.7703614444941158,1.0,True,True,0.21965259313583374,49.93419647216797
AF-P49762-4-F1,451371,vertex_inside_atom,0.6322931404315524,0.420407232916707,1.0,True,True,0.6937284469604492,109.9366226196289
AF-P49762-4-F1,451372,vertex_inside_atom,0.47383749856988944,0.534645535622248,1.0,True,True,0.4844309687614441,74.69977569580078
AF-Q12083-F1,107540,concavity_shortcut,0.3487410581606494,1.0001215416170035,1.0,False,False,-0.5172673463821411,2.0173826217651367
AF-Q12083-F1,107541,vertex_inside_atom,0.52527523459671,0.9262820051394745,1.7000000476837158,True,False,0.5417183637619019,12.379558563232422
AF-Q12083-F1,107542,vertex_inside_atom,0.7976675432292344,0.9611952700947548,1.7000000476837158,True,False,0.760562539100647,11.99899959564209
AF-Q12083-F1,107543,concavity_shortcut,0.2595336305131546,1.0001709425561307,1.0,False,False,-0.555972695350647,2.892521381378174
AF-Q12083-F1,107548,vertex_inside_atom,0.7411794591631353,0.6708263372143747,1.7000000476837158,True,False,0.7191877961158752,28.843097686767578
AF-Q12083-F1,107549,vertex_inside_atom,1.0334510269065844,0.35447005335250925,1.7000000476837158,True,True,-0.19357648491859436,52.0509033203125
AF-Q12083-F1,107550,vertex_inside_atom,0.9059858661167162,0.4997649419177649,1.7000000476837158,True,True,-0.26146918535232544,45.50011444091797
AF-Q12083-F1,107551,vertex_inside_atom,0.5906045577594445,0.8062042261614745,1.7000000476837158,True,True,-0.41028448939323425,16.767871856689453
AF-Q12083-F1,107552,vertex_inside_atom,0.8595564457984202,0.8798232499356293,1.7000000476837158,True,False,0.8134921193122864,19.151973724365234
AF-Q12083-F1,107553,vertex_inside_atom,1.079112775225782,0.294110489960355,1.7000000476837158,True,True,-0.166604146361351,60.86530303955078
AF-Q149C2-F1,132770,vertex_inside_atom,1.0106680793460332,0.49979833765918674,2.0,True,True,-0.9578611850738525,13.809728622436523
AF-Q149C2-F1,132788,vertex_inside_atom,0.9816209122033717,0.8531664937489708,2.0,True,False,0.2976028323173523,14.001026153564453
AF-Q149C2-F1,132789,vertex_inside_atom,1.059315211086246,0.6148414161729708,2.0,True,False,0.3466043174266815,14.574100494384766
AF-Q149C2-F1,132809,vertex_inside_atom,1.527650408339364,0.6693492075165733,2.0,True,True,0.7094722986221313,14.182770729064941
AF-Q149C2-F1,132810,vertex_inside_atom,1.6518482927627705,0.6052688764101143,2.0,True,True,0.8184480667114258,14.833876609802246
AF-Q1PF20-F1,43225,vertex_inside_atom,0.02387021422654878,0.9861560545181425,1.399999976158142,True,True,-0.6805089712142944,18.089736938476562
AF-Q1PF20-F1,43231,vertex_inside_atom,0.3202566019233264,0.6402722438870265,1.399999976158142,True,True,-0.7900475263595581,39.21990203857422
AF-Q1PF20-F1,43232,vertex_inside_atom,0.31678225435871843,0.6448364398164529,1.399999976158142,True,True,-0.7868843078613281,48.062591552734375
AF-Q1PF20-F1,43235,vertex_inside_atom,1.4672950664982678,0.9264907867007016,2.0,True,True,0.8900888562202454,2.361504077911377
AF-Q1PF20-F1,43236,vertex_inside_atom,1.3595223478661764,0.9172327387166156,2.0,True,False,0.8143190145492554,1.33257257938385
AF-Q1PF20-F1,43242,vertex_inside_atom,0.3650934986552534,0.5804055582357108,1.399999976158142,True,True,-0.8341938853263855,44.518009185791016
AF-Q1PF20-F1,43243,vertex_inside_atom,0.42209269509303127,0.49823054710685066,1.399999976158142,True,True,-0.9195981025695801,51.92262649536133
AF-Q1PF20-F1,43244,vertex_inside_atom,0.17330348259910733,0.8195910262550452,1.399999976158142,True,True,-0.7114033699035645,24.040546417236328
AF-Q1PF20-F1,43248,vertex_inside_atom,1.2042788710958354,0.6429696724535567,2.0,True,False,0.7018184661865234,0.7514351010322571
AF-Q1PF20-F1,43249,vertex_inside_atom,1.22281121795349,0.39619190263328397,2.0,True,True,-0.4974914491176605,2.2364437580108643
AF-Q1PF20-F1,43256,vertex_inside_atom,0.047038419040604795,0.961200785546158,1.399999976158142,True,True,-0.6832082271575928,11.285978317260742
AF-Q1PF20-F1,43257,vertex_inside_atom,0.126467512179129,0.8731949808923404,1.399999976158142,True,True,-0.6977702379226685,17.86261558532715
AF-Q1PF20-F1,43258,vertex_inside_atom,0.1890924995162213,0.8015737943417341,1.399999976158142,True,True,-0.7158961296081543,18.94318199157715
AF-Q1PF20-F1,43259,vertex_inside_atom,0.020387207384222172,0.9901783981114528,1.399999976158142,True,True,-0.6795973181724548,10.432249069213867
AF-Q1PF20-F1,43265,vertex_inside_atom,1.2790873536734866,0.3025375845662418,2.0,True,True,-0.5889202952384949,3.2851786613464355
AF-Q1PF20-F1,43300,vertex_inside_atom,0.11900215499228772,0.8794945619394695,1.399999976158142,True,True,-0.7021580934524536,18.680421829223633
AF-Q1PF20-F1,43301,vertex_inside_atom,0.1268236640457121,0.8703011785355317,1.399999976158142,True,True,-0.7047576904296875,17.257892608642578
AF-Q1PF20-F1,43309,vertex_inside_atom,0.1448026076489437,0.8501328137076496,1.399999976158142,True,True,-0.7090031504631042,20.018800735473633
AF-Q1PF20-F1,43310,vertex_inside_atom,0.3848536843753698,0.5494492327963487,1.399999976158142,True,True,-0.8713147640228271,44.011878967285156
AF-Q1PF20-F1,43311,vertex_inside_atom,0.3759150407507055,0.5618582684553124,1.399999976158142,True,True,-0.8596459031105042,40.23147201538086
AF-Q1PF20-F1,43312,vertex_inside_atom,0.12569235044261928,0.8717310315622175,1.399999976158142,True,True,-0.7041269540786743,18.39066505432129
AF-Q1PF20-F1,43313,vertex_inside_atom,0.034618351321010765,0.9725567282336194,1.399999976158142,True,True,-0.6871167421340942,10.43602180480957
AF-Q1PF20-F1,43317,vertex_inside_atom,0.3012025327964374,0.6618957750058128,1.399999976158142,True,True,-0.7843164205551147,35.044097900390625
AF-Q1PF20-F1,43318,vertex_inside_atom,0.35818897695388374,0.5863632197222095,1.399999976158142,True,True,-0.8381044864654541,39.9977912902832
AF-Q1PF20-F1,43319,vertex_inside_atom,0.09462247517420641,0.9066479406378076,1.399999976158142,True,True,-0.697073221206665,16.785072326660156
AF-Q13164-2-F1,125151,vertex_inside_atom,0.6090061592021387,1.158792879788588,1.7000000476837158,True,False,0.38802704215049744,26.35120964050293
AF-Q13164-2-F1,125152,vertex_inside_atom,0.4423477190086127,1.4479178226022675,1.7000000476837158,True,False,0.5503550171852112,27.323583602905273
AF-Q13164-2-F1,125154,vertex_inside_atom,0.106323340935218,1.2490322439634711,1.7000000476837158,True,True,-0.5841382145881653,9.221833229064941
AF-Q13164-2-F1,125155,vertex_inside_atom,0.5597928854826639,0.7759520338399293,1.7000000476837158,True,True,-0.5771327614784241,22.726593017578125
AF-Q13164-2-F1,125156,vertex_inside_atom,1.2457694207540988,0.772290656670445,1.7000000476837158,True,False,0.854223370552063,69.90837097167969
AF-Q13164-2-F1,125157,vertex_inside_atom,0.9677844580879141,0.9455349812510572,1.7000000476837158,True,True,0.643033504486084,59.15464782714844
AF-Q13164-2-F1,125158,vertex_inside_atom,0.6728558670752793,1.1385699914380887,1.7000000476837158,True,True,0.4315686821937561,31.0074462890625
AF-Q13164-2-F1,125162,vertex_inside_atom,0.018162582592274212,1.3352346444840129,1.7000000476837158,True,True,-0.5959051847457886,4.5531840324401855
AF-Q13164-2-F1,125164,vertex_inside_atom,0.8520382875493481,0.39136676763134426,1.7000000476837158,True,True,-0.8069544434547424,13.772536277770996
AF-Q13164-2-F1,125165,vertex_inside_atom,0.8483989739319563,0.45115354053163714,1.7000000476837158,True,False,0.553861141204834,36.173789978027344
AF-Q13164-2-F1,125166,vertex_inside_atom,1.1210372030863207,0.8594212458519233,1.7000000476837158,True,True,0.7601475715637207,50.021217346191406
AF-Q13164-2-F1,125167,vertex_inside_atom,0.8824435884967294,1.0921745734486463,1.7000000476837158,True,False,0.8457708954811096,50.30152130126953
AF-Q13164-2-F1,125168,vertex_inside_atom,1.0177408444807403,1.084380525067096,1.7000000476837158,True,False,0.9374263286590576,60.83419418334961
AF-Q13164-2-F1,125169,vertex_inside_atom,1.000834448179863,0.8145224810394026,1.7000000476837158,True,False,0.6691405177116394,39.30388259887695
AF-Q13164-2-F1,125170,vertex_inside_atom,0.2966150224321178,1.065459357187076,1.7000000476837158,True,True,-0.548486590385437,13.19145679473877
AF-Q13164-2-F1,125176,vertex_inside_atom,0.194913308308857,0.8077958225956375,1.0,True,True,0.31483450531959534,9.880746841430664
AF-Q13164-2-F1,125177,vertex_inside_atom,0.861017162450044,0.4081738872786537,1.0,True,True,0.9732174873352051,58.393768310546875
AF-Q13164-2-F1,125178,vertex_inside_atom,0.21451134860459753,0.5674582673749665,1.7000000476837158,True,False,0.33010396361351013,5.402504920959473
AF-Q13164-2-F1,125179,vertex_inside_atom,0.5185760679357523,0.8221636493724308,1.7000000476837158,True,True,-0.5714340209960938,17.747201919555664
AF-Q13164-2-F1,125180,vertex_inside_atom,0.35651226574032546,1.2034435480488386,1.7000000476837158,True,False,0.23332931101322174,17.583091735839844
AF-Q13164-2-F1,125181,vertex_inside_atom,0.26829622560863875,1.5092963962181105,1.7000000476837158,True,False,0.4412962794303894,20.70631217956543
AF-Q13164-2-F1,125182,vertex_inside_atom,0.6733705281865161,1.1380427099466381,1.7000000476837158,True,True,0.43158870935440063,36.92106628417969
AF-Q13164-2-F1,125183,vertex_inside_atom,1.4188090051431899,0.7362520529800741,1.7000000476837158,True,True,0.9682754874229431,73.94893646240234
AF-Q13164-2-F1,125184,vertex_inside_atom,0.8783034404559567,0.36713657881619066,1.7000000476837158,True,True,-0.7906368374824524,27.661977767944336
AF-Q13164-2-F1,125185,vertex_inside_atom,0.588833933415611,0.7531223852714422,1.7000000476837158,True,True,-0.5544435381889343,18.5833683013916
AF-Q13164-2-F1,125186,vertex_inside_atom,0.10282237574561792,1.2589431814241354,1.7000000476837158,True,True,-0.5687964558601379,8.079364776611328
AF-Q13164-2-F1,125193,vertex_inside_atom,0.3370477125439849,0.7008077249055066,1.0,True,True,0.4304225742816925,11.630208015441895
AF-Q13164-2-F1,125194,vertex_inside_atom,0.05347239633822454,0.9191300420573317,1.0,True,True,0.21616077423095703,1.6541991233825684
AF-Q13164-2-F1,125195,vertex_inside_atom,0.20775772392722391,1.1482083944531527,1.7000000476837158,True,True,-0.5734782218933105,5.554142951965332
AF-Q13164-2-F1,125199,vertex_inside_atom,0.5174136029704703,1.0836722990607155,1.7000000476837158,True,False,0.33121514320373535,21.710248947143555
AF-Q13164-2-F1,125200,vertex_inside_atom,0.8879719199366601,0.5890442482456444,1.7000000476837158,True,False,0.584152102470398,35.31748962402344
AF-Q13164-2-F1,125201,vertex_inside_atom,0.8401393679505531,0.42935852597166096,1.7000000476837158,True,True,-0.7101004123687744,34.36329650878906
AF-Q13164-2-F1,125202,vertex_inside_atom,0.8377771653532529,0.7853361086290678,1.7000000476837158,True,False,0.48721978068351746,36.153324127197266
AF-Q13164-2-F1,125203,vertex_inside_atom,0.3842378887631308,1.278474642053578,1.7000000476837158,True,False,0.19496160745620728,19.37139320373535
AF-Q13164-2-F1,125214,vertex_inside_atom,0.2564304504724808,1.106302457771489,1.7000000476837158,True,True,-0.5514154434204102,13.837799072265625
AF-Q13164-2-F1,125215,vertex_inside_atom,0.693097477408319,0.6297083473410344,1.7000000476837158,True,True,-0.5834251642227173,24.428306579589844
AF-Q13164-2-F1,125216,vertex_inside_atom,1.2036176454802123,0.7682763207005399,1.7000000476837158,True,True,0.7729538083076477,61.36719512939453
AF-Q13164-2-F1,125217,vertex_inside_atom,1.3243888322979722,0.7131680545401721,1.7000000476837158,True,True,0.86574387550354,73.90656280517578
AF-Q13164-2-F1,125218,vertex_inside_atom,0.6768180782663118,1.0670062059633438,1.7000000476837158,True,True,0.32014328241348267,41.73759078979492
AF-Q13164-2-F1,125219,vertex_inside_atom,0.45665039426945064,1.131475549901696,1.5,True,False,0.18486502766609192,26.498201370239258
AF-Q13164-2-F1,125220,vertex_inside_atom,0.20818205942072487,0.9332616131844907,1.5,True,True,-0.587097704410553,18.50566291809082
AF-Q13164-2-F1,125221,vertex_inside_atom,0.02185857512133005,0.88593482976735,1.5,True,False,0.2126064896583557,2.866682291030884
AF-Q13164-2-F1,125222,vertex_inside_atom,0.3679448354750816,0.6920472610568068,1.0,True,True,0.47620517015457153,60.708343505859375
AF-Q13164-2-F1,125223,vertex_inside_atom,0.10521950329577257,0.8882133057102135,1.0,True,True,0.26822715997695923,13.913183212280273
AF-Q13164-2-F1,125227,vertex_inside_atom,0.4175874850611123,1.029546228588875,1.7000000476837158,True,False,0.21351787447929382,27.92793846130371
AF-Q13164-2-F1,125228,vertex_inside_atom,0.8162587276521825,1.0015755242661228,1.7000000476837158,True,True,0.47146663069725037,56.20470428466797
AF-Q13164-2-F1,125229,vertex_inside_atom,1.3052075083786723,0.6709268966610261,1.7000000476837158,True,True,0.8114383220672607,92.23764038085938
AF-Q13164-2-F1,125230,vertex_inside_atom,1.1711578675069358,0.7387045550455966,1.7000000476837158,True,True,0.6986231803894043,71.88278198242188
AF-Q13164-2-F1,125231,vertex_inside_atom,0.5720694504840447,0.4965828857235329,1.5,True,True,-0.7341662645339966,44.29358673095703
AF-Q13164-2-F1,125232,vertex_inside_atom,0.5948191124181217,0.50362113119859,1.5,True,False,0.7024840116500854,77.46340942382812
AF-Q13164-2-F1,125233,vertex_inside_atom,0.5349015495054047,0.581070618427656,1.0,True,True,0.6391289830207825,90.33634185791016
AF-Q13164-2-F1,125238,vertex_inside_atom,0.14910578462016955,1.5027949618591865,1.7000000476837158,True,True,0.06871020793914795,25.460006713867188
AF-Q13164-2-F1,125239,vertex_inside_atom,0.7711924811210803,0.9983118980379235,1.7000000476837158,True,True,0.3847341537475586,49.7197265625
AF-Q13164-2-F1,125240,vertex_inside_atom,1.1074132012406182,0.6940145926159966,1.5,True,False,0.6447817087173462,72.9576187133789
AF-Q13164-2-F1,125241,vertex_inside_atom,0.6306252885193215,0.4062616965189198,1.5,True,True,-0.8384928703308105,45.94832992553711
AF-Q13164-2-F1,125244,vertex_inside_atom,0.0549517454486983,1.3074403099494685,1.5,True,False,-0.0223524272441864,18.648387908935547
AF-Q13164-2-F1,125245,vertex_inside_atom,0.3021356404333271,0.8305925034170338,1.5,True,True,-0.5959542393684387,36.23359680175781
AF-Q2YWY1-F1,39068,vertex_inside_atom,1.1252126823851336,0.6749409033616499,2.0,True,False,0.3816748857498169,10.391776084899902
AF-Q2YWY1-F1,39069,vertex_inside_atom,0.9715840003187723,0.790934350629665,2.0,True,False,0.2836135923862457,10.3927001953125
AF-Q2YWY1-F1,39085,vertex_inside_atom,1.919849621155471,0.5147465843380586,2.0,True,True,0.9878710508346558,10.029218673706055
AF-Q2YWY1-F1,39093,vertex_inside_atom,0.9771174087093437,0.5255643721481782,2.0,True,True,-0.9893497824668884,58.17366027832031
AF-Q4IR09-F1,173648,vertex_inside_atom,0.45336232439056945,0.6573614296476178,1.399999976158142,True,True,-0.32554206252098083,37.49739074707031
AF-Q4IR09-F1,173649,vertex_inside_atom,0.5437661751619077,0.5686419768798588,1.399999976158142,True,True,-0.2808901071548462,52.37637710571289
AF-Q4IR09-F1,173652,vertex_inside_atom,0.2551825723918091,0.8416673870836936,1.399999976158142,True,True,-0.41843101382255554,20.6727237701416
AF-Q4IR09-F1,173653,vertex_inside_atom,0.8586742701916865,0.17326592257887843,1.399999976158142,True,True,-0.07497178018093109,148.27796936035156
AF-Q4IR09-F1,173654,vertex_inside_atom,0.162100830013703,0.9253991682920757,1.399999976158142,True,True,-0.46040603518486023,15.348814964294434
AF-Q4IR09-F1,173660,concavity_shortcut,0.4140040479210456,1.0005161941491407,1.0,False,False,0.332207590341568,18.04669189453125
AF-Q4IR09-F1,173661,vertex_inside_atom,1.2370545896778693,0.6626486883110781,1.399999976158142,True,False,0.9847809076309204,49.41804122924805
AF-Q4IR09-F1,173662,vertex_inside_atom,0.4939206592903854,0.6179861174954084,1.399999976158142,True,True,-0.3058505952358246,59.52621841430664
AF-Q4IR09-F1,173669,concavity_shortcut,0.657142440799801,1.0003370948068302,1.0,False,False,0.5274645090103149,16.418989181518555
AF-Q556N5-F1,49631,vertex_inside_atom,0.352887603551962,0.6325647545914266,1.0,True,True,0.3658675253391266,51.874122619628906
AF-Q556N5-F1,49632,vertex_inside_atom,0.5261961350918039,0.5002736932082152,1.0,True,True,0.551535427570343,77.8978271484375
AF-Q556N5-F1,49633,vertex_inside_atom,0.4794194865623449,0.5896825048699119,1.5,True,True,-0.7525951266288757,24.82468032836914
AF-Q556N5-F1,49642,vertex_inside_atom,0.2330204670608056,0.7288849126845511,1.0,True,True,0.2647938132286072,36.462669372558594
AF-Q556N5-F1,49643,vertex_inside_atom,0.5380339828883259,0.4913919265033337,1.0,True,True,0.5656364560127258,70.57904052734375
AF-Q556N5-F1,49644,vertex_inside_atom,0.5900195050006602,0.42762100817880105,1.5,True,True,-0.9242103099822998,14.695805549621582
AF-Q556N5-F1,49645,vertex_inside_atom,0.6103051412352569,0.45836422486315914,1.0,True,True,0.6729052066802979,54.714168548583984
AF-Q556N5-F1,49646,vertex_inside_atom,0.34216547043505796,0.6534687622591928,1.0,True,True,0.37366044521331787,32.572509765625
AF-Q556N5-F1,49659,vertex_inside_atom,0.3081174526139667,0.8005081929796075,1.5,True,True,-0.6618439555168152,19.021465301513672
AF-Q556N5-F1,49660,vertex_inside_atom,0.28021964373670427,0.7020554922379781,1.0,True,True,0.3205278813838959,15.505600929260254
AF-Q556N5-F1,49661,vertex_inside_atom,0.46686915501770265,0.5590145814512018,1.0,True,True,0.49819692969322205,61.52574157714844
AF-Q556N5-F1,49669,vertex_inside_atom,0.7848408203064177,0.9937253022119912,2.0,True,False,0.408410906791687,6.630127429962158
AF-Q556N5-F1,49681,vertex_inside_atom,0.19662179023418513,0.7785405813343296,1.399999976158142,True,True,-0.7606580257415771,22.261184692382812
AF-Q556N5-F1,49682,vertex_inside_atom,0.18587742309946464,0.7907748963368995,1.399999976158142,True,True,-0.7571722865104675,23.871713638305664
AF-Q556N5-F1,49686,vertex_inside_atom,1.4721168632218702,0.9191548581450765,2.0,True,True,0.887969970703125,9.378521919250488
AF-Q556N5-F1,49687,vertex_inside_atom,1.2126839396041311,0.4997545495290482,2.0,True,False,0.7016093730926514,12.987934112548828
AF-Q556N5-F1,49696,vertex_inside_atom,0.058435376176206644,0.9365322767952524,1.399999976158142,True,True,-0.718294084072113,16.445648193359375
AF-Q556N5-F1,49697,vertex_inside_atom,0.35637123280794936,0.5725872737057118,1.399999976158142,True,True,-0.8927584886550903,38.155250549316406
AF-Q556N5-F1,49698,vertex_inside_atom,0.3837373740266259,0.5333606421697529,1.399999976158142,True,True,-0.9343842267990112,44.29880905151367
AF-Q556N5-F1,49699,vertex_inside_atom,0.11958573936775396,0.8679081120003793,1.399999976158142,True,True,-0.7330771088600159,20.60430145263672
AF-Q556N5-F1,49702,vertex_inside_atom,1.3676991697073262,0.9686178807415532,2.0,True,True,0.8138573169708252,9.607253074645996
AF-Q556N5-F1,49708,vertex_inside_atom,0.1656031790456145,0.814569228324774,1.399999976158142,True,True,-0.7490637302398682,19.497386932373047
AF-Q556N5-F1,49709,vertex_inside_atom,0.2955597157080143,0.6550375270845541,1.399999976158142,True,True,-0.8253917694091797,27.101097106933594
AF-Q556N5-F1,49710,vertex_inside_atom,0.047118931679157816,0.9491719498635572,1.399999976158142,True,True,-0.715685248374939,13.9505615234375
AF-Q54IT1-F1,176618,concavity_shortcut,0.24275975458533172,1.0000413045194898,1.0,False,False,-0.5576921105384827,5.79377555847168
AF-Q54IT1-F1,176621,vertex_inside_atom,0.5553334621368613,0.8412405217930551,1.7000000476837158,True,True,-0.4190118908882141,15.27239990234375
AF-Q54IT1-F1,176622,vertex_inside_atom,0.8846385210338237,0.5266762963229634,1.7000000476837158,True,True,-0.26076897978782654,41.33651351928711
AF-Q54IT1-F1,176623,vertex_inside_atom,0.96161856759602,0.8466763164457536,1.7000000476837158,True,False,0.8924395442008972,25.332988739013672
AF-Q54IT1-F1,176628,vertex_inside_atom,0.987063808595196,0.6629280922816411,1.7000000476837158,True,False,0.9175226092338562,43.94410705566406
AF-Q54IT1-F1,176629,vertex_inside_atom,1.1876559579833244,0.09579123727146684,1.7000000476837158,True,True,-0.033769868314266205,70.67652130126953
AF-Q54IT1-F1,176630,vertex_inside_atom,0.7396748740800607,0.6698125296377145,1.7000000476837158,True,True,-0.33340099453926086,33.99724197387695
AF-Q54IT1-F1,176635,concavity_shortcut,0.6128168077880283,1.0000406826743111,1.0,False,False,0.6221457123756409,14.189767837524414
AF-Q54IT1-F1,176636,vertex_inside_atom,0.6654801660679355,0.7401323101013407,1.7000000476837158,True,True,-0.36806219816207886,26.13886833190918
AF-Q5EBA1-F1,111329,vertex_inside_atom,0.5796618503960204,1.0639652987896675,1.5,True,True,0.5028358101844788,56.473934173583984
AF-Q5EBA1-F1,111330,vertex_inside_atom,0.6352128655940454,0.7247794328123756,1.7000000476837158,True,True,-0.4944269359111786,16.553621292114258
AF-Q5EBA1-F1,111331,vertex_inside_atom,1.0968706078293256,0.6293416322811054,1.7000000476837158,True,False,0.8976421356201172,164.3496551513672
AF-Q5EBA1-F1,111332,vertex_inside_atom,0.41958251807548774,0.8735929840771546,1.5,True,False,0.90923672914505,49.071048736572266
AF-Q5EBA1-F1,111333,inward_normal,0.16071961560960224,1.1263809509834908,1.0,False,True,0.7230758666992188,13.999316215515137
AF-Q5EBA1-F1,111335,vertex_inside_atom,0.14639864546155956,1.2188088800758659,1.7000000476837158,True,True,-0.5564684271812439,6.564050674438477
AF-Q5EBA1-F1,111336,vertex_inside_atom,0.696975832315665,0.6553611950131616,1.7000000476837158,True,True,-0.4984029531478882,7.990656852722168
AF-Q5EBA1-F1,111337,vertex_inside_atom,0.9983533491610155,0.21088808054829308,1.7000000476837158,True,True,-0.9383403062820435,29.676708221435547
AF-Q5EBA1-F1,111338,vertex_inside_atom,0.6400787283932065,0.519232937102256,1.7000000476837158,True,False,0.5475459098815918,41.174827575683594
AF-Q5EBA1-F1,111339,vertex_inside_atom,0.6447825243054527,1.0164909514903175,1.7000000476837158,True,False,0.5511506795883179,62.56486129760742
AF-Q5EBA1-F1,111340,inward_normal,0.21049803997494754,1.0988112013335682,1.0,False,True,0.7589254379272461,30.878507614135742
AF-Q5EBA1-F1,111341,concavity_shortcut,0.041244145427293155,1.0306119580780362,1.0,False,False,0.6356942653656006,18.6727352142334
AF-Q5EBA1-F1,111346,vertex_inside_atom,0.2279278450896618,1.140390461158268,1.7000000476837158,True,True,-0.5406540632247925,0.1843285709619522
AF-Q5EBA1-F1,111347,vertex_inside_atom,0.7280748011644942,0.9325189651976632,1.7000000476837158,True,False,0.6654938459396362,20.409238815307617
AF-Q5EBA1-F1,111348,vertex_inside_atom,1.140989468868809,0.6399041284879963,1.7000000476837158,True,False,0.964569091796875,67.12240600585938
AF-Q5EBA1-F1,111349,vertex_inside_atom,0.6924934287152269,0.6609601442731088,1.7000000476837158,True,True,-0.49664682149887085,5.745350360870361
AF-Q5EBA1-F1,111350,vertex_inside_atom,0.3968109519771137,0.9741199485115267,1.7000000476837158,True,True,-0.5124231576919556,3.4384846687316895
AF-Q5EBA1-F1,111359,vertex_inside_atom,0.40260837308574726,1.2137825008584173,1.5,True,True,0.4275885820388794,23.487695693969727
AF-Q5EBA1-F1,111360,vertex_inside_atom,0.6827941422589616,1.0347826885179856,1.5,True,True,0.6311143040657043,6.266767501831055
AF-Q5EBA1-F1,111361,vertex_inside_atom,0.2988637087408401,1.1193007577000968,1.7000000476837158,True,False,0.3570305109024048,3.4867236614227295
AF-Q5EBA1-F1,111362,vertex_inside_atom,0.09755865045338408,1.2652432286132584,1.7000000476837158,True,True,-0.5665804743766785,0.2354448139667511
AF-Q5R7R9-F1,123779,vertex_inside_atom,0.13785175067840805,1.2185502014980012,1.7000000476837158,True,True,-0.5788254141807556,2.5922980308532715
AF-Q5R7R9-F1,123784,vertex_inside_atom,0.2991200239113909,0.4848359732590064,1.7000000476837158,True,False,0.38395702838897705,1.539613127708435
AF-Q5R7R9-F1,123785,vertex_inside_atom,0.6012096839714798,0.7295986287851939,1.7000000476837158,True,True,-0.5823641419410706,19.619155883789062
AF-Q5R7R9-F1,123786,vertex_inside_atom,0.12251529902256664,1.2337271331522062,1.7000000476837158,True,True,-0.5806058049201965,8.299652099609375
AF-Q5R7R9-F1,123793,vertex_inside_atom,0.6989995182765959,0.45610605660345893,1.0,True,True,0.8058791160583496,51.960304260253906
AF-Q5R7R9-F1,123794,vertex_inside_atom,0.8785976114289127,0.3476624048418954,1.7000000476837158,True,True,-0.8739598393440247,21.77959442138672
AF-Q5R7R9-F1,123795,vertex_inside_atom,1.1039262441702316,0.5585399649126266,1.7000000476837158,True,False,0.7612632513046265,56.13734817504883
AF-Q5R7R9-F1,123796,vertex_inside_atom,0.8979449290049931,0.9993166836696689,1.7000000476837158,True,True,0.6057499647140503,41.074928283691406
AF-Q5R7R9-F1,123797,vertex_inside_atom,0.15333364987331644,1.483274285560901,1.7000000476837158,True,False,0.13601712882518768,13.875497817993164
AF-Q5R7R9-F1,123803,vertex_inside_atom,0.16080439327323293,0.8256925487882177,1.0,True,True,0.2755398452281952,6.1316423416137695
AF-Q5R7R9-F1,123804,vertex_inside_atom,0.4582030405624209,0.6037899882075101,1.0,True,True,0.5315001606941223,16.730789184570312
AF-Q5R7R9-F1,123805,vertex_inside_atom,0.5740120743171002,0.7610543760731205,1.7000000476837158,True,True,-0.576201856136322,21.4647216796875
AF-Q5R7R9-F1,123806,vertex_inside_atom,1.1238908937306675,0.8584647676343247,1.7000000476837158,True,False,0.7767612934112549,53.8786735534668
AF-Q5R7R9-F1,123807,vertex_inside_atom,1.1093784119752481,0.878483940000123,1.7000000476837158,True,True,0.7659289240837097,71.38343048095703
AF-Q5R7R9-F1,123808,vertex_inside_atom,0.7698528970580888,1.2719661149737795,1.7000000476837158,True,True,0.7885081768035889,42.69142150878906
AF-Q5R7R9-F1,123809,vertex_inside_atom,0.3163451634203458,1.4061081155441006,1.7000000476837158,True,True,0.22251038253307343,19.8990421295166
AF-Q5R7R9-F1,123810,vertex_inside_atom,0.03018312014976754,1.3242483745191223,1.7000000476837158,True,True,-0.5925288200378418,5.560973167419434
AF-Q5R7R9-F1,123817,vertex_inside_atom,0.10940879623328348,1.2465480403171527,1.7000000476837158,True,True,-0.5823829174041748,8.286150932312012
AF-Q5R7R9-F1,123818,vertex_inside_atom,0.4742934554111131,1.2893102414089663,1.7000000476837158,True,True,0.31792283058166504,23.037975311279297
AF-Q5R7R9-F1,123819,vertex_inside_atom,0.8602324621244503,1.2223765811349026,1.7000000476837158,True,True,0.8499438166618347,48.00753402709961
AF-Q5R7R9-F1,123820,vertex_inside_atom,0.9494927901345243,0.966077112348592,1.7000000476837158,True,True,0.642051100730896,60.53378677368164
AF-Q5R7R9-F1,123821,vertex_inside_atom,1.028683093853621,0.9201615475035377,1.7000000476837158,True,True,0.7023313641548157,49.62816619873047
AF-Q5R7R9-F1,123822,vertex_inside_atom,0.5061384259521027,0.8373011711026419,1.7000000476837158,True,True,-0.566390335559845,18.722015380859375
AF-Q5R7R9-F1,123823,vertex_inside_atom,0.3779936853288639,0.9748367448339718,1.7000000476837158,True,True,-0.5615967512130737,5.829038143157959
AF-Q5R7R9-F1,123831,vertex_inside_atom,0.6391845693805227,1.1697125491354798,1.7000000476837158,True,True,0.42137983441352844,30.32132339477539
AF-Q5R7R9-F1,123832,vertex_inside_atom,1.3103987994354298,0.7845815222616223,1.7000000476837158,True,True,0.910013735294342,65.33300018310547
AF-Q5R7R9-F1,123833,vertex_inside_atom,0.8937980033420937,0.443134342259772,1.7000000476837158,True,False,0.6000312566757202,39.071266174316406
AF-Q5R7R9-F1,123834,vertex_inside_atom,0.22770245311618398,0.49868428197817016,1.7000000476837158,True,False,0.33147552609443665,5.446933746337891
AF-Q5R7R9-F1,123835,vertex_inside_atom,0.40199310706394986,0.6477193156966521,1.0,True,True,0.4817658066749573,12.959086418151855
AF-Q5R7R9-F1,123843,vertex_inside_atom,0.5534701120955323,0.8554548753010509,1.7000000476837158,True,False,0.3654283881187439,20.878816604614258
AF-Q5R7R9-F1,123844,vertex_inside_atom,0.826555041470189,0.43441547782458967,1.7000000476837158,True,True,-0.7465351223945618,18.862157821655273
AF-Q5R7R9-F1,123845,vertex_inside_atom,0.7216002969921875,0.45048014898674954,1.0,True,True,0.8334968090057373,34.82781982421875
AF-Q5R7R9-F1,123846,vertex_inside_atom,0.31959710532071306,0.7079084154867678,1.0,True,True,0.4071681499481201,13.51479721069336
AF-Q5R7R9-F1,123853,vertex_inside_atom,0.2904681356342882,1.0649815334124053,1.7000000476837158,True,True,-0.5657144784927368,5.722933769226074
AF-Q5R7R9-F1,123854,vertex_inside_atom,0.009948694382972079,0.8892735130346094,1.7000000476837158,True,False,0.17941927909851074,1.241072416305542
AF-Q61823-F1,79480,vertex_inside_atom,0.47657490273771574,0.5915860428264671,1.0,True,True,0.5510613322257996,22.901325225830078
AF-Q61823-F1,79481,vertex_inside_atom,0.05072514929394922,0.9137946185053474,1.0,True,True,0.20140062272548676,3.09891939163208
AF-Q61823-F1,79482,vertex_inside_atom,0.532606451184154,0.5544715855163899,1.0,True,True,0.6115657091140747,22.373531341552734
AF-Q61823-F1,79483,vertex_inside_atom,0.6420939741127756,0.4874410059791137,1.0,True,True,0.7377626895904541,28.27852439880371
AF-Q61823-F1,79484,vertex_inside_atom,0.904763493021417,0.29769842162240134,1.7000000476837158,True,True,-0.986356794834137,17.848224639892578
AF-Q61823-F1,79485,vertex_inside_atom,0.7301271177117677,0.571609558499003,1.7000000476837158,True,True,-0.636455774307251,20.682104110717773
AF-Q61823-F1,79490,vertex_inside_atom,0.017959262611900173,0.9401362830378023,1.0,True,True,0.18011996150016785,4.523739337921143
AF-Q61823-F1,79492,vertex_inside_atom,0.6597384757966418,0.6603758895573626,1.7000000476837158,True,True,-0.5996536612510681,19.594432830810547
AF-Q61823-F1,79493,vertex_inside_atom,1.175451916286989,0.6139724288541681,1.7000000476837158,True,False,0.8152376413345337,68.93036651611328
AF-Q61823-F1,79494,vertex_inside_atom,0.9933877350225041,0.8097436952936017,1.7000000476837158,True,False,0.6767928600311279,49.92548370361328
AF-Q61823-F1,79495,vertex_inside_atom,0.26901434603233754,1.0873260119679808,1.7000000476837158,True,True,-0.5661202669143677,14.444591522216797
AF-Q61823-F1,79496,vertex_inside_atom,0.01636371668006764,1.3379322322610256,1.7000000476837158,True,True,-0.5938287973403931,3.890709400177002
AF-Q61823-F1,79502,vertex_inside_atom,0.11519883400968012,1.2410707687629883,1.7000000476837158,True,True,-0.581122875213623,7.917733192443848
AF-Q61823-F1,79503,vertex_inside_atom,0.31247455832757765,1.114499857510599,1.7000000476837158,True,False,0.22216762602329254,18.335975646972656
AF-Q61823-F1,79504,vertex_inside_atom,0.9496758965611858,0.967433523893344,1.7000000476837158,True,True,0.643861711025238,49.69689178466797
AF-Q61823-F1,79505,vertex_inside_atom,1.109765177379562,0.8776210277775479,1.7000000476837158,True,True,0.7656638026237488,74.8068618774414
AF-Q61823-F1,79506,vertex_inside_atom,0.5511775312399869,1.233176569913425,1.7000000476837158,True,True,0.36566415429115295,32.11000442504883
AF-Q61823-F1,79516,vertex_inside_atom,0.4588250826871425,1.4426146038178265,1.7000000476837158,True,False,0.5784695744514465,31.386213302612305
AF-Q61823-F1,79517,vertex_inside_atom,1.0517099127185539,1.127507241772785,1.7000000476837158,True,True,0.9763005375862122,63.8773078918457
AF-Q61823-F1,79518,vertex_inside_atom,0.752079445385133,1.2506057764412706,1.7000000476837158,True,False,0.774141788482666,46.30369567871094
AF-Q61823-F1,79519,vertex_inside_atom,0.048459074808594016,1.563282613779903,1.7000000476837158,True,False,0.0790213793516159,13.327383995056152
AF-Q61823-F1,79528,vertex_inside_atom,0.42207283174776,1.3261217593090369,1.7000000476837158,True,True,0.2831689715385437,23.920265197753906
AF-Q61823-F1,79529,vertex_inside_atom,1.1526555322383432,0.8538623346047006,1.7000000476837158,True,True,0.795547604560852,60.573692321777344
AF-Q61823-F1,79530,vertex_inside_atom,1.1469103886579077,0.8563272071643195,1.7000000476837158,True,True,0.7909581065177917,61.06931686401367
AF-Q61823-F1,79531,vertex_inside_atom,0.4147460406201242,1.119479144523009,1.7000000476837158,True,False,0.279666006565094,18.44548797607422
AF-Q61823-F1,79540,vertex_inside_atom,0.4561174003092785,0.9568143224313803,1.7000000476837158,True,False,0.3038945198059082,21.000940322875977
AF-Q61823-F1,79541,vertex_inside_atom,1.074904508654924,0.6073044351533773,1.7000000476837158,True,False,0.7367275357246399,50.52926254272461
AF-Q61823-F1,79542,vertex_inside_atom,0.8279549046998937,0.5507576781375054,1.7000000476837158,True,False,0.551360011100769,35.58487319946289
AF-Q61823-F1,79543,vertex_inside_atom,0.49060058620509595,0.8542154462257534,1.7000000476837158,True,True,-0.565504252910614,12.800895690917969
AF-Q61823-F1,79544,vertex_inside_atom,0.10062879380190703,1.2550243134980312,1.7000000476837158,True,True,-0.5838174819946289,3.754748821258545
AF-Q61823-F1,79549,vertex_inside_atom,0.16538533266586142,1.1912619455050997,1.7000000476837158,True,True,-0.5757648944854736,3.300060987472534
AF-Q61823-F1,79550,vertex_inside_atom,0.6320981977091764,0.693051494131978,1.7000000476837158,True,True,-0.5916488766670227,11.25168228149414
AF-Q61823-F1,79551,vertex_inside_atom,0.21588826195714006,0.3167800224939861,1.7000000476837158,True,False,0.32302311062812805,10.519033432006836
AF-Q61823-F1,79552,vertex_inside_atom,0.2840298133653193,0.630883108925179,1.7000000476837158,True,False,0.37734562158584595,5.573049068450928
AF-Q61823-F1,79558,vertex_inside_atom,0.11002476527015292,0.8696330726582528,1.0,True,True,0.246479332447052,1.898531436920166
AF-Q61823-F1,79559,vertex_inside_atom,0.8121554514613689,0.4137919323207623,1.0,True,True,0.9329627752304077,38.87675857543945
AF-Q61823-F1,79560,vertex_inside_atom,0.3409282217585705,0.6925920808026566,1.0,True,True,0.4265460968017578,11.837864875793457
AF-Q61823-F1,79561,vertex_inside_atom,0.17745344835319488,0.8164450996510508,1.0,True,True,0.29395702481269836,7.831977844238281
AF-Q6ZWJ1-2-F1,52030,vertex_inside_atom,0.021013549899588257,0.9879682298875311,1.399999976158142,True,True,-0.6836071610450745,14.033401489257812
AF-Q6ZWJ1-2-F1,52031,vertex_inside_atom,0.2788545172331518,0.691128093732701,1.399999976158142,True,True,-0.7656978368759155,41.817996978759766
AF-Q6ZWJ1-2-F1,52032,vertex_inside_atom,0.04194754806075962,0.9652034572871077,1.399999976158142,True,True,-0.6864617466926575,16.873048782348633
AF-Q6ZWJ1-2-F1,52037,vertex_inside_atom,0.31170085176191265,0.6494599977529042,1.399999976158142,True,True,-0.7890574932098389,34.57762908935547
AF-Q6ZWJ1-2-F1,52038,vertex_inside_atom,0.44968568863852454,0.4522036857445241,1.399999976158142,True,True,-0.9919029474258423,52.87904739379883
AF-Q6ZWJ1-2-F1,52039,vertex_inside_atom,0.2357659559025378,0.7446313753957977,1.399999976158142,True,True,-0.7400739192962646,27.950361251831055
AF-Q6ZWJ1-2-F1,52048,vertex_inside_atom,0.03986038701651262,0.9676102572367071,1.399999976158142,True,True,-0.6860338449478149,16.238441467285156
AF-Q6ZWJ1-2-F1,52049,vertex_inside_atom,0.26427932005158383,0.7095813166320513,1.399999976158142,True,True,-0.7558847665786743,31.442655563354492
AF-Q6ZWJ1-2-F1,52050,vertex_inside_atom,0.27965659609059546,0.6900937622721127,1.399999976158142,True,True,-0.7661865949630737,37.82563400268555
AF-Q6ZWJ1-2-F1,52051,vertex_inside_atom,0.07709971444793773,0.9268636396047575,1.399999976158142,True,True,-0.6916751265525818,19.179845809936523
AF-Q6ZWJ1-2-F1,52056,vertex_inside_atom,0.17828479172159395,0.8120158689575178,1.399999976158142,True,True,-0.7180861830711365,21.051612854003906
AF-Q6ZWJ1-2-F1,52057,vertex_inside_atom,0.08927418165941603,0.913019489193266,1.399999976158142,True,True,-0.6948376297950745,15.779884338378906
AF-Q6ZWJ1-2-F1,52069,vertex_inside_atom,0.09598578488573639,0.9053652164826648,1.399999976158142,True,True,-0.6966813206672668,17.906787872314453
AF-Q6ZWJ1-2-F1,52070,vertex_inside_atom,0.39545879319455257,0.5350794742415474,1.399999976158142,True,True,-0.8839827179908752,49.87971878051758
AF-Q6ZWJ1-2-F1,52071,vertex_inside_atom,0.3795401256068087,0.5573462840056045,1.399999976158142,True,True,-0.8626106977462769,43.564231872558594
AF-Q6ZWJ1-2-F1,52072,vertex_inside_atom,0.0629721342250471,0.9422300482117048,1.399999976158142,True,True,-0.6896941065788269,18.536527633666992
AF-Q6ZWJ1-2-F1,52085,vertex_inside_atom,0.049928539271537176,0.956078505983628,1.399999976158142,True,True,-0.688846230506897,15.526541709899902
AF-Q6ZWJ1-2-F1,52086,vertex_inside_atom,0.3363539533069666,0.617016999880712,1.399999976158142,True,True,-0.8117133975028992,43.29570388793945
AF-Q6ZWJ1-2-F1,52087,vertex_inside_atom,0.32130716527800773,0.6364234554775929,1.399999976158142,True,True,-0.7991736531257629,40.15425491333008
AF-Q6ZWJ1-2-F1,52088,vertex_inside_atom,0.018014692675895505,0.9910587258786511,1.399999976158142,True,True,-0.6838046312332153,22.841737747192383
AF-Q6ZWJ1-2-F1,52102,vertex_inside_atom,0.04184436912192768,0.9650744775365457,1.399999976158142,True,True,-0.6870942115783691,21.972578048706055
AF-Q6ZWJ1-2-F1,52118,vertex_inside_atom,1.0207644358187513,0.7234979943681604,2.0,True,False,0.580590546131134,9.633296012878418
AF-Q6ZWJ1-2-F1,52119,vertex_inside_atom,1.2495533390787648,0.35158354098841754,2.0,True,True,-0.5387572050094604,10.135725975036621
AF-Q6ZWJ1-2-F1,52124,vertex_inside_atom,1.5390863169050184,0.8309292318254051,2.0,True,False,0.9458577632904053,11.456741333007812
AF-Q80WJ1-3-F1,32614,vertex_inside_atom,0.7107965649794483,1.334599145042174,1.7000000476837158,True,True,0.7887038588523865,56.17316436767578
AF-Q80WJ1-3-F1,32619,concavity_shortcut,0.260648831991118,1.3814039338242703,0.0,False,False,0.5120008587837219,12.855062484741211
AF-Q80WJ1-3-F1,32620,vertex_inside_atom,1.0039763215906847,1.1020398964216307,2.0,True,False,0.9779672622680664,102.79003143310547
AF-Q80WJ1-3-F1,32630,concavity_shortcut,0.13291555031397428,1.4588011246197725,0.0,False,False,0.8829724788665771,9.772443771362305
AF-Q80WJ1-3-F1,32631,vertex_inside_atom,0.745884800035213,1.3139600221720524,1.7000000476837158,True,True,0.8114053606987,26.856224060058594
AF-Q80WJ1-3-F1,32632,vertex_inside_atom,1.5155539159996878,0.7009859307770966,2.0,True,True,0.7229092121124268,35.16978454589844
AF-Q80WJ1-3-F1,32633,vertex_inside_atom,1.5494950015074804,0.6824141626289724,2.0,True,True,0.7512996792793274,26.984813690185547
AF-Q80WJ1-3-F1,32647,vertex_inside_atom,0.7415195426513297,1.1562648532226338,2.0,True,False,0.18849095702171326,18.038532257080078
AF-Q80WJ1-3-F1,32648,vertex_inside_atom,1.2539101336910705,0.6954883759317643,2.0,True,False,0.5113270878791809,8.053850173950195
AF-Q80WJ1-3-F1,32649,vertex_inside_atom,1.3522705689236079,0.7996204403456848,2.0,True,True,0.5878782272338867,5.251002788543701
AF-Q80WJ1-3-F1,32678,vertex_inside_atom,0.2521230318946819,1.441474995581842,1.5,True,False,0.6503362059593201,5.3802032470703125
AF-Q80WJ1-3-F1,32679,concavity_shortcut,0.39325706370630775,1.5469330978574531,1.5,False,False,0.7351371049880981,1.3044464588165283
AF-Q80WJ1-3-F1,32680,inward_normal,0.08117428702779617,1.2832991942492142,1.0,False,True,0.8201813697814941,22.57034683227539
AF-Q80WJ1-3-F1,32681,inward_normal,0.2839354868918591,1.1753280879221246,1.0,False,True,0.9517651796340942,58.95161819458008
AF-Q80WJ1-3-F1,32695,vertex_inside_atom,0.4531404015839937,1.0641000776408294,1.5,True,True,0.2691367566585541,20.321826934814453
AF-Q80WJ1-3-F1,32696,vertex_inside_atom,0.7566882613349827,0.8353831898783487,1.5,True,True,0.4732513129711151,19.180009841918945
AF-Q80WJ1-3-F1,32697,vertex_inside_atom,0.7602255049082575,1.052688482106693,1.5,True,False,0.9644752740859985,13.060786247253418
AF-Q80WJ1-3-F1,32698,concavity_shortcut,0.014069962555781523,1.1809917660914755,0.0,False,False,0.7768857479095459,22.084062576293945
AF-Q80WJ1-3-F1,32710,inward_normal,0.3732102509944877,1.0615699304446413,1.0,False,True,0.926956295967102,78.01355743408203
AF-Q80WJ1-3-F1,32711,vertex_inside_atom,1.1517022140545927,0.5937288557090653,1.5,True,True,0.8105701208114624,39.49851608276367
AF-Q80WJ1-3-F1,32712,vertex_inside_atom,1.0455916185847365,0.6483491966666255,1.5,True,True,0.7154070138931274,69.72412872314453
AF-Q80WJ1-3-F1,32725,vertex_inside_atom,0.6263198707256808,0.8804213648557278,2.0,True,False,0.3791504502296448,34.0015983581543
AF-Q80WJ1-3-F1,32726,vertex_inside_atom,0.9824962260697578,0.5477270663331951,2.0,True,True,-0.8860418200492859,33.28694534301758
AF-Q8BG26-2-F1,71702,vertex_inside_atom,0.09751477433001554,1.2585542679288133,1.7000000476837158,True,True,-0.5832090377807617,2.6363649368286133
AF-Q8BG26-2-F1,71703,vertex_inside_atom,0.24696779969330396,1.2165389476113582,1.7000000476837158,True,False,0.19033850729465485,10.627846717834473
AF-Q8BG26-2-F1,71704,vertex_inside_atom,0.542599563785819,0.7964990142274374,1.7000000476837158,True,True,-0.5713151693344116,16.30750846862793
AF-Q8BG26-2-F1,71709,vertex_inside_atom,0.5793413425614697,1.2157704271644736,1.7000000476837158,True,True,0.3884555995464325,27.00432014465332
AF-Q8BG26-2-F1,71710,vertex_inside_atom,1.1933918883051176,0.8404792143858925,1.7000000476837158,True,True,0.8327258229255676,62.68598937988281
AF-Q8BG26-2-F1,71711,vertex_inside_atom,0.8553823696565794,0.38851798086051526,1.7000000476837158,True,True,-0.803992748260498,28.69157600402832
AF-Q8BG26-2-F1,71712,vertex_inside_atom,0.45350015398712107,0.5420055552266366,1.7000000476837158,True,False,0.5294129848480225,15.990276336669922
AF-Q8BG26-2-F1,71713,vertex_inside_atom,0.1568114116553866,0.8309072473319264,1.0,True,True,0.276189386844635,6.107049942016602
AF-Q8BG26-2-F1,71720,vertex_inside_atom,0.9701405264161408,1.189647833789219,1.7000000476837158,True,True,0.9520089030265808,37.22216796875
AF-Q8BG26-2-F1,71721,vertex_inside_atom,1.1101425414077064,0.8810847482921885,1.7000000476837158,True,True,0.7698174118995667,63.262672424316406
AF-Q8BG26-2-F1,71722,vertex_inside_atom,1.0965275728591117,0.7426686346325444,1.7000000476837158,True,False,0.7596789598464966,51.43254852294922
AF-Q8BG26-2-F1,71723,vertex_inside_atom,0.803236518501944,0.4698856271743636,1.7000000476837158,True,True,-0.7090903520584106,21.07135772705078
AF-Q8BG26-2-F1,71724,vertex_inside_atom,0.5932235885292375,0.5187595499744775,1.0,True,True,0.6815200448036194,31.55463409423828
AF-Q8BG26-2-F1,71725,vertex_inside_atom,0.4766941535298789,0.5938260222072582,1.0,True,True,0.5536602735519409,25.057756423950195
AF-Q8BG26-2-F1,71733,vertex_inside_atom,0.18734495711016352,1.257580123313123,1.7000000476837158,True,False,0.14138060808181763,8.905474662780762
AF-Q8BG26-2-F1,71734,vertex_inside_atom,0.6408828256710042,1.1615394831723092,1.7000000476837158,True,True,0.41095513105392456,25.0346622467041
AF-Q8BG26-2-F1,71735,vertex_inside_atom,0.9114063415667981,0.9814575557315207,1.7000000476837158,True,True,0.6026791930198669,37.66600036621094
AF-Q8BG26-2-F1,71736,vertex_inside_atom,0.5792044342330545,1.3464876653686866,1.7000000476837158,True,False,0.6889292597770691,34.6703987121582
AF-Q8BG26-2-F1,71737,vertex_inside_atom,0.4825401615504885,1.1941721993464778,1.7000000476837158,True,False,0.3276818096637726,28.893604278564453
AF-Q8BG26-2-F1,71738,vertex_inside_atom,0.37916651974475424,0.9734016087267948,1.7000000476837158,True,True,-0.5618025064468384,17.75136947631836
AF-Q8BG26-2-F1,71740,vertex_inside_atom,0.003932663477892562,0.9530210557522689,1.0,True,True,0.17428243160247803,3.6873092651367188
AF-Q8BG26-2-F1,71746,vertex_inside_atom,0.38961531613088285,0.961909422670472,1.7000000476837158,True,True,-0.5630513429641724,5.98285436630249
AF-Q8BG26-2-F1,71747,vertex_inside_atom,0.6965096808653046,0.7577384281635743,1.7000000476837158,True,False,0.44894084334373474,23.720317840576172
AF-Q8BG26-2-F1,71748,vertex_inside_atom,1.3693796160689877,0.7529697567319243,1.7000000476837158,True,True,0.9397294521331787,40.06899642944336
AF-Q8BG26-2-F1,71749,vertex_inside_atom,0.7401209483488768,1.0929496220891497,1.7000000476837158,True,True,0.4787924885749817,26.707250595092773
AF-Q8BG26-2-F1,71750,vertex_inside_atom,0.03369207498262461,1.5841254225099894,1.7000000476837158,True,False,0.06237336993217468,14.616657257080078
AF-Q8BG26-2-F1,71758,vertex_inside_atom,0.21434304697358775,0.6828248205455401,1.7000000476837158,True,False,0.3363743722438812,1.512695550918579
AF-Q8BG26-2-F1,71759,vertex_inside_atom,0.8829078070035398,0.3393339411945298,1.7000000476837158,True,True,-0.8915506601333618,24.78949546813965
AF-Q8BG26-2-F1,71760,vertex_inside_atom,1.0606271347340388,0.6123800867341794,1.7000000476837158,True,False,0.7156345248222351,38.32737350463867
AF-Q8BG26-2-F1,71761,vertex_inside_atom,0.2642520864871827,1.091809848227332,1.7000000476837158,True,True,-0.5672539472579956,10.4338960647583
AF-Q8BG26-2-F1,71768,vertex_inside_atom,0.6597921687108296,0.49766795132094815,1.0,True,True,0.7678444385528564,33.702518463134766
AF-Q8BG26-2-F1,71769,vertex_inside_atom,0.5393571967412688,0.5088301508985892,1.7000000476837158,True,False,0.6343790888786316,17.994943618774414
AF-Q8BG26-2-F1,71770,vertex_inside_atom,0.6842354736815763,0.6295195216099361,1.7000000476837158,True,True,-0.6125084757804871,14.917248725891113
AF-Q8BG26-2-F1,71771,vertex_inside_atom,0.0841981934925704,1.2713756438183486,1.7000000476837158,True,True,-0.5854820609092712,3.055670738220215
AF-Q8BG26-2-F1,71776,vertex_inside_atom,0.270303445151594,0.7548105750750649,1.0,True,True,0.3806911110877991,14.345417022705078
AF-Q86TI2-2-F1,106888,concavity_shortcut,0.03008265143559563,1.019075017434786,0.0,False,False,0.8196027874946594,1.4880211353302002
AF-Q86TI2-2-F1,106899,vertex_inside_atom,0.24948983236800204,0.8693546767500435,1.0,True,True,0.5089706182479858,39.49137496948242
AF-Q86TI2-2-F1,106900,vertex_inside_atom,0.620815476317188,0.6480971163524832,1.0,True,True,0.8120331764221191,100.31381225585938
AF-Q86TI2-2-F1,106903,concavity_shortcut,0.2037888751777992,1.1669692919237422,0.0,False,False,0.9261090159416199,14.857776641845703
AF-Q86TI2-2-F1,106904,concavity_shortcut,0.23696181389081516,1.1904960068113386,0.0,False,False,0.9467036724090576,5.527684688568115
AF-Q86TI2-2-F1,106908,vertex_inside_atom,1.507073246552694,0.6735314312850662,2.0,True,True,0.6841585636138916,18.332658767700195
AF-Q86TI2-2-F1,106909,vertex_inside_atom,1.4557656121619102,0.7046827754596239,2.0,True,True,0.6389551758766174,15.914495468139648
AF-Q86TI2-2-F1,106915,vertex_inside_atom,0.32904476261603754,0.8158286470502362,1.0,True,True,0.5703301429748535,30.688196182250977
AF-Q86TI2-2-F1,106916,vertex_inside_atom,0.4638365279168555,0.7317521749741689,1.0,True,True,0.6806194186210632,65.45726013183594
AF-Q86TI2-2-F1,106917,concavity_shortcut,0.4787050712464316,1.1512224813778598,1.0,False,False,0.5744500160217285,23.85738182067871
AF-Q86TI2-2-F1,106925,vertex_inside_atom,1.2991649407541477,0.7917018241621211,2.0,True,False,0.5086382031440735,15.633038520812988
AF-Q86TI2-2-F1,106926,vertex_inside_atom,1.4966011526104732,0.6793524508027715,2.0,True,True,0.6742043495178223,16.09632682800293
AF-Q86TI2-2-F1,106933,vertex_inside_atom,0.3421432461366831,1.3166247092707677,1.5,True,True,0.488300085067749,18.010305404663086
AF-Q86TI2-2-F1,106934,vertex_inside_atom,0.884298909686981,0.9365311879329389,1.7000000476837158,True,False,0.8507024049758911,117.01793670654297
AF-Q86TI2-2-F1,106935,vertex_inside_atom,0.9550481575156615,0.8308083969473065,1.7000000476837158,True,True,0.4637388586997986,40.26408386230469
AF-Q86TI2-2-F1,106936,vertex_inside_atom,0.5246565251479254,1.16257253603204,1.7000000476837158,True,True,0.18943467736244202,5.121504783630371
AF-Q86TI2-2-F1,106944,vertex_inside_atom,0.991769257569205,0.5299333065476606,2.0,True,True,-0.9162775874137878,12.020350456237793
AF-Q86TI2-2-F1,106953,vertex_inside_atom,0.5940802927302884,1.1069493067161744,1.7000000476837158,True,True,0.2278103083372116,1.9103682041168213
AF-Q86TI2-2-F1,106954,vertex_inside_atom,1.3685438351656736,0.5785303676534134,1.7000000476837158,True,True,0.8208515048027039,96.1781234741211
AF-Q86TI2-2-F1,106955,vertex_inside_atom,1.2319606691847147,0.6491833601854736,1.7000000476837158,True,True,0.6968597173690796,45.87995529174805
AF-Q86TI2-2-F1,106956,vertex_inside_atom,0.4597342432117657,0.9905982464166231,1.5,True,False,0.15536227822303772,6.1488423347473145
AF-Q86TI2-2-F1,106970,vertex_inside_atom,0.19979046673844358,1.11540621170364,1.5,True,False,0.032472699880599976,1.8121103048324585
AF-Q86TI2-2-F1,106971,vertex_inside_atom,0.7668130728371425,0.7132153758186577,1.5,True,False,0.33160918951034546,6.8210625648498535
AF-Q86TI2-2-F1,106972,vertex_inside_atom,0.7296362277249073,0.5443358767278068,1.5,True,False,0.30787402391433716,12.465890884399414
AF-Q86TI2-2-F1,106985,vertex_inside_atom,0.26999211067309503,0.5802917739183935,1.0,True,True,0.09275662899017334,72.29300689697266
AF-Q86TI2-2-F1,106986,vertex_inside_atom,0.4916242241319656,0.3419631754142575,1.0,True,True,0.3174284100532532,162.83853149414062
AF-Q86TI2-2-F1,106987,vertex_inside_atom,0.1286274435881687,0.7196120838618911,1.0,True,True,0.01188153587281704,64.99946594238281
AF-Q86TI2-2-F1,106993,vertex_inside_atom,0.3424826619330039,0.5064039939734429,1.0,True,True,0.1464804708957672,59.27280044555664
AF-Q86TI2-2-F1,106994,vertex_inside_atom,0.2574568378949277,0.5929726763476958,1.0,True,True,0.08484099060297012,54.70613098144531
AF-Q8N9N5-2-F1,89961,vertex_inside_atom,0.15576981811978308,1.4896224511916831,1.5,True,True,0.4444207549095154,0.38597166538238525
AF-Q8N9N5-2-F1,89972,vertex_inside_atom,0.6041707574588637,1.1897095307463907,1.5,True,True,0.7252714037895203,30.217931747436523
AF-Q8N9N5-2-F1,89973,vertex_inside_atom,0.8481492335139419,1.0550949434637165,1.5,True,True,0.8893449306488037,8.429327011108398
AF-Q8N9N5-2-F1,89974,inward_normal,0.36532357942046834,1.013074403521915,1.0,False,True,0.862196147441864,73.3841781616211
AF-Q8N9N5-2-F1,89981,concavity_shortcut,0.2639725073653951,1.2744133864352791,1.0,False,False,0.9968003034591675,28.593448638916016
AF-Q8N9N5-2-F1,89987,vertex_inside_atom,1.455942558920516,0.7157723673515853,2.0,True,True,0.6515231132507324,14.101536750793457
AF-Q8N9N5-2-F1,89988,vertex_inside_atom,0.800750290171705,1.079429000409252,1.5,True,True,0.8581129312515259,27.48528480529785
AF-Q8N9N5-2-F1,89989,vertex_inside_atom,0.4015339496332707,0.9954214977238691,1.0,True,True,0.8866594433784485,72.69621276855469
AF-Q8N9N5-2-F1,89996,vertex_inside_atom,0.4399667994493389,0.7424878205720218,1.0,True,True,0.6567289233207703,60.934661865234375
AF-Q8N9N5-2-F1,89997,vertex_inside_atom,0.5922111357392306,0.6589404308629284,1.0,True,True,0.7857838869094849,119.0936508178711
AF-Q8N9N5-2-F1,90006,vertex_inside_atom,1.6203159886543852,0.6251618882504503,2.0,True,True,0.7946038246154785,24.3913516998291
AF-Q8N9N5-2-F1,90007,vertex_inside_atom,1.2981332189994645,0.8183602983852516,2.0,True,True,0.5218798518180847,17.446609497070312
AF-Q8N9N5-2-F1,90015,vertex_inside_atom,0.13866534793792273,1.2882693944178165,1.5,True,True,0.04385262727737427,14.782442092895508
AF-Q8N9N5-2-F1,90016,vertex_inside_atom,0.7797298188469391,0.7703147203006102,1.5,True,True,0.421261191368103,86.48031616210938
AF-Q8N9N5-2-F1,90017,vertex_inside_atom,1.033941466393022,0.5926107070705041,1.5,True,True,0.6479358077049255,147.2324676513672
AF-Q8N9N5-2-F1,90018,vertex_inside_atom,0.23054645604668123,0.8799006778847452,1.0,True,True,0.49105578660964966,9.261241912841797
AF-Q8N9N5-2-F1,90027,vertex_inside_atom,1.0060971003920036,0.5161285807526016,2.0,True,True,-0.9134209752082825,19.07770347595215
AF-Q8N9N5-2-F1,90034,vertex_inside_atom,0.23981691733124744,1.082065456110394,1.7000000476837158,True,True,-0.6573143005371094,6.409566402435303
AF-Q8N9N5-2-F1,90035,vertex_inside_atom,0.5084657859219971,0.798885935800418,1.7000000476837158,True,False,0.2347833812236786,35.91147994995117
AF-Q8N9N5-2-F1,90036,vertex_inside_atom,1.1219988788426962,0.5402410130423173,1.5,True,True,0.7384446859359741,236.4664764404297
AF-Q8N9N5-2-F1,90037,vertex_inside_atom,0.7709068287756374,0.776827486424551,1.5,True,True,0.41419506072998047,96.29346466064453
AF-Q8N9N5-2-F1,90038,vertex_inside_atom,0.0478781937071624,1.3654215154955462,1.5,True,True,0.004285603761672974,8.570990562438965
AF-Q8N9N5-2-F1,90050,vertex_inside_atom,0.09986698254864268,1.2364480094919799,1.399999976158142,True,True,0.07156631350517273,13.247401237487793
AF-Q8N9N5-2-F1,90051,vertex_inside_atom,0.41583324458579807,0.8435909974259139,1.7000000476837158,True,False,0.23853345215320587,35.16031265258789
AF-Q8N9N5-2-F1,90052,vertex_inside_atom,0.7096772918505548,0.49957041948233444,1.7000000476837158,True,True,-0.9630548357963562,30.339187622070312
AF-Q8N9N5-2-F1,90053,vertex_inside_atom,0.6276793949246555,0.6203353755708547,1.7000000476837158,True,True,-0.8303461074829102,27.21958351135254
AF-Q8N9N5-2-F1,90054,vertex_inside_atom,0.2717426431811376,1.0473915037663126,1.7000000476837158,True,True,-0.6615152955055237,5.195837497711182
AF-Q8N9N5-2-F1,90063,vertex_inside_atom,0.2856780050781731,1.081672309007461,1.399999976158142,True,True,0.1648387908935547,25.836097717285156
AF-Q8N9N5-2-F1,90064,vertex_inside_atom,0.9479627222270572,0.5831942442477739,1.399999976158142,True,True,0.6614894270896912,155.9976043701172
AF-Q8N9N5-2-F1,90065,vertex_inside_atom,1.038120067772409,0.530267512602785,1.399999976158142,True,True,0.7548694610595703,168.11680603027344
AF-Q8N9N5-2-F1,90066,vertex_inside_atom,0.37909858878196245,0.8603314347034272,1.7000000476837158,True,False,0.2170664668083191,27.08269691467285
AF-Q8N9N5-2-F1,90071,vertex_inside_atom,0.021016079772804952,1.303088098132267,1.399999976158142,True,True,0.035616450011730194,19.6103572845459
AF-Q8N9N5-2-F1,90072,vertex_inside_atom,0.7296987812422314,0.7324279458097355,1.399999976158142,True,True,0.4603981375694275,104.39021301269531
AF-Q8N9N5-2-F1,90073,vertex_inside_atom,0.45664809186500077,0.9427144448874464,1.399999976158142,True,True,0.26398077607154846,44.56789779663086
AF-Q8N9N5-2-F1,90074,vertex_inside_atom,0.04419607540815673,1.2834352885503413,1.399999976158142,True,True,0.04597187042236328,17.04114532470703
AF-Q8NI38-2-F1,74890,vertex_inside_atom,0.27859930292006174,0.8198728501542898,1.399999976158142,True,True,-0.40895235538482666,20.702451705932617
AF-Q8NI38-2-F1,74891,vertex_inside_atom,0.223760215956615,0.8694685283152928,1.399999976158142,True,True,-0.4340553879737854,17.45697784423828
AF-Q8NI38-2-F1,74896,vertex_inside_atom,0.21686248164966582,0.875911641389838,1.399999976158142,True,True,-0.4368276298046112,14.744586944580078
AF-Q8NI38-2-F1,74897,vertex_inside_atom,0.7756026651994726,0.30617954970425254,1.399999976158142,True,True,-0.15045171976089478,105.66321563720703
AF-Q8NI38-2-F1,74898,vertex_inside_atom,0.68175732532728,0.42134302885860286,1.399999976158142,True,True,-0.2092685103416443,91.16943359375
AF-Q8NI38-2-F1,74899,vertex_inside_atom,0.7762531463166988,0.9901894525762392,1.399999976158142,True,False,0.6251451969146729,22.473562240600586
AF-Q8NI38-2-F1,74905,vertex_inside_atom,0.2865291846099347,0.8126414775415698,1.399999976158142,True,True,-0.4053157866001129,22.027864456176758
AF-Q8NI38-2-F1,74906,vertex_inside_atom,0.6143239328412132,0.49541415203636324,1.399999976158142,True,True,-0.24591828882694244,77.6186294555664
AF-Q8NI38-2-F1,74907,concavity_shortcut,0.7398415894028031,1.0000399346829554,1.0,False,False,0.5951501131057739,18.565628051757812
AF-Q8NI38-2-F1,74910,concavity_shortcut,0.040639706627236816,1.0,1.0,False,False,-0.515303373336792,10.390902519226074
AF-Q96DR4-2-F1,25438,vertex_inside_atom,1.0784112453422317,0.5817917482277428,2.0,True,True,-0.44823193550109863,3.2905962467193604
AF-Q96DR4-2-F1,25443,vertex_inside_atom,0.1087543143616676,0.89521705750499,1.399999976158142,True,True,-0.6879945993423462,18.497241973876953
AF-Q96DR4-2-F1,25444,vertex_inside_atom,0.347206584935261,0.6078305491865907,1.399999976158142,True,True,-0.8041631579399109,27.205442428588867
AF-Q96DR4-2-F1,25450,vertex_inside_atom,1.3045427580099003,0.23590896104823414,2.0,True,True,-0.7537145614624023,5.3579840660095215
AF-Q96DR4-2-F1,25451,vertex_inside_atom,1.4930545811222622,0.7400979147905338,2.0,True,False,0.914097011089325,4.39478063583374
AF-Q96DR4-2-F1,25452,vertex_inside_atom,1.3589365263059254,0.9840065919128801,2.0,True,True,0.8203230500221252,4.2801384925842285
AF-Q96DR4-2-F1,25458,vertex_inside_atom,0.2754113629563637,0.7001588900811228,1.399999976158142,True,True,-0.7491835355758667,38.288883209228516
AF-Q96DR4-2-F1,25459,vertex_inside_atom,0.4573545632354078,0.44750554945957544,1.399999976158142,True,True,-0.979936957359314,61.727500915527344
AF-Q96DR4-2-F1,25460,vertex_inside_atom,0.2893535065984265,0.6826014559169317,1.399999976158142,True,True,-0.7582390904426575,35.29102325439453
AF-Q96DR4-2-F1,25470,vertex_inside_atom,0.02798161074934824,0.9791239325199426,1.399999976158142,True,True,-0.6881827116012573,14.91282844543457
AF-Q96DR4-2-F1,25475,vertex_inside_atom,0.08442406499975874,0.922021108514202,1.399999976158142,True,True,-0.6840273141860962,15.94250774383545
AF-Q96DR4-2-F1,25476,vertex_inside_atom,0.23611819368133768,0.7484394898609004,1.399999976158142,True,True,-0.7277371883392334,25.085222244262695
AF-Q96DR4-2-F1,25477,vertex_inside_atom,0.09632209822104532,0.9087602548560556,1.399999976158142,True,True,-0.6863363981246948,13.99842643737793
AF-Q96DR4-2-F1,25486,vertex_inside_atom,0.2434183369282048,0.733093684487436,1.399999976158142,True,True,-0.7506077885627747,29.274948120117188
AF-Q96DR4-2-F1,25487,vertex_inside_atom,0.35696157585982147,0.586918822594394,1.399999976158142,True,True,-0.8409332036972046,43.35224914550781
AF-Q96DR4-2-F1,25488,vertex_inside_atom,0.20761209290561178,0.7760078319865561,1.399999976158142,True,True,-0.7340227961540222,25.12247657775879
AF-Q96DR4-2-F1,25501,vertex_inside_atom,0.34264307202076716,0.6062229875045185,1.399999976158142,True,True,-0.8255162239074707,36.32614517211914
AF-Q96DR4-2-F1,25502,vertex_inside_atom,0.4137454080884019,0.5052277118625271,1.399999976158142,True,True,-0.924947202205658,45.07230758666992
AF-Q96DR4-2-F1,25503,vertex_inside_atom,0.13081267001224695,0.8650311343005412,1.399999976158142,True,True,-0.7080576419830322,15.03943157196045
AF-Q96DR4-2-F1,25512,vertex_inside_atom,0.16154990885202203,0.8299988311769505,1.399999976158142,True,True,-0.7165324687957764,20.593488693237305
AF-Q96DR4-2-F1,25513,vertex_inside_atom,0.090978400979286,0.9096844517897494,1.399999976158142,True,True,-0.699032723903656,14.864994049072266
AF-Q9BYC8-F1,40696,vertex_inside_atom,1.0495273707011123,0.3465757207361694,1.7000000476837158,True,True,-0.15292465686798096,66.66828918457031
AF-Q9BYC8-F1,40697,vertex_inside_atom,0.8152972231712168,0.9334631986669392,1.7000000476837158,True,False,0.7873528599739075,15.845805168151855
AF-Q9BYC8-F1,40698,vertex_inside_atom,0.5623528254184658,0.8371509271637422,1.7000000476837158,True,True,-0.4101969301700592,14.137585639953613
AF-Q9BYC8-F1,40699,vertex_inside_atom,0.9355785887672904,0.4770293209753988,1.7000000476837158,True,True,-0.22380752861499786,40.50962448120117
AF-Q9BYC8-F1,40700,vertex_inside_atom,1.0658221925894218,0.32575776310659066,1.7000000476837158,True,True,-0.14134185016155243,54.9034423828125
AF-Q9BYC8-F1,40701,vertex_inside_atom,0.7004546213856018,0.709968405340766,1.7000000476837158,True,True,-0.34510475397109985,26.800270080566406
AF-Q9BYC8-F1,40705,concavity_shortcut,0.23937167820330396,1.0005167088691127,1.0,False,False,-0.5553795099258423,0.9915955066680908
AF-Q9BYC8-F1,40706,vertex_inside_atom,0.7148650519762084,0.94582334162566,1.7000000476837158,True,False,0.7017395496368408,13.037956237792969
AF-Q9BYC8-F1,40707,vertex_inside_atom,0.7563157477340342,0.8832793317957537,1.7000000476837158,True,False,0.7349956631660461,19.744892120361328
AF-Q9BYC8-F1,40708,vertex_inside_atom,0.39678615267519657,0.9847665902121626,1.7000000476837158,True,True,-0.4857417941093445,7.350453853607178
AF-Q99207-F1,152515,vertex_inside_atom,0.3720028538773521,0.9809485035802625,1.7000000476837158,True,True,-0.561954140663147,7.492005825042725
AF-Q99207-F1,152516,vertex_inside_atom,0.09630675845735803,1.2598362641775627,1.7000000476837158,True,True,-0.5832193493843079,8.988640785217285
AF-Q99207-F1,152522,vertex_inside_atom,0.5139980760605688,0.5775353920012611,1.0,True,True,0.6012540459632874,26.473995208740234
AF-Q99207-F1,152523,vertex_inside_atom,0.485201999628186,0.5781020714824051,1.7000000476837158,True,False,0.5714033842086792,11.335908889770508
AF-Q99207-F1,152524,vertex_inside_atom,0.7230359592627847,0.580453863658637,1.7000000476837158,True,True,-0.6328369379043579,23.206493377685547
AF-Q99207-F1,152525,vertex_inside_atom,0.5354165891107565,1.007954856437677,1.7000000476837158,True,False,0.3537513017654419,26.294382095336914
AF-Q99207-F1,152526,vertex_inside_atom,0.05745873343130614,1.501037690870757,1.7000000476837158,True,False,0.08404684066772461,21.538896560668945
AF-Q99207-F1,152533,vertex_inside_atom,0.3003359815530888,0.7278775719417632,1.0,True,True,0.39870691299438477,12.052743911743164
AF-Q99207-F1,152534,vertex_inside_atom,0.4610572739682931,0.5623563632935128,1.7000000476837158,True,False,0.5471859574317932,14.744668960571289
AF-Q99207-F1,152535,vertex_inside_atom,0.8836338515387637,0.337788411746919,1.7000000476837158,True,True,-0.8944143056869507,28.906835556030273
AF-Q99207-F1,152536,vertex_inside_atom,1.3025770582953897,0.7243569836305177,1.7000000476837158,True,False,0.9047967791557312,69.67703247070312
AF-Q99207-F1,152537,vertex_inside_atom,0.8779095597235015,1.0101369311133612,1.7000000476837158,True,True,0.5885738730430603,50.45247268676758
AF-Q99207-F1,152538,vertex_inside_atom,0.5078414857823093,1.4318200603256392,1.7000000476837158,True,True,0.6137622594833374,37.801292419433594
AF-Q99207-F1,152539,vertex_inside_atom,0.431761922493616,1.2280527847207463,1.7000000476837158,True,False,0.28942903876304626,25.73520851135254
AF-Q99207-F1,152540,vertex_inside_atom,0.3328125481353241,1.021254353176727,1.7000000476837158,True,True,-0.5642350316047668,13.248600959777832
AF-Q99207-F1,152546,vertex_inside_atom,0.4812510693062033,0.8642595215820472,1.7000000476837158,True,True,-0.565162181854248,4.521085262298584
AF-Q99207-F1,152547,vertex_inside_atom,0.5935763621449901,0.738106260926589,1.7000000476837158,True,True,-0.5814104676246643,22.87255096435547
AF-Q99207-F1,152548,vertex_inside_atom,1.1276774881019183,0.8667992644635456,1.7000000476837158,True,True,0.7775929570198059,55.872039794921875
AF-Q99207-F1,152549,vertex_inside_atom,0.974565285466823,1.073012919537847,1.7000000476837158,True,False,0.928955614566803,61.6246452331543
AF-Q99207-F1,152550,vertex_inside_atom,0.8930734455497944,1.0111064268066852,1.7000000476837158,True,False,0.873833954334259,65.14408111572266
AF-Q99207-F1,152551,vertex_inside_atom,1.1731797694902766,0.8442097037800406,1.7000000476837158,True,True,0.8113421201705933,62.81605529785156
AF-Q99207-F1,152552,vertex_inside_atom,0.7414667247306789,0.5558781972289135,1.7000000476837158,True,True,-0.6472129821777344,26.940046310424805
AF-Q99207-F1,152553,vertex_inside_atom,0.2671300252040897,0.6393689324459177,1.7000000476837158,True,False,0.37393975257873535,1.5823707580566406
AF-Q99207-F1,152554,vertex_inside_atom,0.35429909473584364,0.6908750676943879,1.0,True,True,0.4489539563655853,17.838651657104492
AF-Q99207-F1,152558,vertex_inside_atom,0.10107971790441606,1.2550704298163737,1.7000000476837158,True,True,-0.5827172994613647,3.76359224319458
AF-Q99207-F1,152559,vertex_inside_atom,0.2550684650985571,1.2561554309015461,1.7000000476837158,True,False,0.18866682052612305,11.445789337158203
AF-Q99207-F1,152560,vertex_inside_atom,0.40800224468227153,1.3869522017682296,1.7000000476837158,True,False,0.5495789647102356,25.69679069519043
AF-Q99207-F1,152561,vertex_inside_atom,0.7311374528846881,1.1058834398253243,1.7000000476837158,True,True,0.48312681913375854,43.24501419067383
AF-Q99207-F1,152562,vertex_inside_atom,1.26593127364006,0.8021744488990856,1.7000000476837158,True,True,0.8790960311889648,57.98561096191406
AF-Q99207-F1,152563,vertex_inside_atom,0.8667299763635901,0.3684195441391158,1.7000000476837158,True,True,-0.8377774953842163,30.124666213989258
AF-Q99207-F1,152564,vertex_inside_atom,0.5675920109352963,0.4846411748661902,1.7000000476837158,True,False,0.661895751953125,23.559595108032227
AF-Q99207-F1,152565,vertex_inside_atom,0.5351605901710446,0.5670434136032488,1.0,True,True,0.6270824670791626,22.198246002197266
AF-Q99207-F1,152573,vertex_inside_atom,0.4476573537220996,1.1450716335827669,1.7000000476837158,True,False,0.2990092635154724,16.195730209350586
AF-Q99207-F1,152574,vertex_inside_atom,0.5862332194469433,0.7470138703512588,1.7000000476837158,True,True,-0.5788334012031555,17.332592010498047
AF-Q99207-F1,152575,vertex_inside_atom,0.04737400146564963,0.8110621333287191,1.7000000476837158,True,False,0.21468880772590637,2.40283465385437
AF-Q99207-F1,152583,vertex_inside_atom,0.16682631447105778,1.1897545372864882,1.7000000476837158,True,True,-0.5757207274436951,2.629434823989868
AF-Q9H4X1-2-F1,23189,vertex_inside_atom,0.6416086506694576,0.7649787590918351,1.7000000476837158,True,True,-0.37255918979644775,27.72332763671875
AF-Q9H4X1-2-F1,23190,vertex_inside_atom,0.5909313541339956,0.9590092684685244,1.7000000476837158,True,False,0.6020118594169617,21.790420532226562
AF-Q9H4X1-2-F1,23192,concavity_shortcut,0.22060827180620857,1.0000419315946485,1.0,False,False,-0.5628890991210938,9.60805892944336
AF-Q9H4X1-2-F1,23193,vertex_inside_atom,0.8496826470060537,0.5660232764966258,1.7000000476837158,True,True,-0.26966333389282227,45.69502639770508
AF-Q9H4X1-2-F1,23194,vertex_inside_atom,1.0907737272882172,0.29290362269710646,1.7000000476837158,True,True,-0.12066400051116943,68.78453826904297
AF-Q9H4X1-2-F1,23200,concavity_shortcut,0.03492141431576734,1.0001718282937693,1.0,False,False,0.9626078009605408,14.265127182006836
AF-Q9H4X1-2-F1,23201,vertex_inside_atom,0.9157132349307268,0.5983891614191345,1.7000000476837158,True,False,0.8656843900680542,47.75247573852539
AF-Q9H4X1-2-F1,23202,vertex_inside_atom,0.9003383429304166,0.5141650930001073,1.7000000476837158,True,True,-0.24296456575393677,42.59659957885742
AF-Q9H4X1-2-F1,23203,vertex_inside_atom,0.72699177014802,0.8855525269114375,1.7000000476837158,True,False,0.7114152312278748,23.988977432250977
AF-Q9H4X1-2-F1,23210,concavity_shortcut,0.24883002584595992,1.0005171015797667,1.0,False,False,-0.550829291343689,8.967803001403809
AF-Q9H4X1-2-F1,23211,concavity_shortcut,0.2981907916124338,1.0003370948068302,1.0,False,False,-0.5289738774299622,7.884278297424316
AF-Q9DC48-F1,86670,vertex_inside_atom,0.40250271696355533,1.3809445047805577,1.5,True,True,0.6897935271263123,2.539250373840332
AF-Q9DC48-F1,86671,vertex_inside_atom,0.940341366079396,1.0943802691326308,2.0,True,True,0.2967788577079773,2.3661632537841797
AF-Q9DC48-F1,86672,vertex_inside_atom,1.0630979674766365,0.708576027901306,2.0,True,False,0.37351125478744507,17.980396270751953
AF-Q9DC48-F1,86673,vertex_inside_atom,1.0368671196966892,0.46366531565828323,2.0,True,True,-0.9976591467857361,12.460127830505371
AF-Q9DC48-F1,86684,vertex_inside_atom,0.6596753757507198,1.2281400981665778,1.5,True,True,0.8567757606506348,5.127691745758057
AF-Q9DC48-F1,86685,vertex_inside_atom,0.801014875428791,1.022931255011289,2.0,True,False,0.9483634829521179,42.234718322753906
AF-Q9DC48-F1,86686,vertex_inside_atom,1.8123430958482905,0.5722110442242586,2.0,True,True,0.9476173520088196,11.174033164978027
AF-Q9DC48-F1,86687,vertex_inside_atom,1.3409185766130023,0.804320508357969,2.0,True,True,0.5750272274017334,27.563772201538086
AF-Q9DC48-F1,86698,concavity_shortcut,0.43845857014681044,1.4983221885444995,0.0,False,False,0.8970268964767456,21.50522804260254
AF-Q9DC48-F1,86699,vertex_inside_atom,0.5597322386383323,1.4299086479865848,1.5,True,False,0.972016453742981,0.8752599358558655
AF-Q9DC48-F1,86708,vertex_inside_atom,0.16739182360816462,1.3871455132139547,1.850000023841858,True,True,-0.4736328423023224,11.119378089904785
AF-Q9DC48-F1,86717,concavity_shortcut,0.26253474637338714,1.180145179311979,0.0,False,False,0.9950279593467712,30.91386604309082
AF-Q9DC48-F1,86725,vertex_inside_atom,0.1048523799308052,1.447856207485009,1.850000023841858,True,True,-0.48308682441711426,11.097280502319336
AF-Q9DC48-F1,86726,vertex_inside_atom,0.22765539441266847,1.3283120126661958,1.850000023841858,True,True,-0.4647615849971771,13.348246574401855
AF-Q9DC48-F1,86727,vertex_inside_atom,0.6899894085879197,0.857821007121669,1.850000023841858,True,True,-0.41943860054016113,45.172096252441406
AF-Q9DC48-F1,86728,vertex_inside_atom,0.3616254327418973,1.1962488654740187,1.850000023841858,True,True,-0.44639670848846436,20.005203247070312
AF-Q9DC48-F1,86743,vertex_inside_atom,0.149366486849424,1.4047975186795796,1.850000023841858,True,True,-0.47609537839889526,12.723196983337402
AF-Q9DC48-F1,86744,vertex_inside_atom,0.5443544307317758,1.011436140851665,1.850000023841858,True,True,-0.4266960620880127,34.017391204833984
AF-Q9DC48-F1,86745,vertex_inside_atom,0.7679505159783047,0.771668461109031,1.850000023841858,True,True,-0.4213167428970337,56.33458709716797
AF-Q9DC48-F1,86746,vertex_inside_atom,1.035400298974694,0.43574075303812465,1.850000023841858,True,True,-0.5132604837417603,96.6152572631836
AF-Q9DC48-F1,86747,vertex_inside_atom,0.5849667950596091,0.9689987241197359,1.850000023841858,True,True,-0.4245515465736389,34.7605094909668
AF-Q9DC48-F1,86759,vertex_inside_atom,0.19054533491633285,1.3648524515885039,1.850000023841858,True,True,-0.469657301902771,11.379965782165527
AF-Q9DC48-F1,86760,vertex_inside_atom,0.7152518114567861,0.8302054711525345,1.850000023841858,True,True,-0.4196292459964752,50.34457778930664
AF-Q9DC48-F1,86761,vertex_inside_atom,1.1057826174616447,0.3194810334618116,1.850000023841858,True,True,-0.6317405104637146,107.66693115234375
AF-Q9DC48-F1,86762,vertex_inside_atom,0.9278674300874428,0.5824666709230295,1.850000023841858,True,True,-0.4480948746204376,58.24142837524414
AF-Q9DC48-F1,86772,vertex_inside_atom,0.4489586466630524,1.108856728658502,1.850000023841858,True,True,-0.4358958601951599,20.476192474365234
AF-Q9DC48-F1,86773,vertex_inside_atom,0.9105644376025956,0.6043688548462447,1.850000023841858,True,True,-0.44223129749298096,66.5602798461914
AF-Q9DC48-F1,86774,vertex_inside_atom,1.5533702879777653,0.8393267009541966,2.0,True,True,0.899482786655426,70.6202163696289
AF-Q9DC48-F1,86775,vertex_inside_atom,1.3933730688208306,0.9160859025029826,2.0,True,True,0.7873508930206299,56.66633224487305
AF-Q9DC48-F1,86779,vertex_inside_atom,1.056704084330983,1.1209390907718153,2.0,True,True,0.5502200126647949,14.522820472717285
AF-Q9JJ78-F1,47315,concavity_shortcut,0.23563047251039704,1.0,1.0,False,False,-0.5569475293159485,1.0089837312698364
AF-Q9JJ78-F1,47316,vertex_inside_atom,0.8269627651624327,0.5880557726213603,1.7000000476837158,True,True,-0.2828443646430969,33.690589904785156
AF-Q9JJ78-F1,47317,vertex_inside_atom,0.4875330903196129,0.9043230575820671,1.7000000476837158,True,True,-0.44481217861175537,9.88521671295166
AF-Q9JJ78-F1,47321,vertex_inside_atom,1.1208816199146407,0.24786513182287034,1.7000000476837158,True,True,-0.09670748561620712,61.22685241699219
AF-Q9JJ78-F1,47322,vertex_inside_atom,0.9967044039929573,0.42005694361195306,1.7000000476837158,True,False,0.9225281476974487,56.55369186401367
AF-Q9JJ78-F1,47327,vertex_inside_atom,0.912907546735119,0.8664798974878005,1.7000000476837158,True,False,0.863149106502533,21.577157974243164
AF-Q9JJ78-F1,47328,vertex_inside_atom,0.6866292092025799,0.7228176294947379,1.7000000476837158,True,True,-0.3520728647708893,19.798269271850586
AF-Q9JJ78-F1,47329,vertex_inside_atom,0.6046886188851004,0.7984209652880107,1.7000000476837158,True,True,-0.39098453521728516,20.3775634765625
AF-Q9JJ78-F1,47334,concavity_shortcut,0.2643062769149187,1.0001213100439135,1.0,False,False,-0.5444463491439819,3.7759335041046143
AF-Q9HCS4-F1,131642,vertex_inside_atom,1.4983100788976622,0.9300044787560412,2.0,True,True,0.9283071756362915,5.666882514953613
AF-Q9HCS4-F1,131645,vertex_inside_atom,0.1379906753708504,0.8462024706402381,1.399999976158142,True,True,-0.7403370141983032,19.478483200073242
AF-Q9HCS4-F1,131650,vertex_inside_atom,1.0739567177750597,0.5852787077737661,2.0,True,True,-0.4526975452899933,4.320831298828125
AF-Q9HCS4-F1,131651,vertex_inside_atom,1.3198227965704352,0.5869854261974949,2.0,True,False,0.8040900826454163,11.495457649230957
AF-Q9HCS4-F1,131655,vertex_inside_atom,0.15671180064866763,0.8245602145971277,1.399999976158142,True,True,-0.7469165325164795,15.806499481201172
AF-Q9HCS4-F1,131656,vertex_inside_atom,0.38309278983822037,0.5333524858616235,1.399999976158142,True,True,-0.9369778037071228,33.60844421386719
AF-Q9HCS4-F1,131657,vertex_inside_atom,0.2774084019006611,0.6775104759925555,1.399999976158142,True,True,-0.8135660290718079,24.315998077392578
AF-Q9HCS4-F1,131664,vertex_inside_atom,1.3088828643269474,0.22081146097358856,2.0,True,True,-0.8095749616622925,12.418959617614746
AF-Q9HCS4-F1,131670,vertex_inside_atom,0.0995136910746881,0.8900385688963643,1.399999976158142,True,True,-0.7291483879089355,11.972916603088379
AF-Q9HCS4-F1,131671,vertex_inside_atom,0.3349708075736717,0.6017255565549202,1.399999976158142,True,True,-0.8679701685905457,35.646697998046875
AF-Q9HCS4-F1,131672,vertex_inside_atom,0.2910393991386957,0.660280787019642,1.399999976158142,True,True,-0.8236854076385498,26.429737091064453
AF-Q9HCS4-F1,131686,vertex_inside_atom,0.044578908766468084,0.9512467896385638,1.399999976158142,True,True,-0.717331051826477,9.650165557861328
AF-Q9HCS4-F1,131687,vertex_inside_atom,0.009793983732286016,0.9893268050010691,1.399999976158142,True,True,-0.7115370035171509,7.085746765136719
AF-Q9HCS4-F1,131716,vertex_inside_atom,0.21016873903108357,0.7584685538630556,1.0,True,True,0.2657681405544281,22.689701080322266
AF-Q9HCS4-F1,131717,vertex_inside_atom,0.1323981901750655,0.8215268474169558,1.0,True,True,0.20965901017189026,15.647905349731445
AF-Q9HCS4-F1,131719,vertex_inside_atom,0.13824551036388444,0.9882959016808428,1.5,True,True,-0.6350299715995789,6.078819274902344
AF-Q9HCS4-F1,131720,vertex_inside_atom,0.0689596277660447,0.864721373632345,1.0,True,True,0.15144579112529755,3.7211174964904785
AF-Q9HCS4-F1,131721,vertex_inside_atom,0.6237481016880588,0.4326454905393874,1.0,True,True,0.6833963990211487,91.46746063232422
AF-Q9HCS4-F1,131722,vertex_inside_atom,0.38292459300895343,0.6095970108949517,1.0,True,True,0.39513757824897766,44.992374420166016
AF-Q9HCS4-F1,131726,vertex_inside_atom,0.4598567477445562,0.5649359451379943,1.0,True,True,0.4912760555744171,51.90522384643555
AF-Q9HCS4-F1,131727,vertex_inside_atom,0.7252584245646028,0.3896141616236074,1.0,True,True,0.837830126285553,114.44577026367188
AF-Q9HCS4-F1,131728,vertex_inside_atom,0.08813561808302883,0.5874570364331038,1.5,True,False,0.18036167323589325,10.899225234985352
AF-Q9HCS4-F1,131729,vertex_inside_atom,0.3730358802444459,0.5138067581971135,1.5,True,False,0.3864409327507019,20.992523193359375
AF-Q9HCS4-F1,131730,vertex_inside_atom,0.2645741795290961,0.6060372190737919,1.5,True,False,0.29087430238723755,23.104206085205078
AF-Q9HCS4-F1,131732,vertex_inside_atom,0.26666257603623433,0.4233439841084822,1.5,True,False,0.30982810258865356,19.36075782775879
AF-Q9LDE1-F1,67577,vertex_inside_atom,0.7154244460309818,1.3057113936036802,2.0,True,True,0.23344258964061737,8.827017784118652
AF-Q9LDE1-F1,67578,vertex_inside_atom,0.6474371421136536,1.2964663594359385,1.7000000476837158,True,True,0.6348007917404175,18.341094970703125
AF-Q9LDE1-F1,67579,vertex_inside_atom,0.5866371009777925,1.0847550952667142,1.399999976158142,True,True,0.7053249478340149,70.2942123413086
AF-Q9LDE1-F1,67584,vertex_inside_atom,1.240128180664633,0.919843236023508,2.0,True,True,0.5639073848724365,1.5567365884780884
AF-Q9LDE1-F1,67585,vertex_inside_atom,1.524817107293166,0.7513992962397934,2.0,True,True,0.7836817502975464,39.29771423339844
AF-Q9LDE1-F1,67586,vertex_inside_atom,1.14440266280879,1.0201460987776867,1.7000000476837158,True,True,0.9626160264015198,126.61278533935547
AF-Q9LDE1-F1,67587,vertex_inside_atom,0.7244766761560433,1.0061788902644453,1.399999976158142,True,True,0.801112949848175,34.06610107421875
AF-Q9LDE1-F1,67588,vertex_inside_atom,0.9367699587678944,0.9048582468960592,1.399999976158142,True,True,0.9440624117851257,171.2342987060547
AF-Q9LDE1-F1,67589,concavity_shortcut,0.30851741132984745,1.1784620776543722,0.0,False,False,0.5209701657295227,36.73423385620117
AF-Q9LDE1-F1,67597,vertex_inside_atom,1.3469251001025881,0.7150216800523932,2.0,True,False,0.644060492515564,0.36070090532302856
AF-Q9LDE1-F1,67598,vertex_inside_atom,1.496586699413586,0.7659638272313495,2.0,True,True,0.761566162109375,18.310394287109375
AF-Q9LDE1-F1,67599,vertex_inside_atom,0.6164941740515286,1.1635331696232107,2.0,True,False,0.6145040392875671,48.0067138671875
AF-Q9LDE1-F1,67600,vertex_inside_atom,0.7362855611869674,1.2396090601579872,1.7000000476837158,True,True,0.6920833587646484,52.46600341796875
AF-Q9LDE1-F1,67601,vertex_inside_atom,0.2807114291737334,1.284212950745779,1.399999976158142,True,True,0.5033119320869446,22.454526901245117
AF-Q9LDE1-F1,67602,vertex_inside_atom,0.3212151406646191,1.2562345164090565,1.399999976158142,True,True,0.5288856625556946,43.384708404541016
AF-Q9LDE1-F1,67611,vertex_inside_atom,0.9795706192141491,0.5550910804727546,2.0,True,True,-0.8706215620040894,0.8191914558410645
AF-Q9LDE1-F1,67627,vertex_inside_atom,0.9539461682737174,1.02151873729629,2.0,True,False,0.2879382073879242,0.9126127362251282
AF-Q9LDE1-F1,67628,vertex_inside_atom,1.5581732302292208,0.6590596887259613,2.0,True,True,0.7420600652694702,0.05258869007229805
AF-Q9LDE1-F1,67629,vertex_inside_atom,1.366410086663857,0.7739549898035455,2.0,True,True,0.5782852172851562,0.23004229366779327
AF-Q9LDE1-F1,67647,concavity_shortcut,1.0022146259787146,1.2453118692103609,0.0,False,False,0.8187178373336792,1.1855298280715942
AF-Q9LDE1-F1,67648,vertex_inside_atom,1.190101825231252,0.965842618352701,2.0,True,False,0.939852774143219,0.02448108233511448
AF-Q9LDE1-F1,67649,vertex_inside_atom,1.5828251110401323,0.6466234142184402,2.0,True,True,0.7639083862304688,0.4810889661312103
AF-Q9LQX5-F1,78333,vertex_inside_atom,0.03921883194889131,1.3508250212574855,1.7000000476837158,True,False,0.07582850009202957,7.571052551269531
AF-Q9LQX5-F1,78334,vertex_inside_atom,0.06350129391615189,1.2918702202681758,1.7000000476837158,True,True,-0.5875664949417114,2.8026490211486816
AF-Q9LQX5-F1,78335,vertex_inside_atom,0.4609114562798926,0.8862752919108178,1.7000000476837158,True,True,-0.563869833946228,16.847272872924805
AF-Q9LQX5-F1,78336,vertex_inside_atom,0.7961760418890925,1.0602865817852325,1.7000000476837158,True,False,0.5304756760597229,32.547576904296875
AF-Q9LQX5-F1,78337,vertex_inside_atom,0.22032697953259572,1.488524453943627,1.7000000476837158,True,False,0.43718013167381287,19.250530242919922
AF-Q9LQX5-F1,78342,vertex_inside_atom,0.8223138810087096,0.4413826717122943,1.7000000476837158,True,True,-0.7373373508453369,20.138748168945312
AF-Q9LQX5-F1,78343,vertex_inside_atom,1.198328515158717,0.6056618782592806,1.7000000476837158,True,False,0.830896258354187,56.538299560546875
AF-Q9LQX5-F1,78344,vertex_inside_atom,1.2106109117009234,0.8276316861114628,1.7000000476837158,True,True,0.840374767780304,76.1948013305664
AF-Q9LQX5-F1,78345,vertex_inside_atom,0.938348166589298,1.1863848832490969,1.7000000476837158,True,True,0.9081765413284302,56.34613037109375
AF-Q9LQX5-F1,78346,vertex_inside_atom,0.5470777597784497,1.235479684104987,1.7000000476837158,True,True,0.36198925971984863,29.38203239440918
AF-Q9LQX5-F1,78352,vertex_inside_atom,0.06881947310117431,0.9084145904435754,1.0,True,True,0.228988915681839,3.4582788944244385
AF-Q9LQX5-F1,78353,vertex_inside_atom,0.7506520695050314,0.4512566857011427,1.0,True,True,0.8674720525741577,38.81450653076172
AF-Q9LQX5-F1,78354,vertex_inside_atom,0.2830505073172017,0.39363247659091843,1.7000000476837158,True,False,0.38866543769836426,3.7573764324188232
AF-Q9LQX5-F1,78355,vertex_inside_atom,0.7332782780234836,0.6128713237882604,1.7000000476837158,True,False,0.4863555133342743,28.83759117126465
AF-Q9LQX5-F1,78356,vertex_inside_atom,0.9058621927921264,0.993592534694295,1.7000000476837158,True,True,0.6104801893234253,40.122161865234375
AF-Q9LQX5-F1,78357,vertex_inside_atom,0.7999964559111528,1.2539859956450259,1.7000000476837158,True,False,0.8141447305679321,47.7158088684082
AF-Q9LQX5-F1,78358,vertex_inside_atom,0.9889641631620665,0.9429787459672616,1.7000000476837158,True,True,0.6719019412994385,61.86233139038086
AF-Q9LQX5-F1,78359,vertex_inside_atom,1.2600867798956734,0.8050345950931364,1.7000000476837158,True,True,0.875129222869873,63.826499938964844
AF-Q9LQX5-F1,78360,vertex_inside_atom,0.5404136791622189,0.8535356562119092,1.7000000476837158,True,False,0.3574927747249603,21.63031768798828
AF-Q9LQX5-F1,78361,vertex_inside_atom,0.18751074256125833,1.1689817858503215,1.7000000476837158,True,True,-0.5740965604782104,4.9593281745910645
AF-Q9LQX5-F1,78368,vertex_inside_atom,0.35619267591562,0.6898335660258843,1.0,True,True,0.4513263702392578,13.620373725891113
AF-Q9LQX5-F1,78369,vertex_inside_atom,0.29556060755504043,0.7340506134565253,1.0,True,True,0.3989179730415344,10.426712036132812
AF-Q9LQX5-F1,78370,vertex_inside_atom,0.4715047896760809,0.8750167680892065,1.7000000476837158,True,True,-0.5637784600257874,9.639150619506836
AF-Q9LQX5-F1,78371,vertex_inside_atom,0.24291080096622264,1.113654549454733,1.7000000476837158,True,True,-0.5682958960533142,14.169008255004883
AF-Q9LQX5-F1,78372,vertex_inside_atom,0.10717067947560421,1.4610551552933921,1.7000000476837158,True,False,0.11087093502283096,13.577441215515137
AF-Q9LQX5-F1,78373,vertex_inside_atom,0.19249080814299413,1.5018512201646903,1.7000000476837158,True,True,0.15498530864715576,21.069866180419922
AF-Q9LQX5-F1,78374,vertex_inside_atom,0.8641153103323415,1.018972758527715,1.7000000476837158,True,True,0.578639030456543,41.21902084350586
AF-Q9LQX5-F1,78375,vertex_inside_atom,1.0797700269442962,0.5608606776261479,1.7000000476837158,True,False,0.7409836053848267,55.118465423583984
AF-Q9LQX5-F1,78376,vertex_inside_atom,0.846822192683424,0.4022055107252786,1.7000000476837158,True,True,-0.7865413427352905,22.12382698059082
AF-Q9LQX5-F1,78386,vertex_inside_atom,0.0038982850653430656,1.3497241043009036,1.7000000476837158,True,True,-0.5962520837783813,2.256474256515503
AF-Q9LQX5-F1,78390,vertex_inside_atom,0.29637315743502546,1.0587428951309334,1.7000000476837158,True,True,-0.5659699440002441,13.872485160827637
AF-Q9LQX5-F1,78391,vertex_inside_atom,0.7099016534514555,0.5965438209676274,1.7000000476837158,True,True,-0.6276399493217468,18.02252960205078
AF-Q9LQX5-F1,78392,vertex_inside_atom,0.5165513658636842,0.45063189355079725,1.7000000476837158,True,False,0.6040416955947876,17.65699005126953
AF-Q9LQX5-F1,78393,vertex_inside_atom,0.5480965489890798,0.5554433203628014,1.0,True,True,0.6377438306808472,23.33342170715332
AF-Q9LQX5-F1,78401,vertex_inside_atom,0.060876008737457354,1.2942003708289003,1.7000000476837158,True,True,-0.5886417627334595,4.31406831741333
AF-Q9LQX5-F1,78403,vertex_inside_atom,0.43447773025561987,0.6309626254396448,1.0,True,True,0.5205042362213135,22.422958374023438
AF-Q9LQX5-F1,78404,vertex_inside_atom,0.22286924769574457,0.7858046713830836,1.0,True,True,0.33539342880249023,9.652445793151855
AF-Q9NAD6-F1,108605,vertex_inside_atom,0.9275500565421311,0.7016740190790368,1.7000000476837158,True,False,0.8660483956336975,38.58375549316406
AF-Q9NAD6-F1,108606,vertex_inside_atom,0.7704822280697988,0.9008650299387324,1.7000000476837158,True,False,0.7421590089797974,19.710020065307617
AF-Q9NAD6-F1,108607,vertex_inside_atom,1.123315359848299,0.23618594631856776,1.7000000476837158,True,True,-0.1132979542016983,68.46215057373047
AF-Q9NAD6-F1,108608,vertex_inside_atom,0.8615334339953133,0.5502363494399914,1.7000000476837158,True,True,-0.2730554938316345,35.58706283569336
AF-Q9NAD6-F1,108609,concavity_shortcut,0.2636800245147797,1.0000414236642317,1.0,False,False,-0.5488364696502686,7.4275712966918945
AF-Q9NAD6-F1,108612,vertex_inside_atom,0.5144220135082844,0.8780989262097516,1.7000000476837158,True,True,-0.4378505349159241,12.595367431640625
AF-Q9NAD6-F1,108613,vertex_inside_atom,0.8514547333652964,0.560177999974911,1.7000000476837158,True,True,-0.27859559655189514,42.15995788574219
AF-Q9NAD6-F1,108614,vertex_inside_atom,0.9816874597687435,0.6552143622948954,1.7000000476837158,True,False,0.9131639003753662,49.248050689697266
AF-Q9NAD6-F1,108615,concavity_shortcut,0.3424551060179566,1.0001712591072134,1.0,False,False,-0.5144306421279907,11.12321949005127
AF-Q9NAD6-F1,108622,concavity_shortcut,0.27328993034442206,1.0003377048999187,1.0,False,False,0.35372698307037354,5.627352237701416
AF-Q9NAD6-F1,108623,concavity_shortcut,0.008299032389587735,1.000514301487876,1.0,False,False,0.9367927312850952,1.1226494312286377
AF-Q9NL40-F1,141571,concavity_shortcut,0.3101722738548873,1.0,1.0,False,False,-0.5240568518638611,2.2951533794403076
AF-Q9NL40-F1,141572,vertex_inside_atom,0.8366628599852248,0.5784997801125729,1.7000000476837158,True,True,-0.277671217918396,29.576684951782227
AF-Q9NL40-F1,141576,vertex_inside_atom,0.9442560563010534,0.7525816067115657,1.7000000476837158,True,False,0.8828779458999634,28.18686866760254
AF-Q9NL40-F1,141577,vertex_inside_atom,0.9782900187358065,0.43032183296916354,1.7000000476837158,True,True,-0.1991947591304779,62.59310531616211
AF-Q9NL40-F1,141578,concavity_shortcut,0.408789313279458,1.0001209062120306,1.0,False,False,0.4625290632247925,8.726874351501465
AF-Q9NL40-F1,141583,vertex_inside_atom,0.7227015808384826,0.8642512503725437,1.7000000476837158,True,False,0.7080262899398804,17.361122131347656
AF-Q9NL40-F1,141584,vertex_inside_atom,1.1014501283317468,0.2767566423759731,1.7000000476837158,True,True,-0.11420491337776184,60.97677230834961
AF-Q9NL40-F1,141585,vertex_inside_atom,0.7661471058339818,0.8567153604245563,1.7000000476837158,True,False,0.7481794953346252,17.452272415161133
AF-Q9NL40-F1,141589,concavity_shortcut,0.22105895732069558,1.000337252109563,1.0,False,False,-0.5634601712226868,1.5298354625701904
AF-Q9NL40-F1,141590,vertex_inside_atom,0.6130600772886605,0.7908088061956942,1.7000000476837158,True,True,-0.3869444727897644,16.347719192504883
AF-Q9SX62-F1,108268,vertex_inside_atom,0.9651552571260391,1.10362861972675,2.0,True,True,0.35986337065696716,7.134575366973877
AF-Q9SX62-F1,108277,vertex_inside_atom,1.4386981120411209,1.0487978371447968,2.0,True,True,0.9867650270462036,6.7897515296936035
AF-Q9SX62-F1,108278,vertex_inside_atom,1.5509766512349572,0.7224889387189711,2.0,True,True,0.789447546005249,5.626899719238281
AF-Q9SX62-F1,108279,vertex_inside_atom,1.5143086009594788,0.7410680813114147,2.0,True,True,0.760175883769989,4.21273946762085
AF-Q9SX62-F1,108280,vertex_inside_atom,1.0217989583376172,0.4874144728071458,2.0,True,True,-0.9628453850746155,2.315295934677124
AF-Q9SX62-F1,108294,vertex_inside_atom,1.2018705740551625,0.9327768010995672,2.0,True,True,0.5179358720779419,1.53300940990448
AF-Q9SX62-F1,108344,concavity_shortcut,0.11676347101518081,1.4832293447387166,0.0,False,False,0.8002610206604004,54.644500732421875
AF-Q9SX62-F1,108345,concavity_shortcut,0.34333378867121644,1.4944662497817565,0.0,False,False,0.9413484334945679,63.767250061035156
AF-Q9SX62-F1,108361,inward_normal,0.2949317791666326,1.5409539824713232,1.399999976158142,False,True,0.9107296466827393,58.27229309082031
AF-Q9SX62-F1,108362,concavity_shortcut,0.03906070756594682,1.5311757657963676,0.0,False,False,0.7527099847793579,22.270008087158203
AF-Q9VNS0-2-F1,78791,vertex_inside_atom,0.2593178357686572,0.7488021769062024,1.0,True,True,0.3500887453556061,15.4207124710083
AF-Q9VNS0-2-F1,78798,vertex_inside_atom,0.37962095764078974,0.6586598317361098,1.0,True,True,0.45408162474632263,16.426246643066406
AF-Q9VNS0-2-F1,78799,vertex_inside_atom,0.7991378979343399,0.40925050903102955,1.0,True,True,0.9214224219322205,35.19606399536133
AF-Q9VNS0-2-F1,78800,vertex_inside_atom,0.06452468348399076,0.9006775333376491,1.7000000476837158,True,False,0.20786677300930023,3.149667978286743
AF-Q9VNS0-2-F1,78810,vertex_inside_atom,0.08366300849432484,0.6185906694865124,1.7000000476837158,True,False,0.22119200229644775,5.050069332122803
AF-Q9VNS0-2-F1,78811,vertex_inside_atom,0.20354958626432806,0.30619603737375706,1.7000000476837158,True,False,0.3058100938796997,10.53354263305664
AF-Q9VNS0-2-F1,78812,vertex_inside_atom,0.6595368794412189,0.660492520585479,1.7000000476837158,True,True,-0.600001335144043,11.927556037902832
AF-Q9VNS0-2-F1,78813,vertex_inside_atom,0.19010921850901652,1.1671874584247528,1.7000000476837158,True,True,-0.572020947933197,2.6603610515594482
AF-Q9VNS0-2-F1,78825,vertex_inside_atom,0.14695980030452072,1.2096821374537814,1.7000000476837158,True,True,-0.5775638222694397,2.710768222808838
AF-Q9VNS0-2-F1,78826,vertex_inside_atom,0.5735916541855957,0.7621645024030254,1.7000000476837158,True,True,-0.5748259425163269,17.690698623657227
AF-Q9VNS0-2-F1,78827,vertex_inside_atom,1.1048697425895393,0.5403668435894923,1.7000000476837158,True,False,0.7583368420600891,43.74026107788086
AF-Q9VNS0-2-F1,78828,vertex_inside_atom,0.8806179599163462,0.7965492339440413,1.7000000476837158,True,False,0.5888522863388062,30.7082462310791
AF-Q9VNS0-2-F1,78829,vertex_inside_atom,0.1988567767610998,1.2492265108664296,1.7000000476837158,True,False,0.15667763352394104,7.43609094619751
AF-Q9VNS0-2-F1,78836,vertex_inside_atom,0.2670138894982822,0.746970569503615,1.0,True,True,0.36237820982933044,12.742779731750488
AF-Q9VNS0-2-F1,78842,vertex_inside_atom,0.5329281987257815,1.1885200334422361,1.7000000476837158,True,False,0.35088902711868286,17.387495040893555
AF-Q9VNS0-2-F1,78843,vertex_inside_atom,1.2438941773268228,0.810292101207114,1.7000000476837158,True,True,0.8620261549949646,55.57623291015625
AF-Q9VNS0-2-F1,78844,vertex_inside_atom,0.9766394386436306,0.9487627212019836,1.7000000476837158,True,True,0.6607052087783813,41.111183166503906
AF-Q9VNS0-2-F1,78845,vertex_inside_atom,0.23614887537601503,1.495704192544368,1.7000000476837158,True,False,0.4213576912879944,13.380346298217773
AF-Q9VNS0-2-F1,78848,vertex_inside_atom,0.23150554327372141,1.1256865489295071,1.7000000476837158,True,True,-0.5677508115768433,3.060920000076294
AF-Q9VNS0-2-F1,78849,vertex_inside_atom,0.07117353858523756,0.8994569979393003,1.0,True,True,0.21823886036872864,6.334746360778809
AF-Q9VNS0-2-F1,78850,vertex_inside_atom,0.5793989589052431,0.5285168551033661,1.0,True,True,0.6666213274002075,29.226640701293945
AF-Q9VNS0-2-F1,78851,vertex_inside_atom,0.35381026134218185,0.6821347760971018,1.0,True,True,0.4365672767162323,11.616917610168457
AF-Q9VNS0-2-F1,78852,vertex_inside_atom,0.3238177331727443,1.0316895142454487,1.7000000476837158,True,True,-0.5615638494491577,1.7527436017990112
AF-Q9VNS0-2-F1,78853,vertex_inside_atom,0.003804459652063441,1.350626667302739,1.7000000476837158,True,True,-0.5944064855575562,1.1713889837265015
AF-Q9VNS0-2-F1,78855,vertex_inside_atom,0.16008444570960623,1.656543423104773,1.7000000476837158,True,True,0.375991553068161,8.947478294372559
AF-Q9VNS0-2-F1,78856,vertex_inside_atom,0.8720150233090774,1.2010211544510039,1.7000000476837158,True,True,0.838407576084137,30.02934455871582
AF-Q9VNS0-2-F1,78857,vertex_inside_atom,1.0354112337149517,1.1198021189505472,1.7000000476837158,True,True,0.9486775994300842,33.43338394165039
AF-Q9VNS0-2-F1,78858,vertex_inside_atom,0.5839366982971439,1.218063714124166,1.7000000476837158,True,True,0.4007416367530823,20.552946090698242
AF-Q9VNS0-2-F1,78859,vertex_inside_atom,0.4996000263805851,0.9859644739076316,1.7000000476837158,True,False,0.34707385301589966,14.813155174255371
AF-Q9VNS0-2-F1,78860,vertex_inside_atom,0.6751814221568082,0.6424289464143477,1.7000000476837158,True,True,-0.6031357049942017,12.52219009399414
AF-Q9VNS0-2-F1,78861,vertex_inside_atom,0.5027708849100943,0.47451543632541204,1.7000000476837158,True,False,0.5829123854637146,14.004961967468262
AF-Q9VNS0-2-F1,78862,vertex_inside_atom,0.7899028900807885,0.4913577965595452,1.7000000476837158,True,True,-0.6852511763572693,18.0832462310791
AF-Q9VNS0-2-F1,78863,vertex_inside_atom,0.4058558590048018,0.9463779283858355,1.7000000476837158,True,True,-0.5590433478355408,12.520563125610352
AF-Q9VNS0-2-F1,78864,vertex_inside_atom,0.5596589098648199,1.219879413305548,1.7000000476837158,True,False,0.38564276695251465,16.497068405151367
AF-Q9VNS0-2-F1,78865,vertex_inside_atom,1.012300200347147,0.9419337950214263,1.7000000476837158,True,True,0.705410897731781,31.72307586669922
AF-Q9VNS0-2-F1,78866,vertex_inside_atom,1.3090259562220372,0.7998359628237589,1.7000000476837158,True,True,0.9214269518852234,30.979291915893555
AF-Q9VNS0-2-F1,78867,vertex_inside_atom,0.8882863225046601,0.42420491444284314,1.7000000476837158,True,False,0.6127011775970459,31.5511417388916
AF-Q9VNS0-2-F1,78868,vertex_inside_atom,1.1137030930140068,0.7578465658776997,1.7000000476837158,True,False,0.7812976241111755,27.423686981201172
AF-Q9UK96-F1,133965,vertex_inside_atom,0.2510110965524268,1.090400518844188,1.7000000476837158,True,True,-0.6057809591293335,7.716317176818848
AF-Q9UK96-F1,133966,vertex_inside_atom,0.40371804492276286,0.9300308905461916,1.7000000476837158,True,True,-0.6078701019287109,4.425616264343262
AF-Q9UK96-F1,133967,vertex_inside_atom,0.8188175875652228,1.197863663640407,1.7000000476837158,True,False,0.44368886947631836,5.980169296264648
AF-Q9UK96-F1,133976,vertex_inside_atom,0.10375311041408564,1.501875374951527,1.7000000476837158,True,True,-0.028215378522872925,10.63857364654541
AF-Q9UK96-F1,133977,vertex_inside_atom,0.6054401442851902,1.1012515401537182,1.7000000476837158,True,True,0.24046632647514343,16.790119171142578
AF-Q9UK96-F1,133978,vertex_inside_atom,0.5674408703506466,0.7466181268418827,1.7000000476837158,True,True,-0.6366031765937805,19.45581817626953
AF-Q9UK96-F1,133979,vertex_inside_atom,0.7693559696081829,0.4853108481591008,1.7000000476837158,True,True,-0.7842797040939331,11.707959175109863
AF-Q9UK96-F1,133980,vertex_inside_atom,1.5162423140340384,0.7559297966354454,1.7000000476837158,True,False,0.9296528100967407,35.235076904296875
AF-Q9UK96-F1,133981,vertex_inside_atom,1.1451541555816251,1.1024109970074076,2.0,True,True,0.6663095355033875,15.736454963684082
AF-Q9UK96-F1,133982,concavity_shortcut,0.931771984745047,1.468468274356095,1.0,False,False,0.9286673069000244,1.140135645866394
AF-Q9UK96-F1,133990,vertex_inside_atom,0.17576361861832335,0.9679199652059849,1.5,True,True,-0.5852788686752319,15.383260726928711
AF-Q9UK96-F1,133991,vertex_inside_atom,0.6409732543726234,1.0768659214958984,1.5,True,False,0.29530686140060425,26.394062042236328
AF-Q9UK96-F1,133992,vertex_inside_atom,0.782935793652066,0.9884240165659415,1.7000000476837158,True,True,0.3904246389865875,30.331798553466797
AF-Q9UK96-F1,133993,vertex_inside_atom,1.343937091905318,0.6205396985098145,1.7000000476837158,True,True,0.8187721967697144,32.515594482421875
AF-Q9UK96-F1,133994,vertex_inside_atom,1.0681020515625823,0.6937273623023903,1.7000000476837158,True,False,0.5775589942932129,28.86578941345215
AF-Q9UK96-F1,133995,vertex_inside_atom,0.8252739052390768,0.39653728586540193,1.7000000476837158,True,True,-0.9025382399559021,21.67987632751465
AF-Q9UK96-F1,133996,vertex_inside_atom,1.2473963327176747,0.6460568920085445,1.7000000476837158,True,False,0.7401106357574463,3.3203299045562744
AF-Q9UK96-F1,133997,vertex_inside_atom,1.1649831522945204,1.0905699636068629,2.0,True,True,0.6803971529006958,9.955793380737305
AF-Q9UK96-F1,133998,vertex_inside_atom,0.2550302646785694,1.5266360625463855,2.0,True,False,0.7885642051696777,9.255072593688965
AF-Q9UK96-F1,133999,concavity_shortcut,0.5701159240065192,1.240297310242113,1.0,False,False,0.9949406385421753,17.920795440673828
AF-Q9UK96-F1,134005,vertex_inside_atom,0.04919166500329142,0.9346994919124797,1.0,True,True,0.23492221534252167,11.389192581176758
AF-Q9UK96-F1,134006,vertex_inside_atom,0.31476970737170373,0.73337289568851,1.0,True,True,0.4343299865722656,49.92443084716797
AF-Q9UK96-F1,134007,vertex_inside_atom,0.5645845708249188,0.5083001669875891,1.5,True,True,-0.7208400964736938,29.666044235229492
AF-Q9UK96-F1,134008,vertex_inside_atom,1.1071882809178026,0.6936427132137024,1.5,True,False,0.6433038711547852,47.770809173583984
AF-Q9UK96-F1,134009,vertex_inside_atom,1.4337391082127249,0.6182734404502281,1.7000000476837158,True,True,0.9078460931777954,42.63753128051758
AF-Q9UK96-F1,134010,vertex_inside_atom,1.1362795110359776,0.7297736110514792,1.7000000476837158,True,True,0.6366092562675476,33.76005935668945
AF-Q9UK96-F1,134011,vertex_inside_atom,0.9316934080777126,0.8614872048607429,1.7000000476837158,True,True,0.4664956331253052,23.941364288330078
AF-Q9UK96-F1,134012,vertex_inside_atom,0.5274737983556734,0.7925035052885053,1.7000000476837158,True,True,-0.626801073551178,16.019184112548828
AF-Q9UK96-F1,134015,concavity_shortcut,0.2541232467807206,1.638668227671713,1.0,False,False,0.8781495094299316,0.8057283759117126
AF-Q9UK96-F1,134016,concavity_shortcut,0.2322096429682352,1.2879042751790826,1.0,False,False,0.7739453911781311,19.299936294555664
AF-Q9UK96-F1,134022,vertex_inside_atom,0.549111425201628,0.5765717314445984,1.0,True,True,0.6575583815574646,111.91153717041016
AF-Q9UK96-F1,134023,vertex_inside_atom,0.6322780118225595,0.49884863070623225,1.5,True,False,0.7462543845176697,101.5320816040039
AF-Q9UK96-F1,134024,vertex_inside_atom,0.62883931546392,0.4110580943809676,1.5,True,True,-0.8272603154182434,30.663318634033203
AF-Q9UK96-F1,134025,vertex_inside_atom,1.025172510588027,0.8242016401737516,1.7000000476837158,True,True,0.5749972462654114,38.96240234375
AF-Q9UK96-F1,134026,vertex_inside_atom,0.6390903663107983,1.094209290515158,1.7000000476837158,True,True,0.29417163133621216,25.451271057128906
AF-Q9UK96-F1,134027,vertex_inside_atom,0.3413613172792156,1.3088408433744687,1.7000000476837158,True,True,0.08948183804750443,12.903925895690918
AF-Q9UK96-F1,134028,vertex_inside_atom,0.0808340926770208,1.2617949992387212,1.7000000476837158,True,True,-0.6178653836250305,6.276695251464844
AF-Q9UK96-F1,134031,concavity_shortcut,0.2016294155030809,1.5821501433280156,1.0,False,False,0.8447660207748413,8.560774803161621
AF-Q9UK96-F1,134037,vertex_inside_atom,0.16362531309143236,0.8460149575013507,1.0,True,True,0.3147541582584381,14.46151065826416
AF-Q9UK96-F1,134038,vertex_inside_atom,0.3486701696569354,0.7789178644993174,1.5,True,True,-0.6020712852478027,16.88042640686035
AF-Q9UK96-F1,134039,vertex_inside_atom,0.23850911233218475,1.1495774414246684,1.5,True,False,0.06531593203544617,12.800466537475586
AF-Q9UK96-F1,134054,concavity_shortcut,0.3230724221783057,1.0001126809531815,1.0,False,False,-0.5243668556213379,1.8964303731918335
AF-Q9UK96-F1,134059,vertex_inside_atom,0.866967548055788,0.543670674991817,1.7000000476837158,True,True,-0.2729496657848358,21.445817947387695
AF-Q9UK96-F1,134060,concavity_shortcut,0.31284887008667406,1.0001215512866843,1.0,False,False,-0.5288450121879578,2.559770345687866
AF-Q9UK96-F1,134064,concavity_shortcut,0.342768889299059,1.0003374196016983,1.0,False,False,0.5505361557006836,33.389503479003906
AF-Q9UK96-F1,134065,vertex_inside_atom,0.7599119139346133,0.5537119365623016,1.7000000476837158,True,False,0.8830333948135376,95.31131744384766
AF-Q9UK96-F1,134066,vertex_inside_atom,0.8279972022129982,0.38050770822344765,1.7000000476837158,True,False,0.9362923502922058,64.53926849365234
AF-Q9UK96-F1,134067,vertex_inside_atom,0.48614497174917237,0.982226682118676,1.7000000476837158,True,False,0.6682237386703491,1.7851078510284424
AF-Q9UK96-F1,134071,vertex_inside_atom,0.1873830640907559,0.9975498699066264,1.7000000476837158,True,False,0.4272725582122803,16.78045082092285
AF-Q9UK96-F1,134072,vertex_inside_atom,1.0039003022801385,0.39472170178871196,1.7000000476837158,True,True,-0.1993526667356491,43.58716583251953
AF-Q9UK96-F1,134073,vertex_inside_atom,0.5581844172795281,0.8378182869717214,1.7000000476837158,True,True,-0.4198371171951294,2.754448175430298
AF-Q9UK96-F1,134077,concavity_shortcut,0.32625551605253,1.0000430824245339,1.0,False,False,-0.5229235291481018,1.5150244235992432
AF-Q9Y2G2-1-F1,60527,vertex_inside_atom,1.0839348723712674,0.6019285463275817,1.7000000476837158,True,False,0.982748806476593,64.55694580078125
AF-Q9Y2G2-1-F1,60528,vertex_inside_atom,0.7477195122136372,0.6586486712647561,1.7000000476837158,True,True,-0.33847343921661377,34.491546630859375
AF-Q9Y2G2-1-F1,60529,concavity_shortcut,0.21563297277923255,1.000516647864102,1.0,False,False,-0.5752007961273193,11.500234603881836
AF-Q9Y2G2-1-F1,60533,vertex_inside_atom,0.46868754865939066,0.9163330859643686,1.7000000476837158,True,True,-0.46512067317962646,20.130210876464844
AF-Q9Y2G2-1-F1,60534,vertex_inside_atom,1.0800870534047222,0.29232514346521243,1.7000000476837158,True,True,-0.16677677631378174,66.50374603271484
AF-Q9Y2G2-1-F1,60535,vertex_inside_atom,0.9988993130085468,0.39617431362564387,1.7000000476837158,True,True,-0.21329772472381592,63.477054595947266
AF-Q9Y2G2-1-F1,60536,concavity_shortcut,0.4248408884675883,1.000516647864102,1.0,False,False,0.4615873694419861,17.71474266052246
AF-Q9Y2G2-1-F1,60541,vertex_inside_atom,0.5788286390651685,0.816948748892272,1.7000000476837158,True,True,-0.41569238901138306,26.48883819580078
AF-Q9Y2G2-1-F1,60542,vertex_inside_atom,0.9191383212964359,0.8621515857062757,1.7000000476837158,True,False,0.8561275005340576,31.37583351135254
AF-Q9Y091-2-F1,90844,vertex_inside_atom,0.741846888722516,0.34877336079590154,1.0,True,True,0.874492883682251,136.40802001953125
AF-Q9Y091-2-F1,90845,vertex_inside_atom,0.20088871824743082,0.7510119910794645,1.0,True,True,0.23379573225975037,33.97111511230469
AF-Q9Y091-2-F1,90846,vertex_inside_atom,0.08489575887865275,0.7620719197495177,1.5,True,False,0.1540587693452835,3.8507533073425293
AF-Q9Y091-2-F1,90847,vertex_inside_atom,0.10738966078342693,0.4205293812326454,1.5,True,False,0.16869205236434937,11.6001615524292
AF-Q9Y091-2-F1,90848,vertex_inside_atom,0.2534373898898794,0.5781896081467186,1.5,True,False,0.27408567070961,11.203356742858887
AF-Q9Y091-2-F1,90849,vertex_inside_atom,0.3989850484943017,0.5913793472333093,1.0,True,True,0.4035037159919739,56.621707916259766
AF-Q9Y091-2-F1,90850,vertex_inside_atom,0.3660587358632126,0.6173800038873588,1.0,True,True,0.37155336141586304,61.53827667236328
AF-Q9Y091-2-F1,90853,vertex_inside_atom,0.09794906870784925,1.0278127851275647,1.5,True,True,-0.6414424777030945,2.62595534324646
AF-Q9Y091-2-F1,90854,vertex_inside_atom,0.16046228521130756,0.7557329431413545,1.5,True,False,0.20468710362911224,14.247664451599121
AF-Q9Y091-2-F1,90855,vertex_inside_atom,0.6590686459867734,0.4013725785502802,1.0,True,True,0.7347635626792908,75.49422454833984
AF-Q9Y091-2-F1,90856,vertex_inside_atom,0.07115919557281258,0.7091031546964721,1.5,True,False,0.1460597664117813,8.745336532592773
AF-Q9Y091-2-F1,90857,vertex_inside_atom,0.1515374115272805,0.9709022886985227,1.5,True,True,-0.6444027423858643,2.6311731338500977
AF-Q9Y091-2-F1,90867,vertex_inside_atom,0.44510735664849466,0.5561697927625155,1.0,True,True,0.4520493149757385,74.52715301513672
AF-Q9Y091-2-F1,90868,vertex_inside_atom,0.34056173014978675,0.6382956345649433,1.0,True,True,0.3488676846027374,37.66442108154297
AF-Q9Y091-2-F1,90891,vertex_inside_atom,1.5427673704383857,0.6841588191538246,1.5,True,False,0.8957862854003906,127.59259033203125
AF-Q9Y091-2-F1,90892,vertex_inside_atom,1.164410004447917,0.7184475739562489,1.5,True,False,0.6184508204460144,56.8915901184082
AF-Q9Y091-2-F1,90897,vertex_inside_atom,0.17492298992342792,0.7726957553202172,1.0,True,True,0.21522653102874756,20.64154052734375
AF-Q9Y091-2-F1,90898,vertex_inside_atom,0.44229378610001324,0.5576037566839432,1.0,True,True,0.448017954826355,61.25299835205078
AF-Q9Y091-2-F1,90905,vertex_inside_atom,0.2649250114346118,0.8529072611945635,1.5,True,True,-0.6421927213668823,14.479982376098633
AF-Q9Y091-2-F1,90906,vertex_inside_atom,0.5865938194094096,0.43946940767636095,1.5,True,True,-0.8895878791809082,36.33149719238281
AF-Q9Y091-2-F1,90907,vertex_inside_atom,0.5534144761121789,0.491148640414565,1.5,True,True,-0.8242770433425903,40.83590316772461
AF-Q9Y091-2-F1,90908,vertex_inside_atom,0.19465919414482102,0.9304689074188289,1.5,True,True,-0.632164478302002,14.749181747436523
AF-Q9Y091-2-F1,90911,vertex_inside_atom,0.008047453839670204,1.1202862077091078,1.5,True,True,-0.643303632736206,1.5329090356826782
AF-Q9Y091-2-F1,90912,vertex_inside_atom,0.05767575813107706,0.7954368801559656,1.5,True,False,0.13661910593509674,5.8391571044921875
AF-Q9Y091-2-F1,90913,vertex_inside_atom,0.6855840427172906,0.3830988985665073,1.0,True,True,0.7776183485984802,88.78164672851562
AF-Q9Y091-2-F1,90914,vertex_inside_atom,0.2801874956619341,0.6861623642653129,1.0,True,True,0.29556718468666077,19.14405632019043
AF-Q9Y091-2-F1,90920,vertex_inside_atom,0.22381028305505446,0.7291784814610169,1.0,True,True,0.24607352912425995,56.16805648803711
AF-Q9Y091-2-F1,90921,vertex_inside_atom,0.7058324061284516,0.364812320034965,1.0,True,True,0.8128782510757446,155.04376220703125
AF-Q9Y091-2-F1,90922,vertex_inside_atom,0.20019970624090155,0.7485150146992101,1.0,True,True,0.22777234017848969,52.288421630859375
AF-Q9Y091-2-F1,90926,vertex_inside_atom,0.06999547960866137,0.5473940110617977,1.5,True,False,0.14189890027046204,1.524498462677002
AF-Q9Y091-2-F1,90927,vertex_inside_atom,0.5809096281372501,0.4338398334040343,1.5,True,True,-0.9368964433670044,9.75364875793457
AF-Q9Y091-2-F1,90928,vertex_inside_atom,0.2954957221746075,0.8103274392237292,1.5,True,True,-0.6715203523635864,4.582176208496094
AF-Q9Y091-2-F1,90932,vertex_inside_atom,0.2943984385253836,0.6715100404522815,1.0,True,True,0.30248305201530457,56.06022644042969
AF-Q9Y091-2-F1,90933,vertex_inside_atom,0.3164305084435388,0.6538289342609463,1.0,True,True,0.32173630595207214,59.70561599731445
AF-Q9Y091-2-F1,90935,vertex_inside_atom,0.40802934728436047,0.5825200591668127,1.0,True,True,0.41030898690223694,42.35820007324219
AF-Q9Y091-2-F1,90936,vertex_inside_atom,0.7237047802191109,0.3570466024418818,1.0,True,True,0.8437469005584717,84.75131225585938
AF-Q9Y091-2-F1,90937,vertex_inside_atom,0.22745565405909152,0.7278906168946385,1.0,True,True,0.25160735845565796,21.988496780395508
AF-Q9Y091-2-F1,90940,vertex_inside_atom,0.40223931813207814,0.5867860339133123,1.0,True,True,0.40389516949653625,58.980690002441406
AF-Q9USS2-F1,167902,vertex_inside_atom,0.20245631001987352,1.4659525785830476,1.7000000476837158,True,False,0.16188733279705048,18.36724281311035
AF-Q9USS2-F1,167905,vertex_inside_atom,0.0804363506408372,1.5285556980230437,1.7000000476837158,True,False,0.09543910622596741,14.966204643249512
AF-Q9USS2-F1,167906,vertex_inside_atom,0.68570223291058,1.3200710590199123,1.7000000476837158,True,True,0.7302100658416748,40.83387756347656
AF-Q9USS2-F1,167907,vertex_inside_atom,0.9281355723308953,0.9808083825278352,1.7000000476837158,True,True,0.6283838748931885,53.0650634765625
AF-Q9USS2-F1,167908,vertex_inside_atom,0.586970118821063,1.0004667137220666,1.7000000476837158,True,False,0.3893470764160156,27.32396125793457
AF-Q9USS2-F1,167913,vertex_inside_atom,0.5712528663447187,1.039804056136918,1.7000000476837158,True,False,0.37625759840011597,25.63202667236328
AF-Q9USS2-F1,167914,vertex_inside_atom,1.1315822616729303,0.8649509297695229,1.7000000476837158,True,True,0.7804983258247375,61.56648254394531
AF-Q9USS2-F1,167915,vertex_inside_atom,1.0483640130083818,1.129368477451007,1.7000000476837158,True,True,0.974787712097168,66.4434814453125
AF-Q9USS2-F1,167916,vertex_inside_atom,1.0418204599900829,0.9146137140332253,1.7000000476837158,True,True,0.7143634557723999,68.91697692871094
AF-Q9USS2-F1,167917,vertex_inside_atom,1.3578841543081794,0.7040439371791246,1.7000000476837158,True,False,0.9420361518859863,83.0597152709961
AF-Q9USS2-F1,167918,vertex_inside_atom,0.7628795384021669,0.5276945374535895,1.7000000476837158,True,True,-0.6626288294792175,34.18531799316406
AF-Q9USS2-F1,167919,vertex_inside_atom,0.42448290970198976,0.9257333710431522,1.7000000476837158,True,True,-0.5615280866622925,10.831694602966309
AF-Q9USS2-F1,167924,vertex_inside_atom,0.0893694908673861,1.2668027069347698,1.7000000476837158,True,True,-0.5837063789367676,5.07622766494751
AF-Q9USS2-F1,167925,vertex_inside_atom,0.5497808157218835,0.7886917690166221,1.7000000476837158,True,True,-0.5717977285385132,15.710460662841797
AF-Q9USS2-F1,167926,vertex_inside_atom,0.8997797491264569,0.5229806873868954,1.7000000476837158,True,False,0.6048098206520081,40.95794677734375
AF-Q9USS2-F1,167927,vertex_inside_atom,1.3139140963015095,0.7829914397434481,1.7000000476837158,True,True,0.9118432402610779,77.17739868164062
AF-Q9USS2-F1,167928,vertex_inside_atom,0.7340068546281105,1.1040632840242997,1.7000000476837158,True,True,0.48526692390441895,42.42866134643555
AF-Q9USS2-F1,167929,vertex_inside_atom,0.4188819194094986,1.440614052507426,1.7000000476837158,True,False,0.5536608695983887,30.9442081451416
AF-Q9USS2-F1,167930,vertex_inside_atom,0.6793348071124627,1.087222606083184,1.7000000476837158,True,False,0.4504818916320801,33.07007598876953
AF-Q9USS2-F1,167931,vertex_inside_atom,0.7032422359792574,0.6091234509362108,1.7000000476837158,True,False,0.46686825156211853,34.253421783447266
AF-Q9USS2-F1,167932,vertex_inside_atom,0.23311564548878227,0.31980174472577805,1.7000000476837158,True,False,0.3254038691520691,11.944258689880371
AF-Q9USS2-F1,167933,vertex_inside_atom,0.3783082583311469,0.6500549703636358,1.7000000476837158,True,False,0.44911545515060425,6.447562217712402
AF-Q9USS2-F1,167941,vertex_inside_atom,0.37141973889118607,0.5442614749517503,1.7000000476837158,True,False,0.4492643475532532,1.4472516775131226
AF-Q9USS2-F1,167942,vertex_inside_atom,0.8884521081503971,0.33047425716866197,1.7000000476837158,True,True,-0.9065904021263123,22.053922653198242
AF-Q9USS2-F1,167943,vertex_inside_atom,0.5975607052410734,0.7338701124412956,1.7000000476837158,True,True,-0.5815626382827759,27.49024200439453
AF-Q9USS2-F1,167944,vertex_inside_atom,0.26694413189980803,1.2355685653959976,1.7000000476837158,True,False,0.19481627643108368,15.85031509399414
AF-Q9USS2-F1,167947,vertex_inside_atom,0.2882008163320795,1.067735687260006,1.7000000476837158,True,True,-0.5648601055145264,12.018909454345703
AF-Q9USS2-F1,167949,vertex_inside_atom,0.6462482535784281,0.47872551247566525,1.0,True,True,0.740023672580719,35.45489501953125
AF-Q9USS2-F1,167950,vertex_inside_atom,0.4389026409715494,0.6130660624671703,1.0,True,True,0.5072492957115173,14.704206466674805
AF-Q9USS2-F1,167954,vertex_inside_atom,0.09063905197420308,0.8828266300902191,1.0,True,True,0.2293107956647873,2.6151747703552246
AF-Q9USS2-F1,167955,vertex_inside_atom,0.7873946550127225,0.4178499524885879,1.0,True,True,0.9078085422515869,39.68474578857422
AF-Q9USS2-F1,167956,vertex_inside_atom,0.31083687410314986,0.7121780032849081,1.0,True,True,0.3960302472114563,3.282200574874878
AF-Q9USS2-F1,167957,vertex_inside_atom,0.38400729802418865,0.9681971886908375,1.7000000476837158,True,True,-0.5622981190681458,9.773719787597656
AF-Q9USS2-F1,167963,vertex_inside_atom,0.012727060444593596,0.9408815004488136,1.0,True,True,0.17088265717029572,0.7355920672416687
AF-Q9USS2-F1,167967,vertex_inside_atom,0.045286359288204237,0.9187747565232367,1.0,True,True,0.1988154947757721,0.31128349900245667
AF-Q9USS2-F1,167987,vertex_inside_atom,0.3504177267829496,1.0031813696957286,1.7000000476837158,True,True,-0.563207745552063,14.633281707763672
AF-Q9USS2-F1,167990,vertex_inside_atom,0.30603166390226466,1.0490980374883287,1.7000000476837158,True,True,-0.5647009611129761,6.786838054656982
AF-Q9USS2-F1,167991,vertex_inside_atom,0.7185738310393645,0.5860153997175404,1.7000000476837158,True,True,-0.6307716369628906,18.291322708129883
AF-Q9USS2-F1,167992,vertex_inside_atom,0.9280212108360387,0.694042443338811,1.7000000476837158,True,False,0.6253325343132019,43.97444534301758
AF-Q9USS2-F1,167993,vertex_inside_atom,0.5841877532020756,1.1738712180662485,1.7000000476837158,True,False,0.384575217962265,27.855932235717773
AF-Q9USS2-F1,167999,vertex_inside_atom,0.6057873726936353,0.5249592454332941,1.0,True,True,0.7052550315856934,20.302671432495117
AF-Q9USS2-F1,168000,vertex_inside_atom,0.24406494393328015,0.3243052139275708,1.7000000476837158,True,False,0.35684239864349365,14.312825202941895
AF-Q9USS2-F1,168001,vertex_inside_atom,1.0473222856884776,0.5478740581249767,1.7000000476837158,True,False,0.7157086730003357,47.673423767089844
AF-Q9USS2-F1,168002,vertex_inside_atom,1.358980725723036,0.7662175557089275,1.7000000476837158,True,True,0.9405660629272461,83.50870513916016
AF-Q9USS2-F1,168003,vertex_inside_atom,0.7645812450919476,1.1663348754128144,1.7000000476837158,True,False,0.787104606628418,50.88772201538086
AF-Q9USS2-F1,168004,vertex_inside_atom,0.16123601979108382,1.6481060597449557,1.7000000476837158,True,False,0.39904865622520447,18.811443328857422
AF-Q9USS2-F1,168011,vertex_inside_atom,0.09668625018803789,0.8863369840694875,1.0,True,True,0.2479177713394165,1.5520801544189453
AF-Q9USS2-F1,168012,vertex_inside_atom,0.5690385948160834,0.5463979636777306,1.0,True,True,0.6639397144317627,23.629226684570312
AF-Q9USS2-F1,168013,vertex_inside_atom,0.2259514681825181,0.7280979052728255,1.7000000476837158,True,False,0.34194403886795044,1.3752528429031372
AF-Q9USS2-F1,168014,vertex_inside_atom,0.5790214613524027,0.7548709533760544,1.7000000476837158,True,True,-0.5784330368041992,19.171558380126953
AF-Q9USS2-F1,168015,vertex_inside_atom,0.6852820527896872,1.0096560592836992,1.7000000476837158,True,False,0.4515138268470764,31.785520553588867
AF-Q9USS2-F1,168016,vertex_inside_atom,0.7060517728762059,1.1229899702670085,1.7000000476837158,True,True,0.46578678488731384,47.70799255371094
AF-Q9USS2-F1,168017,vertex_inside_atom,1.0491991917100414,1.131743289012817,1.7000000476837158,True,True,0.9785795211791992,66.99064636230469
AF-Q9USS2-F1,168018,vertex_inside_atom,0.8765022020879788,1.0117398995365774,1.7000000476837158,True,True,0.5885538458824158,51.320411682128906
AF-Q9USS2-F1,168019,vertex_inside_atom,0.36504638009185886,1.228882527106138,1.7000000476837158,True,False,0.25104010105133057,19.25505256652832
AF-Q9USS2-F1,168020,vertex_inside_atom,0.18725820779632674,1.1694677526718666,1.7000000476837158,True,True,-0.573429524898529,6.873053073883057
AF-Q9USS2-F1,168027,vertex_inside_atom,0.1479015407411055,1.2089189224949843,1.7000000476837158,True,True,-0.5771543383598328,5.869882106781006
AF-Q9USS2-F1,168028,vertex_inside_atom,0.004166038178887055,1.3496523823846363,1.7000000476837158,True,True,-0.5959759950637817,7.558597087860107
AF-Q9USS2-F1,168030,vertex_inside_atom,0.4303704092921423,1.3211347520411088,1.7000000476837158,True,True,0.290407657623291,32.53257369995117
AF-Q9USS2-F1,168031,vertex_inside_atom,1.2158361887416866,0.824867431347632,1.7000000476837158,True,True,0.8440414667129517,69.39563751220703
AF-Q9USS2-F1,168032,vertex_inside_atom,1.2165426961795407,0.7241475018997391,1.7000000476837158,True,False,0.8442240357398987,59.10272216796875
AF-Q9USS2-F1,168033,vertex_inside_atom,0.5355325421177588,0.8046327816132566,1.7000000476837158,True,True,-0.5699711441993713,21.49709701538086
AF-Q9USS2-F1,168042,vertex_inside_atom,0.17753651804570225,1.2862643018841846,1.7000000476837158,True,False,0.14727306365966797,13.483320236206055
AF-Q9USS2-F1,168043,vertex_inside_atom,0.7302833763300889,0.7852005405592395,1.7000000476837158,True,False,0.4836682379245758,32.26500701904297
AF-Q9USS2-F1,168044,vertex_inside_atom,0.875221980643149,0.35432915524042247,1.7000000476837158,True,True,-0.8600817918777466,35.24741744995117
AF-Q9USS2-F1,168045,vertex_inside_atom,0.1324087662875072,0.4985914750499104,1.7000000476837158,True,False,0.2695326805114746,15.597627639770508
AF-Q9USS2-F1,168046,vertex_inside_atom,0.35834595700532945,0.6855235497752408,1.0,True,True,0.4496007561683655,10.502238273620605
AF-Q9USS2-F1,168053,vertex_inside_atom,0.3336179969934143,1.0209060448109701,1.7000000476837158,True,True,-0.5627856254577637,10.866471290588379
AF-Q9USS2-F1,168054,vertex_inside_atom,0.08857256979494932,0.6015043493873251,1.7000000476837158,True,False,0.2386103868484497,11.159802436828613
AF-Q9USS2-F1,168055,vertex_inside_atom,0.7918814148154945,0.43016510475793673,1.0,True,True,0.910406231880188,33.09747314453125
AF-Q9USS2-F1,168056,vertex_inside_atom,0.16487899017925944,0.8309834203806384,1.0,True,True,0.29261305928230286,2.9066836833953857
AF-Q9USS2-F1,168062,vertex_inside_atom,0.26535565417119555,0.7543091716630146,1.0,True,True,0.3704242408275604,5.340614318847656
AF-Q9Y2G2-F1,87285,vertex_inside_atom,1.3572017763444406,0.7575106942194556,2.0,True,True,0.5420335531234741,24.778532028198242
AF-Q9Y2G2-F1,87286,vertex_inside_atom,1.6832277028492326,0.5683083879925362,2.0,True,True,0.8318305015563965,25.624401092529297
AF-Q9Y2G2-F1,87292,concavity_shortcut,0.04481083191958968,1.1223301109830903,0.0,False,False,0.9715058207511902,0.5805845260620117
AF-Q9Y2G2-F1,87301,vertex_inside_atom,1.0028362954013743,0.6056219393941976,2.0,True,False,0.2880505919456482,23.600536346435547
AF-Q9Y2G2-F1,87302,vertex_inside_atom,1.476289174415498,0.679936021089472,2.0,True,True,0.6443192958831787,24.65987205505371
AF-Q9Y2G2-F1,87315,vertex_inside_atom,1.135559841410232,0.7654904366861647,2.0,True,False,0.3640858232975006,13.964384078979492
AF-Q9Y2G2-F1,87316,vertex_inside_atom,0.9245648789743137,0.6271646918879141,2.0,True,True,-0.8183268308639526,17.870826721191406
AF-Q9Y2G2-F1,87317,vertex_inside_atom,0.7069038405361392,0.9593223496196287,2.0,True,False,0.12609797716140747,19.405733108520508
AF-Q9Y2G2-F1,87326,vertex_inside_atom,1.7264648044117403,0.5393159428557286,2.0,True,True,0.8640773296356201,11.630579948425293
AF-Q9Y2G2-F1,87327,vertex_inside_atom,1.4998176731850337,0.6566151934752503,2.0,True,True,0.6564327478408813,14.370345115661621
AF-Q9W0K7-F1,202887,vertex_inside_atom,0.5732463376539845,0.8304059244488258,1.7000000476837158,True,True,-0.39739590883255005,21.837892532348633
AF-Q9W0K7-F1,202888,vertex_inside_atom,0.05882544016563784,1.3255041892247994,1.7000000476837158,True,True,-0.5178236961364746,4.458181858062744
AF-Q9W0K7-F1,202890,vertex_inside_atom,0.27230335342247014,0.5004769370364185,1.7000000476837158,True,False,0.5720834732055664,55.21830368041992
AF-Q9W0K7-F1,202891,vertex_inside_atom,0.9521758584978306,0.39579016996940947,1.7000000476837158,True,True,-0.3852422833442688,63.08049392700195
AF-Q9W0K7-F1,202892,vertex_inside_atom,0.790098260234097,0.9288603806880504,1.7000000476837158,True,False,0.5181674957275391,34.984519958496094
AF-Q9W0K7-F1,202893,vertex_inside_atom,0.09785160206071652,1.2895503147073806,1.7000000476837158,True,True,-0.5071409940719604,7.500019073486328
AF-Q9W0K7-F1,202897,vertex_inside_atom,0.37715267167788513,0.8252684799391053,1.0,True,True,0.6581383347511292,38.53110122680664
AF-Q9W0K7-F1,202898,vertex_inside_atom,0.73294355611581,0.5058856863647345,1.7000000476837158,True,False,0.9338576793670654,88.62835693359375
AF-Q9W0K7-F1,202899,vertex_inside_atom,0.9903728066736698,0.3391198685780317,1.7000000476837158,True,True,-0.40924757719039917,60.8029670715332
AF-Q9W0K7-F1,202900,vertex_inside_atom,1.180501819225809,0.6952486709652536,1.7000000476837158,True,False,0.8185533285140991,78.8459243774414
AF-Q9W0K7-F1,202901,vertex_inside_atom,1.2361710054602453,0.8176284392742089,1.7000000476837158,True,True,0.860075056552887,39.39390563964844
AF-Q9W0K7-F1,202902,vertex_inside_atom,0.4536721811723383,1.1378181956173172,1.5,True,True,0.39535290002822876,1.933242917060852
AF-Q9W0K7-F1,202910,vertex_inside_atom,0.07442081933962863,0.9918311404055328,1.7000000476837158,True,False,0.4197346270084381,22.7727108001709
AF-Q9W0K7-F1,202911,vertex_inside_atom,0.5406092322927043,0.863579089432088,1.7000000476837158,True,True,-0.40354064106941223,21.563642501831055
AF-Q9W0K7-F1,202912,vertex_inside_atom,0.44171412577168545,0.9616651578671079,1.7000000476837158,True,True,-0.42464613914489746,21.925931930541992
AF-Q9W0K7-F1,202913,vertex_inside_atom,0.7168937892945321,1.1103739632264393,1.7000000476837158,True,True,0.4650341272354126,20.737293243408203
AF-Q9W0K7-F1,202914,vertex_inside_atom,1.0141373070462711,0.8068268490207763,1.5,True,True,0.8240235447883606,61.59504318237305
AF-Q9W0K7-F1,202915,vertex_inside_atom,1.005016392749296,0.7770050688089664,1.7000000476837158,True,False,0.8174340128898621,54.158199310302734
AF-Q9W0K7-F1,202916,vertex_inside_atom,0.4927882862643893,0.8907661856981287,1.7000000476837158,True,True,-0.46439191699028015,0.7135744690895081
AF-Q9W0K7-F1,202917,vertex_inside_atom,0.07888491646943474,1.2930924993063941,1.7000000476837158,True,True,-0.5459733009338379,2.2332942485809326
AF-Q9W0K7-F1,202929,vertex_inside_atom,0.45977361419893303,0.9618838691103657,1.7000000476837158,True,False,0.39921846985816956,4.802492141723633
AF-Q9W0K7-F1,202930,vertex_inside_atom,0.7001745324155331,0.4643207464515879,1.7000000476837158,True,False,0.5772688984870911,5.639287948608398
AF-Q9W0K7-F1,202931,vertex_inside_atom,0.9790802154052198,0.3012067458650018,1.7000000476837158,True,True,-0.5942758917808533,32.54848098754883
AF-Q9W0K7-F1,202932,vertex_inside_atom,0.6238148503395724,0.7544374377679723,1.7000000476837158,True,True,-0.4491865038871765,17.51721954345703
AF-Q9W0K7-F1,202941,vertex_inside_atom,0.0006858276793439977,1.3664542154128552,1.7000000476837158,True,True,-0.5638988614082336,2.2893564701080322
AF-Q9W0K7-F1,202942,vertex_inside_atom,0.5399151345871573,0.8429204513749251,1.7000000476837158,True,True,-0.45715460181236267,9.83127212524414
AF-Q9W0K7-F1,202943,vertex_inside_atom,0.3214302033601958,0.41759481511725216,1.7000000476837158,True,False,0.5688610076904297,43.90138626098633
AF-Q9W0K7-F1,202944,vertex_inside_atom,0.743297471831568,0.6034177245003486,1.7000000476837158,True,False,0.9168459177017212,68.84430694580078
AF-Q9W0K7-F1,202954,vertex_inside_atom,0.22785367075328555,0.8834913228193311,1.0,True,True,0.491640567779541,21.488290786743164
AF-Q9W0K7-F1,202955,vertex_inside_atom,0.2037475423699222,0.8993061888184752,1.0,True,True,0.47221654653549194,16.635313034057617
AF-Q9Y7R4-F1,185743,vertex_inside_atom,0.7070537911721753,1.2769921345853732,1.7000000476837158,True,False,0.826893150806427,4.394836902618408
AF-Q9Y7R4-F1,185744,vertex_inside_atom,0.32803534856203886,1.0275100467702147,1.7000000476837158,True,True,-0.5609346628189087,3.805623769760132
AF-Q9Y7R4-F1,185751,vertex_inside_atom,1.2489109802082115,1.007109242939597,1.7000000476837158,True,False,0.711066722869873,27.439380645751953
AF-Q9Y7R4-F1,185752,vertex_inside_atom,0.7205446687481947,0.5855474435624403,1.7000000476837158,True,True,-0.6257677674293518,4.984297752380371
AF-Q9Y7R4-F1,185753,vertex_inside_atom,0.6362870843425956,0.6898711398834222,1.7000000476837158,True,True,-0.5878095030784607,10.058871269226074
AF-Q9Y7R4-F1,185754,vertex_inside_atom,0.3800356478323066,1.170940576451274,1.7000000476837158,True,False,0.2640400826931,10.741737365722656
AF-Q9Y7R4-F1,185763,vertex_inside_atom,1.3069735159019364,0.9870281932019402,2.0,True,True,0.7537134885787964,32.298858642578125
AF-Q9Y7R4-F1,185764,vertex_inside_atom,1.554647601901197,0.7616652693164815,1.7000000476837158,True,False,0.9293315410614014,44.36801528930664
AF-Q9Y7R4-F1,185765,vertex_inside_atom,0.8844538914266113,0.33950260424287537,1.7000000476837158,True,True,-0.8833543062210083,11.748665809631348
AF-Q9Y7R4-F1,185766,vertex_inside_atom,1.044821057863385,0.49744794668757664,1.7000000476837158,True,False,0.7190492749214172,38.20320129394531
AF-Q9Y7R4-F1,185767,vertex_inside_atom,1.1895891709900739,0.8409244791206228,1.7000000476837158,True,True,0.8285585641860962,53.82688903808594
AF-Q9Y7R4-F1,185768,vertex_inside_atom,0.4949283431793092,1.3076118907778373,1.7000000476837158,True,False,0.6069856882095337,24.974353790283203
AF-Q9Y7R4-F1,185769,vertex_inside_atom,0.07041225534695239,1.5520899364133514,1.7000000476837158,True,False,0.09318062663078308,13.405742645263672
AF-Q9Y7R4-F1,185780,vertex_inside_atom,0.8791708589864349,0.9385247240341603,1.7000000476837158,True,False,0.45279181003570557,4.785662651062012
AF-Q9Y7R4-F1,185781,vertex_inside_atom,0.6319069306202676,0.6947984672736423,1.7000000476837158,True,True,-0.5873124599456787,12.231730461120605
AF-Q9Y7R4-F1,185782,vertex_inside_atom,0.8625548476502246,0.7847300753172046,1.7000000476837158,True,False,0.5823051333427429,31.07381820678711
AF-Q9Y7R4-F1,185783,vertex_inside_atom,1.1032309337606283,0.8839922984686784,1.7000000476837158,True,True,0.7636935710906982,51.6517448425293
AF-Q9Y7R4-F1,185784,vertex_inside_atom,1.06728588596717,1.1242570778540144,1.7000000476837158,True,True,0.9904824495315552,52.80448532104492
AF-Q9Y7R4-F1,185785,vertex_inside_atom,0.8358017127858928,1.0389728013340038,1.7000000476837158,True,True,0.5607703924179077,24.196041107177734
AF-Q9Y7R4-F1,185786,vertex_inside_atom,0.6058624930213619,1.016703194904373,1.7000000476837158,True,False,0.40196359157562256,16.918190002441406
AF-Q9Y7R4-F1,185787,vertex_inside_atom,0.3327749345342772,1.0217498254557031,1.7000000476837158,True,True,-0.5628558993339539,7.164812088012695
AF-Q9Y7R4-F1,185798,vertex_inside_atom,0.17920914557453238,1.1780515176619024,1.7000000476837158,True,True,-0.5729629397392273,5.001140594482422
AF-Q9Y7R4-F1,185799,vertex_inside_atom,0.2384545753017524,1.2332322405966585,1.7000000476837158,True,False,0.1833115518093109,10.70605754852295
AF-Q9Y7R4-F1,185800,vertex_inside_atom,0.3749371456042583,1.374577734685701,1.7000000476837158,True,False,0.529852569103241,20.54796600341797
AF-Q9Y7R4-F1,185801,vertex_inside_atom,0.7425070997494476,1.1397587438188646,1.7000000476837158,True,False,0.7723444700241089,27.33458709716797
AF-Q9Y7R4-F1,185802,vertex_inside_atom,1.4160473328693446,0.7516552582380205,1.7000000476837158,True,True,0.9769807457923889,10.53033447265625
AF-Q9Y7R4-F1,185803,vertex_inside_atom,0.9713524162919728,0.5686176651016035,1.7000000476837158,True,False,0.6614795923233032,27.141372680664062
AF-Q9Y7R4-F1,185804,vertex_inside_atom,0.7256053194303785,0.577592735719209,1.7000000476837158,True,True,-0.6329758167266846,10.569327354431152
AF-Q9Y7R4-F1,185805,vertex_inside_atom,0.11302713852771984,0.8689145200061257,1.0,True,True,0.2511710524559021,4.513300895690918
AF-Q9Y7R4-F1,185817,vertex_inside_atom,0.6371470107407937,1.1052972799955207,1.7000000476837158,True,False,0.4226629137992859,15.048917770385742
AF-Q9Y7R4-F1,185818,vertex_inside_atom,0.8414195479650469,0.6018178216803535,1.7000000476837158,True,False,0.564895510673523,26.09296226501465
AF-Q9Y7R4-F1,185819,vertex_inside_atom,0.22684141796234514,0.32404590696180935,1.7000000476837158,True,False,0.33476871252059937,13.694363594055176
AF-Q9Y7R4-F1,185820,vertex_inside_atom,0.8436192379788954,0.40713861798774476,1.0,True,True,0.9611003398895264,39.036075592041016
AF-Q9Y7R4-F1,185821,vertex_inside_atom,0.22089577502782354,0.7846194237357809,1.0,True,True,0.32948559522628784,11.727070808410645
AF-Q9Y7R4-F1,185827,vertex_inside_atom,0.02621376874007275,1.3285846809275323,1.7000000476837158,True,True,-0.5918906331062317,3.502696990966797
AF-Q9Y7R4-F1,185828,vertex_inside_atom,0.4767306565451621,0.8699155685680211,1.7000000476837158,True,True,-0.562989354133606,10.028905868530273
AF-Q9Y7R4-F1,185829,vertex_inside_atom,0.20263926712852576,0.7462042299486973,1.7000000476837158,True,False,0.31599700450897217,1.1997095346450806
AF-Q9Y7R4-F1,185830,vertex_inside_atom,0.23400296774173968,0.7749291802075083,1.0,True,True,0.3405454754829407,10.132201194763184
