protein_id,n_verts,clean_n,clean_mean_abs_esp,clean_p50_abs_esp,clean_p95_abs_esp,clean_p99_abs_esp,clean_max_abs_esp,embedded_n,embedded_frac,embedded_mean_abs_esp,embedded_p50_abs_esp,embedded_p95_abs_esp,embedded_p99_abs_esp,embedded_max_abs_esp,embedded_n_query,deep_n,deep_frac,deep_mean_abs_esp,deep_max_abs_esp,deep_n_query,max_penetration_A
AF-F4JC20-F1,249244,217011,2.9462532997131348,2.686067819595337,6.596606731414795,8.289843559265137,12.277841567993164,32233,0.12932307297266935,3.3371458053588867,3.143489360809326,7.189651012420654,8.795602798461914,11.682111740112305,1515,0,0.0,nan,nan,0,0.29989791900360463
AF-Q54IT1-F1,177387,155523,1.4430466890335083,1.1081949472427368,3.9265408515930176,5.828409671783447,14.655304908752441,21864,0.1232559319454075,1.381831169128418,1.0993337631225586,3.6394381523132324,5.506525039672852,16.00933074951172,996,0,0.0,nan,nan,0,0.2985433437376177
AF-D3YXK2-F1,215122,189152,4.563115119934082,4.3381195068359375,9.725871086120605,13.002826690673828,17.25590705871582,25970,0.12072219484757486,5.147926330566406,4.919858455657959,10.694915771484375,14.058810234069824,17.556058883666992,1283,0,0.0,nan,nan,0,0.2938272891044599
AF-Q9NL40-F1,162159,142688,1.5281776189804077,1.1917169094085693,4.0280656814575195,5.852907657623291,14.560543060302734,19471,0.12007350810007462,1.6162000894546509,1.352241039276123,3.9497151374816895,5.723921775817871,13.655521392822266,932,0,0.0,nan,nan,0,0.2792767975348236
AF-A0A0A2K6S6-F1,171245,150731,1.9835076332092285,1.6838326454162598,4.852933406829834,7.07368803024292,11.972068786621094,20514,0.11979327863587258,1.8043122291564941,1.4643360376358032,4.560050964355469,6.317715644836426,11.679943084716797,977,0,0.0,nan,nan,0,0.0007977139337060901
AF-P0CAY2-F1,10142,8929,2.501703977584839,2.12752628326416,5.81119441986084,8.616365432739258,12.092108726501465,1213,0.11960165647801223,2.285771369934082,1.8946739435195923,5.672970771789551,8.072365760803223,11.918391227722168,53,0,0.0,nan,nan,0,0.2845858339012888
AF-Q9LDE1-F1,67706,59643,2.2212536334991455,1.960335373878479,5.233820915222168,6.855701446533203,17.464780807495117,8063,0.11908841166218652,2.4614458084106445,2.3424174785614014,5.230386734008789,6.615286350250244,12.116436004638672,366,0,0.0,nan,nan,0,0.29426798469274307
AF-Q14153-F1,102113,89986,1.832851767539978,1.4683616161346436,4.790891647338867,6.049734115600586,8.858851432800293,12127,0.11876058875951152,1.9857264757156372,1.6533474922180176,4.963177680969238,6.285593032836914,8.276372909545898,568,0,0.0,nan,nan,0,0.27889825507550936
AF-B2C6R6-F1,156013,137550,2.023480176925659,1.757284164428711,4.765873908996582,6.145906448364258,11.21851634979248,18463,0.1183427022107132,1.8198245763778687,1.4440945386886597,4.785038471221924,6.22966194152832,10.79824447631836,878,0,0.0,nan,nan,0,0.26827873773643474
AF-P49762-F1,162417,143245,2.5568602085113525,2.3643624782562256,5.467806339263916,7.153688430786133,13.722282409667969,19172,0.11804183059655085,2.1764285564422607,1.8748505115509033,5.284997940063477,7.0134663581848145,13.225263595581055,827,0,0.0,nan,nan,0,0.29890755807132763
AF-Q9BYQ8-F1,46052,40621,3.5848991870880127,3.3056447505950928,7.038166522979736,9.823330879211426,17.71416473388672,5431,0.11793190306609919,3.18215012550354,2.856917381286621,6.663256645202637,9.548827171325684,17.38102912902832,246,0,0.0,nan,nan,0,0.1446627200326136
AF-Q18JF4-F1,15375,13563,2.5170867443084717,2.090120553970337,6.656688213348389,8.32691478729248,11.729521751403809,1812,0.11785365853658536,2.704176425933838,2.2304248809814453,6.669571876525879,8.317216873168945,9.885631561279297,64,0,0.0,nan,nan,0,0.2826495300434051
AF-Q02796-F1,79041,69761,1.7715040445327759,1.5448776483535767,4.16637659072876,5.471153736114502,8.55018138885498,9280,0.1174074214648094,1.7544348239898682,1.4095921516418457,4.344404697418213,5.680529594421387,8.206511497497559,424,0,0.0,nan,nan,0,0.2778879133191019
AF-Q6FRZ8-F1,131698,116262,3.3987700939178467,3.139648199081421,7.60008430480957,9.547830581665039,12.910335540771484,15436,0.1172075506082097,3.977074146270752,3.7833471298217773,8.39818000793457,9.989489555358887,12.588726043701172,730,0,0.0,nan,nan,0,0.29971571385334217
AF-Q9LYP5-F1,133012,117446,1.9125638008117676,1.5387699604034424,4.895241737365723,7.367083549499512,15.750581741333008,15566,0.11702703515472289,2.0423429012298584,1.7296792268753052,4.979279041290283,6.88718843460083,14.078721046447754,705,0,0.0,nan,nan,0,0.0007882127574310172
AF-A1L1K8-F1,101182,89355,2.166806936264038,1.7879379987716675,5.421833515167236,6.893308162689209,10.0552978515625,11827,0.11688837935601194,2.476346254348755,2.1136159896850586,5.900930404663086,7.170536041259766,10.283493041992188,564,0,0.0,nan,nan,0,0.2968835410889714
AF-Q54F11-F1,152614,134788,2.497018814086914,2.2725110054016113,5.508436679840088,7.469480991363525,10.620736122131348,17826,0.1168044871374841,2.8636703491210938,2.724766969680786,6.036354064941406,7.939121246337891,10.434853553771973,808,0,0.0,nan,nan,0,0.28653218380015943
AF-P55965-F1,140222,123873,1.4751330614089966,1.1190615892410278,4.063104152679443,6.159292221069336,17.41584014892578,16349,0.11659368715322845,1.7135751247406006,1.4551888704299927,4.189962863922119,5.69450569152832,17.057130813598633,796,0,0.0,nan,nan,0,0.2710961261372673
AF-P0C8P9-F1,12497,11040,3.6208109855651855,3.6334736347198486,6.6069817543029785,8.462811470031738,11.185286521911621,1457,0.11658798111546771,4.060576915740967,4.087828636169434,7.1072773933410645,8.788931846618652,9.95287799835205,66,0,0.0,nan,nan,0,0.0007151709392161365
AF-P60896-F1,16381,14475,7.483963966369629,7.895299434661865,11.853333473205566,13.03232479095459,14.625250816345215,1906,0.11635431292350894,8.567121505737305,9.065943717956543,12.058557510375977,13.190611839294434,14.698261260986328,93,0,0.0,nan,nan,0,0.0007535577903196033
AF-Q9V895-F1,45432,40151,8.017906188964844,8.603286743164062,13.180219650268555,14.933090209960938,19.982507705688477,5281,0.11623965486881493,8.927210807800293,9.366837501525879,13.558809280395508,15.034600257873535,19.178668975830078,282,0,0.0,nan,nan,0,0.290203907494996
AF-Q945P1-F1,58708,51900,2.4121177196502686,2.15189266204834,5.6077070236206055,7.290008544921875,11.128610610961914,6808,0.11596375281051986,2.7557973861694336,2.582364320755005,5.891220569610596,7.456140995025635,10.534320831298828,277,0,0.0,nan,nan,0,0.2977938798682306
AF-Q91ZD6-2-F1,29051,25692,3.467407703399658,3.1417081356048584,7.743271827697754,9.425657272338867,13.159713745117188,3359,0.11562424701387215,3.920055627822876,3.5856313705444336,8.331924438476562,9.554594039916992,11.99554443359375,155,0,0.0,nan,nan,0,0.28106489831211934
AF-U4PCM1-2-F1,121327,107313,1.7394449710845947,1.4741140604019165,4.248586654663086,5.641922950744629,10.412994384765625,14014,0.11550602916086279,1.6953612565994263,1.383828043937683,4.331987380981445,5.575441360473633,10.508523941040039,660,0,0.0,nan,nan,0,0.29939302030341886
AF-Q55FC3-F1,18208,16109,1.2121554613113403,0.8873448371887207,3.4700357913970947,5.058380126953125,9.18075942993164,2099,0.11527899824253075,1.244579553604126,0.9344366192817688,3.406559705734253,4.546833038330078,9.253884315490723,104,0,0.0,nan,nan,0,0.000753671445776205
AF-P38912-F1,28578,25287,3.5595951080322266,2.9970040321350098,8.532249450683594,10.122133255004883,12.637960433959961,3291,0.11515851354188536,4.290828227996826,3.8875372409820557,9.34170150756836,10.518404960632324,12.280887603759766,149,0,0.0,nan,nan,0,0.2796646344270033
AF-Q96DH6-F1,62189,55028,2.1658010482788086,1.7754473686218262,5.480929374694824,7.606444358825684,12.471980094909668,7161,0.11514898133110357,2.0286178588867188,1.6364343166351318,5.178157806396484,7.115171909332275,11.295096397399902,317,0,0.0,nan,nan,0,0.19649068752074017
AF-Q8K4L6-F1,106032,93827,1.8438628911972046,1.5069934129714966,4.681732654571533,6.139272212982178,10.650960922241211,12205,0.1151067602233288,1.921384334564209,1.5943546295166016,4.777409553527832,6.255105018615723,9.012992858886719,598,0,0.0,nan,nan,0,0.27533049361641004
AF-Q8VDM6-3-F1,73115,64721,5.309080600738525,5.200845241546631,10.246698379516602,12.971074104309082,19.38395118713379,8394,0.11480544347945018,5.704601287841797,5.658071517944336,10.682696342468262,12.939397811889648,19.484416961669922,410,0,0.0,nan,nan,0,0.29292916935349445
AF-Q5QY14-F1,19556,17315,11.298999786376953,11.3851957321167,17.226823806762695,20.891752243041992,25.104887008666992,2241,0.1145939865003068,11.931090354919434,12.113953590393066,17.350019454956055,20.20631980895996,23.703678131103516,118,0,0.0,nan,nan,0,0.0008297620603774369
AF-Q298W7-F1,145225,128606,2.4189767837524414,2.2953062057495117,5.158184051513672,6.568191051483154,11.302872657775879,16619,0.1144362196591496,2.75361967086792,2.675391912460327,5.742843151092529,6.977428913116455,10.891634941101074,749,0,0.0,nan,nan,0,0.29921534404686734
AF-Q07655-F1,137029,121403,1.5982249975204468,1.2441455125808716,4.085445880889893,6.595264911651611,22.145183563232422,15626,0.11403425552255363,1.7557891607284546,1.478342056274414,4.223153591156006,6.148515224456787,22.364988327026367,734,0,0.0,nan,nan,0,0.29521915341137916
AF-Q9MA17-F1,77908,69031,1.9415262937545776,1.3493863344192505,5.835810661315918,8.966099739074707,15.605613708496094,8877,0.11394208553678697,2.020420551300049,1.6475743055343628,5.0232768058776855,7.79879903793335,15.592811584472656,388,0,0.0,nan,nan,0,0.28950576047190146
AF-A6NFN3-F1,67056,59420,1.5180786848068237,1.2304918766021729,3.8745694160461426,5.209465503692627,9.856013298034668,7636,0.11387497017418277,1.7381021976470947,1.4763634204864502,4.120180606842041,5.519611835479736,7.7141218185424805,351,0,0.0,nan,nan,0,0.28060573635352504
AF-Q93356-F1,64249,56936,2.0562539100646973,1.5275800228118896,6.246005058288574,9.451347351074219,13.511340141296387,7313,0.11382278323398029,1.9054069519042969,1.4185129404067993,5.278923511505127,8.695418357849121,13.639827728271484,334,0,0.0,nan,nan,0,0.0008083877372875303
AF-Q9URV0-F1,60065,53236,2.5772666931152344,2.1960792541503906,6.163974761962891,7.647533416748047,10.755741119384766,6829,0.11369349870973113,2.705648183822632,2.3147382736206055,6.353758335113525,7.743301868438721,10.752142906188965,279,0,0.0,nan,nan,0,0.2925963967225248
AF-Q17381-3-F1,89631,79441,2.323369026184082,1.6799194812774658,6.629599094390869,10.25817584991455,25.955394744873047,10190,0.11368834443440327,2.1106691360473633,1.4694058895111084,6.0612406730651855,9.797658920288086,23.49972152709961,508,0,0.0,nan,nan,0,0.28758535098833926
AF-Q8HXH6-F1,60526,53682,4.364284038543701,4.427662372589111,7.889345645904541,9.089064598083496,19.750179290771484,6844,0.11307537256716121,4.357239723205566,4.315870761871338,8.107099533081055,9.299286842346191,13.557381629943848,368,0,0.0,nan,nan,0,0.2987106043801707
AF-Q14153-2-F1,74883,66419,2.569937229156494,2.263737916946411,5.901585578918457,7.459277153015137,12.141672134399414,8464,0.11302965960231294,2.3861937522888184,2.0135886669158936,5.816596031188965,7.391799449920654,9.256013870239258,370,0,0.0,nan,nan,0,0.29209015421025764
AF-Q0WR66-2-F1,127545,113139,3.7917423248291016,3.5358126163482666,8.13028621673584,9.951891899108887,13.656502723693848,14406,0.1129483711631189,3.42738676071167,2.9792070388793945,7.9533257484436035,10.151464462280273,12.915648460388184,698,0,0.0,nan,nan,0,0.2946904501594243
AF-Q9LQX5-2-F1,62193,55170,3.225192070007324,2.9346609115600586,7.208787441253662,8.789322853088379,13.077176094055176,7023,0.1129226761854228,2.8125545978546143,2.3287315368652344,6.90470027923584,8.688790321350098,11.476926803588867,299,0,0.0,nan,nan,0,0.291680777951559
AF-P22022-F1,134223,119072,1.8963305950164795,1.5352818965911865,4.840724945068359,6.3777384757995605,11.784916877746582,15151,0.11287931278543915,1.950716257095337,1.6010068655014038,4.890026092529297,6.5585246086120605,10.929293632507324,729,0,0.0,nan,nan,0,0.2920945159500715
AF-F5B8W5-F1,107677,95523,3.467960834503174,3.0344629287719727,8.270146369934082,10.191178321838379,23.68999481201172,12154,0.11287461574895288,3.7454335689544678,3.4263203144073486,8.471855163574219,9.979949951171875,15.466558456420898,574,0,0.0,nan,nan,0,0.29867410729186217
AF-A9ZPC9-F1,189134,167822,4.276604175567627,4.037914276123047,9.068292617797852,11.025179862976074,16.193937301635742,21312,0.11268201381031438,3.779367685317993,3.408613681793213,8.568886756896973,10.834386825561523,16.128795623779297,1054,0,0.0,nan,nan,0,0.28787262184815043
AF-Q9ZV08-2-F1,49978,44349,1.8867216110229492,1.573689341545105,4.530852317810059,5.867034435272217,8.742853164672852,5629,0.11262955700508223,2.0572755336761475,1.7743502855300903,4.804495811462402,6.191521644592285,7.737157821655273,252,0,0.0,nan,nan,0,0.28656523312901994
AF-P14138-3-F1,50656,44955,2.500946521759033,2.2082512378692627,5.819701194763184,7.318921089172363,13.408782005310059,5701,0.1125434301958307,2.4545795917510986,2.1181740760803223,5.950660705566406,7.512665271759033,10.061186790466309,266,0,0.0,nan,nan,0,0.0007457522278999651
AF-Q9LQX5-F1,78514,69681,1.8542083501815796,1.4558684825897217,4.97966194152832,6.703479766845703,11.802512168884277,8833,0.1125022289018519,1.875624656677246,1.5386478900909424,4.8001532554626465,6.73834753036499,16.560474395751953,407,0,0.0,nan,nan,0,0.2952908626767903
AF-Q54PK9-F1,168951,149966,2.589078903198242,2.1454105377197266,6.41141414642334,9.673810005187988,18.386987686157227,18985,0.11236985871643257,2.1106677055358887,1.6815099716186523,5.481958866119385,8.253623962402344,18.1671085357666,888,0,0.0,nan,nan,0,0.2914972818926096
AF-Q9USS2-F1,168108,149229,1.971839427947998,1.6124837398529053,5.0001068115234375,7.1504106521606445,14.532461166381836,18879,0.11230280533942466,2.3558831214904785,2.0642971992492676,5.47645902633667,7.10443639755249,20.3194637298584,907,0,0.0,nan,nan,0,0.29698548602863006
AF-Q9LUS7-F1,31339,27821,2.436354875564575,2.1556220054626465,5.641106128692627,7.672868728637695,11.973006248474121,3518,0.11225629407447589,2.6146907806396484,2.4267444610595703,5.679553985595703,7.961723804473877,11.551264762878418,157,0,0.0,nan,nan,0,0.29520255304180654
AF-B4JYN3-F1,180972,160669,2.0257294178009033,1.8104242086410522,4.781054973602295,6.1873884201049805,17.928955078125,20303,0.11218862586477465,2.132246255874634,1.9010921716690063,5.061514377593994,6.442879676818848,14.876508712768555,880,0,0.0,nan,nan,0,0.28493236931703003
AF-Q6ZVF9-F1,179958,159774,1.6846002340316772,1.3699079751968384,4.334594249725342,5.661471843719482,10.947355270385742,20184,0.11215950388423966,1.7552202939987183,1.4731625318527222,4.346547603607178,5.794188976287842,9.034021377563477,1048,0,0.0,nan,nan,0,0.0008065851545087099
AF-Q96S94-3-F1,70373,62498,6.202511787414551,6.249321937561035,9.647658348083496,10.90004825592041,16.499391555786133,7875,0.11190371307177469,5.75967264175415,5.847430229187012,9.581277847290039,11.00511360168457,14.700642585754395,377,0,0.0,nan,nan,0,0.25390222240917093
AF-Q96LX7-3-F1,23680,21033,2.0945756435394287,1.9485224485397339,4.6184515953063965,5.740482807159424,8.079254150390625,2647,0.1117820945945946,2.5072977542877197,2.4301655292510986,5.199230194091797,6.128037452697754,7.278075218200684,134,0,0.0,nan,nan,0,0.000776356851747928
AF-O15265-2-F1,211614,187978,5.753262519836426,5.668350696563721,9.25357437133789,11.275256156921387,18.117759704589844,23636,0.11169393329363841,5.21946382522583,5.040165901184082,9.008638381958008,11.006525039672852,16.35428810119629,1156,0,0.0,nan,nan,0,0.28261696402011827
AF-O75400-5-F1,24029,21348,1.6727007627487183,1.2511892318725586,4.97069787979126,6.727901458740234,8.614961624145508,2681,0.1115735153356361,1.6472452878952026,1.022032380104065,5.267942905426025,6.659670352935791,7.796271800994873,119,0,0.0,nan,nan,0,0.0007861600844036865
AF-Q80Z64-2-F1,65796,58468,2.3522775173187256,1.7646856307983398,6.839890003204346,9.01795768737793,12.724138259887695,7328,0.11137455164447686,2.1661922931671143,1.6820251941680908,5.8632612228393555,8.488285064697266,12.242835998535156,310,0,0.0,nan,nan,0,0.26763584969113685
AF-P85797-F1,50241,44652,2.385298013687134,2.0644328594207764,5.656301975250244,7.34320592880249,13.511502265930176,5589,0.11124380486057205,2.316718578338623,1.9405373334884644,5.515881061553955,7.388571262359619,13.394855499267578,234,0,0.0,nan,nan,0,0.2971273600661021
AF-Q6NYC8-2-F1,90874,80773,2.0171022415161133,1.7383674383163452,4.825079917907715,6.543234348297119,11.124407768249512,10101,0.11115390540748729,2.1271557807922363,1.9079766273498535,4.847255229949951,6.416836738586426,10.298504829406738,474,0,0.0,nan,nan,0,0.29469788970817257
AF-Q7XYY2-2-F1,150515,133805,2.3842012882232666,2.0058887004852295,5.800477981567383,8.606565475463867,17.963533401489258,16710,0.11101883533202671,1.9744083881378174,1.5035572052001953,5.33073616027832,7.533146858215332,17.4656982421875,753,0,0.0,nan,nan,0,0.2915869842329806
AF-O02748-F1,161443,143526,1.6044013500213623,1.3064608573913574,4.152750492095947,5.7025651931762695,11.2578125,17917,0.11098034600447217,1.9699994325637817,1.718137264251709,4.75215482711792,6.154601097106934,8.85770320892334,811,0,0.0,nan,nan,0,0.2999119156149622
AF-Q8BWR2-F1,31928,28389,2.909224510192871,2.104717254638672,8.239330291748047,12.401239395141602,18.921077728271484,3539,0.1108431470809321,3.3221628665924072,2.4472849369049072,9.070978164672852,12.897269248962402,19.066320419311523,160,0,0.0,nan,nan,0,0.2828679092476041
AF-Q9W0K7-F1,203101,180595,1.78635573387146,1.5112340450286865,4.374288558959961,5.842866897583008,10.952479362487793,22506,0.11081186207847327,1.781585454940796,1.448714017868042,4.499851226806641,5.933650970458984,13.372193336486816,1059,0,0.0,nan,nan,0,0.2937438591390691
AF-Q14934-18-F1,139015,123623,1.8199948072433472,1.4772008657455444,4.685328483581543,6.210286617279053,11.791507720947266,15392,0.11072186454699133,2.100274085998535,1.7843148708343506,5.147833347320557,6.499168395996094,10.803281784057617,701,0,0.0,nan,nan,0,0.2923807960347242
AF-Q1L9C7-2-F1,40590,36099,2.4185876846313477,2.1175179481506348,5.560770034790039,6.826580047607422,10.127018928527832,4491,0.1106430155210643,2.505795478820801,2.330493688583374,5.509344577789307,7.015671730041504,9.483671188354492,222,0,0.0,nan,nan,0,0.2825908957544714
AF-A8WRJ2-F1,143940,128015,2.285118818283081,1.9119856357574463,5.622962951660156,7.77466344833374,16.65433120727539,15925,0.1106363762678894,2.4046599864959717,2.0478062629699707,5.68533992767334,7.4860453605651855,15.444929122924805,763,0,0.0,nan,nan,0,0.29297354942702636
AF-A8WJR8-F1,149909,133340,5.925065517425537,5.497592926025391,11.258068084716797,13.370341300964355,46.729618072509766,16569,0.11052705307886784,5.303757667541504,4.876585960388184,10.579151153564453,13.261690139770508,29.874784469604492,752,0,0.0,nan,nan,0,0.28622225394622347
AF-Q6C9N0-F1,136063,121041,2.7079646587371826,2.3536646366119385,6.324592113494873,8.283488273620605,16.027332305908203,15022,0.11040473898120723,2.6403791904449463,2.368346691131592,6.068400859832764,7.915746688842773,14.713075637817383,685,0,0.0,nan,nan,0,0.28619771782370684
AF-Q9C9F6-F1,165010,146812,6.473358154296875,6.3732476234436035,10.480591773986816,12.046833992004395,15.521899223327637,18198,0.11028422519847282,7.0268449783325195,7.00053596496582,11.038134574890137,12.433034896850586,14.772911071777344,835,0,0.0,nan,nan,0,0.2900232523867333
AF-P70324-2-F1,148007,131704,2.325287103652954,1.8097577095031738,6.340176582336426,9.884932518005371,20.500770568847656,16303,0.11015019559885682,2.163727045059204,1.6926379203796387,5.734134674072266,9.06318187713623,19.965444564819336,808,0,0.0,nan,nan,0,0.2918206002422108
AF-A5DSS9-F1,85954,76488,2.078375816345215,1.6798374652862549,5.236183166503906,7.805627822875977,14.083030700683594,9466,0.11012867347651069,2.215095043182373,1.8781187534332275,5.183937072753906,7.196049213409424,11.782925605773926,430,0,0.0,nan,nan,0,0.2713317774380053
AF-Q6JHY2-3-F1,76636,68201,2.052363157272339,1.8595925569534302,4.571373462677002,6.135193824768066,13.701876640319824,8435,0.11006576543660943,1.9208483695983887,1.655240774154663,4.630810737609863,5.938950538635254,11.226061820983887,398,0,0.0,nan,nan,0,0.2888982868005967
AF-Q5SW24-2-F1,143599,127796,2.6071507930755615,2.2744524478912354,6.171093940734863,8.12582015991211,11.821687698364258,15803,0.11004951287961616,2.363859176635742,1.9563487768173218,6.0385613441467285,7.784646511077881,10.805378913879395,756,0,0.0,nan,nan,0,0.2956910186295011
AF-I1C083-F1,18284,16275,5.946314334869385,5.781868934631348,9.936097145080566,12.245238304138184,15.204089164733887,2009,0.10987748851454823,6.516129016876221,6.617252349853516,10.186810493469238,12.148305892944336,13.914055824279785,95,0,0.0,nan,nan,0,0.28961290971818054
AF-Q99932-2-F1,113941,101439,2.13246750831604,1.9426913261413574,4.710324287414551,5.9893479347229,10.715774536132812,12502,0.10972345336621585,2.5433542728424072,2.4797189235687256,5.218618392944336,6.2635955810546875,9.7056303024292,531,0,0.0,nan,nan,0,0.29648687177059896
AF-O95467-F1,60122,53529,3.043860673904419,2.6974830627441406,7.12759256362915,8.795088768005371,11.663984298706055,6593,0.1096603572735438,3.625328779220581,3.4526124000549316,8.026494979858398,9.30283260345459,11.308639526367188,360,0,0.0,nan,nan,0,0.0007671768900818776
AF-Q9M0K4-F1,61286,54573,2.1084444522857666,1.6031149625778198,5.972901344299316,8.022504806518555,14.46902084350586,6713,0.10953561988056,2.017946481704712,1.6494566202163696,5.23000955581665,7.790604114532471,13.859161376953125,309,0,0.0,nan,nan,0,0.2980392834658798
AF-A0A8M1NHK4-F1,113505,101119,2.0714001655578613,1.665731430053711,5.3034186363220215,8.247030258178711,15.884306907653809,12386,0.10912294612572133,2.045896291732788,1.6668939590454102,4.908919811248779,7.079336166381836,15.856308937072754,521,0,0.0,nan,nan,0,0.2927078137861333
AF-Q499A3-F1,107115,95427,5.245418071746826,5.27243185043335,9.141153335571289,11.168360710144043,15.593948364257812,11688,0.10911637025626662,5.672183990478516,5.733726978302002,9.528022766113281,11.208051681518555,15.512520790100098,572,0,0.0,nan,nan,0,0.2921066937205823
AF-O02751-F1,111208,99076,2.3275089263916016,2.003964424133301,5.493589401245117,7.417230606079102,20.210172653198242,12132,0.10909287101647364,2.7988576889038086,2.5808873176574707,6.0139617919921875,7.431248188018799,13.299042701721191,617,0,0.0,nan,nan,0,0.2936981157132734
AF-Q49W78-F1,10341,9213,5.750919342041016,5.732484817504883,9.854814529418945,15.143542289733887,22.868194580078125,1128,0.10908035973310125,6.180919647216797,6.4442338943481445,9.749761581420898,13.34670639038086,22.83724021911621,55,0,0.0,nan,nan,0,0.0006883227174911966
AF-Q76N32-2-F1,138207,123134,3.0344557762145996,2.8093202114105225,6.751282215118408,8.886516571044922,13.856087684631348,15073,0.10906104611199144,3.3774335384368896,3.2844278812408447,7.186002731323242,8.64953899383545,12.969769477844238,758,0,0.0,nan,nan,0,0.24823482614551484
AF-B7N7Y9-F1,18501,16489,5.087846279144287,4.850955486297607,9.535133361816406,10.917573928833008,12.352749824523926,2012,0.10875087833090104,5.630187511444092,5.614413738250732,9.810688018798828,10.877456665039062,12.359467506408691,77,0,0.0,nan,nan,0,0.29264171297988584
AF-P36041-F1,150109,133801,3.1813907623291016,2.979607343673706,6.405445098876953,7.790207862854004,13.68700122833252,16308,0.10864105416730509,2.7307417392730713,2.4159016609191895,6.22157621383667,7.915503978729248,11.151618003845215,755,0,0.0,nan,nan,0,0.2822438347259594
AF-P86857-F1,34423,30686,2.5460879802703857,2.3655736446380615,5.256746768951416,6.898589611053467,12.057504653930664,3737,0.10856113644946692,2.3262083530426025,1.9747480154037476,5.313091278076172,7.2454094886779785,10.95124626159668,164,0,0.0,nan,nan,0,0.26108611589782793
AF-Q12310-F1,128605,114664,1.9618099927902222,1.632440209388733,4.843278884887695,6.419741153717041,11.298094749450684,13941,0.10840169511294273,2.072640895843506,1.7975389957427979,4.951515197753906,6.426152229309082,10.21769905090332,631,0,0.0,nan,nan,0,0.2969357893870247
AF-P43780-F1,16729,14919,1.6933456659317017,1.3901104927062988,4.3406453132629395,5.637744903564453,9.736929893493652,1810,0.10819534939326918,1.7015193700790405,1.507213830947876,4.138630390167236,5.456241607666016,8.266921997070312,86,0,0.0,nan,nan,0,0.2512562961032022
AF-Q08887-F1,134682,120125,2.632911443710327,2.3672773838043213,5.810398578643799,7.027881622314453,11.473502159118652,14557,0.10808422803344174,2.2669973373413086,1.8983486890792847,5.591018199920654,7.046014308929443,11.43731689453125,669,0,0.0,nan,nan,0,0.2821224461991825
AF-P82946-F1,11447,10211,2.5034596920013428,2.28808331489563,5.407758712768555,6.59050178527832,8.144119262695312,1236,0.10797588887918232,3.1145236492156982,3.1399731636047363,5.812183380126953,6.886539459228516,7.851480484008789,53,0,0.0,nan,nan,0,0.29715616492870234
AF-P11308-2-F1,70530,62915,1.5709989070892334,1.166343331336975,4.331972122192383,7.234284400939941,11.325697898864746,7615,0.10796824046505034,1.635985255241394,1.3605389595031738,4.003093242645264,6.019374370574951,10.784815788269043,337,0,0.0,nan,nan,0,0.2740659770831746
AF-A0A2R8Y7D0-F1,21322,19020,3.0033602714538574,2.679042339324951,6.915974140167236,8.81006145477295,16.050106048583984,2302,0.1079636056655098,2.889486074447632,2.637432813644409,6.415656566619873,8.229296684265137,14.996883392333984,103,0,0.0,nan,nan,0,0.0007942147204169636
AF-Q9HCS4-F1,131810,117582,2.323582649230957,1.798215389251709,6.766389846801758,9.200937271118164,15.388307571411133,14228,0.10794325165010242,2.1020195484161377,1.5824438333511353,6.006577968597412,8.255180358886719,15.370643615722656,704,0,0.0,nan,nan,0,0.2841182765661078
AF-Q9C670-2-F1,79306,70748,2.3405158519744873,2.08915376663208,5.4312520027160645,6.989910125732422,9.784191131591797,8558,0.1079111290444607,2.7823801040649414,2.5855712890625,6.066529273986816,7.271564960479736,8.931835174560547,399,0,0.0,nan,nan,0,0.2803822450563137
AF-Q3URY2-2-F1,78463,69999,2.060771942138672,1.8264409303665161,4.773950576782227,6.127128601074219,10.44400405883789,8464,0.10787250041420797,2.3224985599517822,2.0753533840179443,5.331846714019775,6.417746543884277,11.031150817871094,353,0,0.0,nan,nan,0,0.2853366263348467
AF-Q63665-3-F1,61875,55203,2.1372926235198975,1.7505981922149658,5.522276401519775,6.942358493804932,9.948938369750977,6672,0.10783030303030303,2.475332498550415,2.042215585708618,6.168771266937256,7.123995780944824,9.238618850708008,302,0,0.0,nan,nan,0,0.2728965280467366
AF-Q5DU00-F1,96041,85696,2.580982208251953,2.2668206691741943,6.054222106933594,7.7737884521484375,13.058952331542969,10345,0.10771441363584303,2.8453528881073,2.4453580379486084,6.787785530090332,8.360580444335938,13.46657657623291,527,0,0.0,nan,nan,0,0.000809620752974749
AF-Q05519-2-F1,109311,97538,5.564151287078857,4.988431930541992,10.848691940307617,12.719686508178711,17.301239013671875,11773,0.10770187812754435,5.301893711090088,5.080965518951416,11.128254890441895,13.059663772583008,16.932050704956055,592,0,0.0,nan,nan,0,0.284779093939746
AF-O14246-F1,104443,93213,3.4332594871520996,3.277254819869995,7.018808841705322,8.770797729492188,18.28883934020996,11230,0.10752276361268825,3.8981738090515137,3.890653610229492,7.394093036651611,8.735177040100098,17.890413284301758,552,0,0.0,nan,nan,0,0.2833732307757503
AF-A0A0G2JUG7-F1,189318,168965,2.2915453910827637,1.8441818952560425,5.872600078582764,8.680962562561035,15.690834045410156,20353,0.10750694598506218,2.1334469318389893,1.7276705503463745,5.504525184631348,7.732027530670166,15.497659683227539,989,0,0.0,nan,nan,0,0.28634611682713407
AF-P0AFP2-F1,21619,19295,2.3132269382476807,1.904234766960144,5.459069728851318,8.963554382324219,15.163382530212402,2324,0.10749803413663907,2.33260440826416,2.0350229740142822,5.305048942565918,7.725573539733887,14.063005447387695,107,0,0.0,nan,nan,0,0.25535998444961927
AF-Q93NY7-F1,129057,115185,2.095564365386963,1.3887487649917603,6.235681533813477,10.400721549987793,30.36184310913086,13872,0.10748738929310304,2.1031949520111084,1.697974443435669,5.397994041442871,8.745086669921875,27.374784469604492,625,0,0.0,nan,nan,0,0.2989735062347936
AF-O01477-F1,123873,110561,4.175273895263672,4.081714153289795,7.908344745635986,9.883191108703613,16.089418411254883,13312,0.10746490357059246,4.508733749389648,4.501833438873291,8.233548164367676,9.654312133789062,15.474072456359863,588,0,0.0,nan,nan,0,0.28366213131540163
AF-Q03571-F1,105997,94608,2.4692678451538086,1.9763789176940918,6.383881092071533,8.443556785583496,14.477667808532715,11389,0.10744643716331594,2.153743267059326,1.6348052024841309,5.850497245788574,8.119046211242676,14.48373031616211,488,0,0.0,nan,nan,0,0.28403007529951674
AF-P0CG36-F1,48796,43556,2.5039000511169434,2.3310139179229736,5.498676300048828,7.244996070861816,15.91033935546875,5240,0.10738585129928682,2.3290228843688965,2.0054879188537598,5.49942684173584,7.057119846343994,14.380324363708496,231,0,0.0,nan,nan,0,0.29139568480261213
AF-Q8R2G6-F1,183033,163397,4.770486354827881,4.703061103820801,8.234965324401855,10.02444076538086,23.379379272460938,19636,0.10728120065780487,4.093209266662598,3.9303297996520996,7.778528213500977,9.358037948608398,18.208425521850586,926,0,0.0,nan,nan,0,0.2901445092563386
AF-Q84V03-3-F1,159194,142118,1.8221306800842285,1.4682183265686035,4.595708847045898,6.475531578063965,15.619134902954102,17076,0.10726534919657776,2.006742477416992,1.6670198440551758,4.903042316436768,6.470220565795898,14.77566909790039,777,0,0.0,nan,nan,0,0.2949242441853259
AF-Q1KMD3-F1,132772,118535,5.732280731201172,5.809887886047363,11.092503547668457,12.692421913146973,19.465042114257812,14237,0.10722893381134577,5.977140426635742,6.1850361824035645,11.580177307128906,12.913249015808105,18.731237411499023,670,0,0.0,nan,nan,0,0.2886569628906157
AF-Q95ZL9-F1,25101,22410,2.450831174850464,2.1483216285705566,5.5755510330200195,6.862423896789551,10.55420970916748,2691,0.10720688418788096,2.5085806846618652,2.1195244789123535,5.827909469604492,6.6970672607421875,10.027803421020508,120,0,0.0,nan,nan,0,0.29147651285912624
AF-P02831-F1,98390,87851,3.127711296081543,2.604496955871582,7.987823963165283,10.535266876220703,20.100461959838867,10539,0.10711454416099198,2.719630718231201,2.1628072261810303,7.263296604156494,9.913985252380371,20.23101234436035,453,0,0.0,nan,nan,0,0.29758660939238435
AF-Q92858-F1,82006,73223,2.2377490997314453,1.778947114944458,5.918285369873047,7.921268463134766,14.897149085998535,8783,0.10710191937175328,2.22965407371521,1.8478813171386719,5.624509811401367,7.605849742889404,14.018960952758789,376,0,0.0,nan,nan,0,0.272621230745306
AF-Q9Y2G2-3-F1,66239,59145,6.569929122924805,6.532182216644287,10.582493782043457,12.276739120483398,17.72285270690918,7094,0.10709702743096967,7.031613349914551,7.075100421905518,11.040840148925781,12.469670295715332,16.33088493347168,323,0,0.0,nan,nan,0,0.297405868020556
AF-P24610-F1,100064,89355,3.1659419536590576,2.283054828643799,9.961935997009277,13.979228973388672,20.67201042175293,10709,0.10702150623600895,2.924041986465454,2.074547529220581,9.364143371582031,13.477618217468262,20.882183074951172,471,0,0.0,nan,nan,0,0.29259282587933755
AF-Q91ZD6-F1,53568,47837,2.442087173461914,2.07914662361145,6.136362552642822,8.395060539245605,14.023568153381348,5731,0.106985513739546,3.0209333896636963,2.7560596466064453,7.179034233093262,8.885699272155762,11.582778930664062,282,0,0.0,nan,nan,0,0.27909266688780365
AF-J9VND4-F1,179524,160321,3.0795679092407227,2.917905330657959,6.382587909698486,7.7220845222473145,13.491676330566406,19203,0.10696619950535861,2.591732978820801,2.2470343112945557,6.167184352874756,7.674843788146973,13.440291404724121,885,0,0.0,nan,nan,0,0.29907226009740107
AF-Q8WXC6-1-F1,54930,49059,2.1502389907836914,1.7859923839569092,5.489713191986084,8.147069931030273,12.408504486083984,5871,0.1068814855270344,2.5026261806488037,2.1718697547912598,5.999094009399414,8.855091094970703,12.219860076904297,289,0,0.0,nan,nan,0,0.2716962875664186
AF-Q94CU5-F1,189287,169058,2.2284810543060303,1.902439832687378,5.4409990310668945,7.2157487869262695,15.014067649841309,20229,0.1068694627734604,2.0253751277923584,1.692902684211731,5.052215099334717,6.927252292633057,14.367286682128906,996,0,0.0,nan,nan,0,0.294811660826939
AF-Q9LRY0-F1,46016,41100,2.6026418209075928,2.41340970993042,5.787609100341797,7.667812824249268,11.44869327545166,4916,0.10683240611961058,2.5461080074310303,2.321049213409424,5.668641090393066,7.782027244567871,10.826956748962402,218,0,0.0,nan,nan,0,0.27592205570421247
AF-Q9SF36-F1,156504,139797,3.056048631668091,3.0470454692840576,6.15785551071167,7.427251815795898,10.579373359680176,16707,0.10675126514338291,3.589214324951172,3.6557157039642334,6.814462661743164,7.757801055908203,10.331480979919434,843,0,0.0,nan,nan,0,0.2818594656688451
AF-Q8TGJ1-F1,11588,10351,1.1278371810913086,0.7843595147132874,3.2468276023864746,4.608396530151367,7.163969039916992,1237,0.10674836037279944,1.0667743682861328,0.768549382686615,3.158991813659668,4.605687141418457,6.144821643829346,59,0,0.0,nan,nan,0,0.2670051576136363
AF-V6F5E5-F1,96060,85810,2.3839805126190186,1.8259682655334473,6.37279748916626,9.01683235168457,19.76820945739746,10250,0.10670414324380595,2.693758726119995,2.2429301738739014,6.5618438720703125,8.826821327209473,18.91762924194336,491,0,0.0,nan,nan,0,0.27587783705501945
AF-O35885-F1,56489,50462,1.7951252460479736,1.3880882263183594,4.827860355377197,6.427621841430664,11.967702865600586,6027,0.10669333852608473,2.0303525924682617,1.69358491897583,5.001440048217773,6.3801374435424805,11.18881607055664,290,0,0.0,nan,nan,0,0.291420567765842
AF-P05059-F1,102938,91967,5.487057209014893,5.392988204956055,9.63469123840332,10.905362129211426,15.962808609008789,10971,0.1065787172861334,5.9952311515808105,6.026566028594971,10.266152381896973,11.340764999389648,15.286526679992676,535,0,0.0,nan,nan,0,0.2904990581675567
AF-Q9VH89-F1,212227,189617,4.427374839782715,4.4120965003967285,8.709127426147461,10.376669883728027,21.960006713867188,22610,0.10653686854170298,3.9007346630096436,3.698803424835205,8.533403396606445,10.39721965789795,16.756988525390625,1100,0,0.0,nan,nan,0,0.29451321225324667
AF-P54256-2-F1,134765,120425,5.88777494430542,5.764533042907715,10.913063049316406,13.845756530761719,19.227243423461914,14340,0.10640745000556524,6.4162211418151855,6.218928337097168,11.93702507019043,14.610875129699707,18.377849578857422,699,0,0.0,nan,nan,0,0.27442971418707796
AF-Q8IUH3-3-F1,78923,70528,1.7071940898895264,1.3381667137145996,4.463225364685059,6.542527198791504,14.014885902404785,8395,0.10636949938547699,1.799167513847351,1.5073728561401367,4.358035087585449,6.363463878631592,13.161433219909668,363,0,0.0,nan,nan,0,0.2955081901724226
AF-O94864-4-F1,59345,53036,2.9154889583587646,2.8190300464630127,5.6839094161987305,6.856746673583984,9.416905403137207,6309,0.10631055691296655,3.448194742202759,3.4996986389160156,6.348189353942871,7.180537223815918,9.140497207641602,348,0,0.0,nan,nan,0,0.2927334942952252
AF-Q75EQ0-F1,77457,69227,2.2778475284576416,2.045725107192993,5.158265113830566,6.543209075927734,9.700199127197266,8230,0.10625250138786682,2.2087717056274414,1.85468327999115,5.3477301597595215,6.645720958709717,9.258813858032227,384,0,0.0,nan,nan,0,0.2994118267800975
AF-P46071-F1,169252,151275,3.2875826358795166,2.971860408782959,7.211122512817383,9.052374839782715,19.738309860229492,17977,0.1062144021931794,3.179145097732544,2.848109483718872,7.273972511291504,9.223174095153809,17.94045639038086,812,0,0.0,nan,nan,0,0.29852677567247743
AF-Q0P4V4-F1,149593,133711,5.091258525848389,5.129310607910156,8.926072120666504,10.307390213012695,15.003546714782715,15882,0.10616806936153429,5.672057151794434,5.713263511657715,9.535370826721191,10.556289672851562,16.141836166381836,775,0,0.0,nan,nan,0,0.2988551643171602
AF-Q96DH6-3-F1,29764,26606,1.712058424949646,1.413558006286621,4.254018306732178,5.4186248779296875,8.948192596435547,3158,0.10610133046633517,1.8186790943145752,1.534424066543579,4.35750675201416,5.476184368133545,7.588667869567871,140,0,0.0,nan,nan,0,0.0008099983636676855
AF-A0A7M4BDQ2-F1,118687,106116,1.8377286195755005,1.4647953510284424,4.7335333824157715,6.399722099304199,12.700064659118652,12571,0.10591724451709117,2.094634771347046,1.7777796983718872,4.9964189529418945,6.386535167694092,12.715385437011719,575,0,0.0,nan,nan,0,0.2852606519732136
AF-Q9P7Y9-F1,133912,119732,2.3103294372558594,1.8224554061889648,6.017058372497559,9.34740161895752,21.77022933959961,14180,0.1058904355098871,2.4664742946624756,2.003941535949707,6.099689483642578,9.141120910644531,21.21331787109375,688,0,0.0,nan,nan,0,0.2929692719132899
AF-P84585-F1,17757,15877,1.7580183744430542,1.448171615600586,4.376839637756348,6.308865070343018,9.195856094360352,1880,0.10587373993354733,1.8813728094100952,1.5040383338928223,4.758356094360352,7.089250087738037,8.783499717712402,74,0,0.0,nan,nan,0,0.0006947590891106525
AF-Q50770-F1,18825,16832,2.221025228500366,1.8101654052734375,5.7441725730896,9.576485633850098,15.830897331237793,1993,0.10586985391766268,2.427210807800293,2.0881850719451904,6.01181697845459,8.344283103942871,14.481664657592773,75,0,0.0,nan,nan,0,0.0007934584007210921
AF-Q0JB89-F1,73002,65277,2.1117351055145264,1.60531485080719,5.703729629516602,8.079577445983887,15.73719310760498,7725,0.10581901865702309,2.154263734817505,1.7276716232299805,5.444934368133545,7.902451038360596,15.577851295471191,379,0,0.0,nan,nan,0,0.29566616062349593
AF-P46997-F1,126275,112916,2.7170891761779785,2.317135810852051,6.482908248901367,8.222674369812012,16.278717041015625,13359,0.10579291229459513,2.72536563873291,2.4401907920837402,6.04058837890625,7.961410999298096,14.914063453674316,583,0,0.0,nan,nan,0,0.2984584593870395
AF-Q96DH6-2-F1,46284,41388,2.2454421520233154,1.8264802694320679,5.716473579406738,7.591561794281006,11.516006469726562,4896,0.10578169561835624,2.133176326751709,1.7827554941177368,5.412785530090332,7.061454772949219,9.619625091552734,200,0,0.0,nan,nan,0,0.0008225207493605113
AF-P0A182-F1,12488,11167,4.028472423553467,3.72918438911438,8.587998390197754,12.626014709472656,16.34684944152832,1321,0.10578155028827675,4.4561967849731445,4.358031749725342,8.680481910705566,11.718400001525879,16.218339920043945,66,0,0.0,nan,nan,0,0.2688354973690228
AF-P38236-F1,85318,76310,2.113370895385742,1.7580194473266602,5.361087799072266,7.247584819793701,10.238848686218262,9008,0.10558147167069083,2.5441267490386963,2.2374329566955566,6.119271755218506,7.502796649932861,10.02735424041748,401,0,0.0,nan,nan,0,0.000817703571625028
AF-D4GTA5-F1,52677,47117,6.974225044250488,6.311480522155762,14.714607238769531,18.913951873779297,22.447891235351562,5560,0.10554891128955711,7.19802713394165,6.907770156860352,14.3695650100708,18.838430404663086,22.42095375061035,245,0,0.0,nan,nan,0,0.2838692733072733
AF-B7FAS6-F1,96458,86281,2.08671236038208,1.7842180728912354,5.031519412994385,6.941830158233643,10.223478317260742,10177,0.10550706006759418,2.4926810264587402,2.3458645343780518,5.493053436279297,7.0478363037109375,10.288969993591309,453,0,0.0,nan,nan,0,0.28066622882269976
AF-Q8K3E9-2-F1,105797,94648,2.2074599266052246,1.7978861331939697,5.721017837524414,8.973533630371094,12.335480690002441,11149,0.10538105995444105,2.6663601398468018,2.2550771236419678,6.707189559936523,9.656048774719238,11.624128341674805,559,0,0.0,nan,nan,0,0.27756540383858697
AF-P38308-F1,184302,164883,6.704244136810303,6.840728282928467,10.924596786499023,13.148714065551758,22.09341049194336,19419,0.10536510726959013,6.144469261169434,6.21769905090332,10.586267471313477,12.6516695022583,22.255277633666992,903,0,0.0,nan,nan,0,0.29977034446086026
AF-P40923-F1,44375,39703,2.259777545928955,1.8823456764221191,5.6475911140441895,7.794931411743164,12.771072387695312,4672,0.10528450704225352,2.3194236755371094,2.007086753845215,5.604532241821289,7.364084720611572,12.319069862365723,201,0,0.0,nan,nan,0,0.0007778308752141028
AF-Q6CZW2-F1,11942,10689,3.60125470161438,3.489267587661743,6.930995941162109,8.312271118164062,11.522418975830078,1253,0.10492379835873387,3.9734275341033936,4.079248428344727,6.942309379577637,8.034249305725098,10.893656730651855,44,0,0.0,nan,nan,0,0.0007242722292684078
AF-Q9NX45-2-F1,42665,38190,1.935402512550354,1.532058596611023,4.8327507972717285,8.285465240478516,16.808013916015625,4475,0.104886909644908,2.0394890308380127,1.642722487449646,4.801570415496826,6.862613201141357,15.426841735839844,211,0,0.0,nan,nan,0,0.29670558157496296
AF-P22809-F1,86820,77715,2.849611282348633,2.5032033920288086,6.848796367645264,9.553260803222656,14.79448127746582,9105,0.10487214927436074,2.6127681732177734,2.240920066833496,6.461358547210693,8.575753211975098,14.326380729675293,402,0,0.0,nan,nan,0,0.13391423443489958
AF-P47845-F1,39856,35682,1.6954820156097412,1.287424087524414,4.460295677185059,7.755615234375,11.790968894958496,4174,0.10472701726214372,1.519823670387268,1.1612069606781006,4.044953346252441,5.990105152130127,11.545921325683594,163,0,0.0,nan,nan,0,0.0007770016783137379
AF-O94691-F1,142465,127547,4.806408405303955,4.7668585777282715,8.656952857971191,10.592951774597168,19.571178436279297,14918,0.10471343838837609,5.33366060256958,5.404606342315674,9.15203857421875,10.714923858642578,24.652957916259766,689,0,0.0,nan,nan,0,0.29479120687565863
AF-Q9NWV8-3-F1,38804,34741,3.241748332977295,2.929208755493164,7.2708845138549805,9.766416549682617,11.67203140258789,4063,0.10470570044325327,3.723583698272705,3.4685215950012207,8.259955406188965,10.129327774047852,11.526313781738281,209,0,0.0,nan,nan,0,0.2806803056885805
AF-B2D6K9-3-F1,108960,97555,7.764012813568115,7.425210952758789,13.648171424865723,18.56388282775879,24.1542911529541,11405,0.10467143906020558,8.245718002319336,8.098186492919922,13.380733489990234,18.871469497680664,24.63037109375,483,0,0.0,nan,nan,0,0.29602416025691247
AF-Q9SJM3-F1,188052,168371,2.296753406524658,1.9078983068466187,5.587006568908691,7.890255451202393,23.278804779052734,19681,0.10465722247038053,2.1184487342834473,1.738637089729309,5.264705181121826,7.873371124267578,22.734947204589844,1001,0,0.0,nan,nan,0,0.28158360622407796
AF-G2X3G1-F1,161939,144991,2.4332540035247803,1.9892421960830688,5.985980987548828,7.736429691314697,17.150482177734375,16948,0.10465669171725156,2.4829916954040527,2.1084213256835938,6.072944641113281,7.949367046356201,12.148031234741211,817,0,0.0,nan,nan,0,0.2964673911469252
AF-O43236-6-F1,59439,53223,2.0585684776306152,1.6943531036376953,5.212143898010254,7.425950050354004,17.717037200927734,6216,0.10457780245293494,2.4476280212402344,2.183628559112549,5.675088882446289,7.050579071044922,15.783377647399902,253,0,0.0,nan,nan,0,0.2736823478941688
AF-Q6IV18-2-F1,11917,10672,2.437967300415039,1.806412696838379,6.051636695861816,10.152606010437012,20.513029098510742,1245,0.1044726021649744,2.4166293144226074,1.880373239517212,5.818199157714844,8.869746208190918,16.192861557006836,54,0,0.0,nan,nan,0,0.28339815311366234
AF-Q28283-F1,50390,45130,2.793674945831299,2.3817386627197266,6.686189651489258,9.017115592956543,11.99997615814209,5260,0.10438579083151418,3.1566543579101562,2.8404970169067383,7.138236045837402,9.26869010925293,12.333796501159668,242,0,0.0,nan,nan,0,0.29451039886253205
AF-P13207-F1,38366,34362,2.555382013320923,2.213834285736084,5.97711706161499,7.6913652420043945,12.176095962524414,4004,0.1043632382838972,2.3998119831085205,1.9654459953308105,5.946409225463867,7.954771518707275,10.451751708984375,198,0,0.0,nan,nan,0,0.0008392336313984838
AF-P0A6Y5-F1,37617,33692,7.261584758758545,7.286796569824219,11.1787691116333,14.596822738647461,21.004898071289062,3925,0.10434112236488821,7.687352180480957,7.933106422424316,11.274680137634277,13.004120826721191,21.173297882080078,173,0,0.0,nan,nan,0,0.25844402345279416
AF-Q5DU00-2-F1,74230,66485,5.373385906219482,5.382214069366455,9.020792961120605,10.689169883728027,19.51533317565918,7745,0.10433786878620503,4.778262138366699,4.635149955749512,8.734867095947266,10.61004638671875,18.551416397094727,372,0,0.0,nan,nan,0,0.26720226791840507
AF-O32583-F1,9642,8636,2.454871892929077,2.258533477783203,5.237991809844971,7.023759841918945,12.736685752868652,1006,0.10433520016594068,2.7934842109680176,2.761593818664551,5.541875839233398,6.934903621673584,12.895112991333008,49,0,0.0,nan,nan,0,0.2584167131624776
AF-Q8N302-F1,150295,134616,4.329825401306152,4.0816802978515625,9.335362434387207,11.365850448608398,16.272872924804688,15679,0.10432150104793905,5.141712188720703,5.02150297164917,10.1583251953125,11.864662170410156,13.904763221740723,711,0,0.0,nan,nan,0,0.2720342867034401
AF-Q75WH1-F1,21842,19564,2.5073728561401367,2.2350921630859375,5.916861057281494,7.140092849731445,9.33128833770752,2278,0.10429447852760736,2.5797364711761475,2.2281980514526367,6.3626580238342285,7.358662128448486,8.447383880615234,99,0,0.0,nan,nan,0,0.000787429956723873
AF-Q9JJY4-F1,147751,132342,3.0296883583068848,2.1728267669677734,7.94270133972168,20.251667022705078,50.85157775878906,15409,0.10429032629220783,2.9998250007629395,2.3580451011657715,7.223855495452881,14.48941707611084,50.81113815307617,702,0,0.0,nan,nan,0,0.28928971505197776
AF-F4IHY7-F1,115080,103082,3.3451054096221924,2.6991679668426514,8.575511932373047,10.370530128479004,15.787510871887207,11998,0.10425790754257908,4.058719635009766,3.488288164138794,9.518882751464844,10.767081260681152,15.64743423461914,582,0,0.0,nan,nan,0,0.2781554719710252
AF-C1DFU4-F1,45604,40850,4.0799150466918945,2.941324472427368,11.612343788146973,15.99899673461914,23.413070678710938,4754,0.1042452416454697,3.817412853240967,2.9158735275268555,10.837275505065918,14.187883377075195,21.88839340209961,217,0,0.0,nan,nan,0,0.2966877631349776
AF-Q921U8-4-F1,90786,81322,3.03043270111084,2.930086612701416,6.172645092010498,7.621938705444336,13.046968460083008,9464,0.10424514793029763,2.662252187728882,2.4459452629089355,6.014440059661865,7.478084564208984,12.354548454284668,453,0,0.0,nan,nan,0,0.2665690092943557
AF-O75400-F1,189632,169869,2.5292558670043945,2.1471729278564453,6.174973964691162,8.040023803710938,14.884385108947754,19763,0.1042176425919676,2.533177614212036,2.099019765853882,6.3167619705200195,7.903843879699707,13.306479454040527,995,0,0.0,nan,nan,0,0.27055188735449764
AF-Q38CE9-F1,128724,115311,2.575845956802368,1.9915614128112793,6.656623840332031,10.44236946105957,33.693241119384766,13413,0.10419968304278922,2.745746374130249,2.2862648963928223,6.355514049530029,10.186094284057617,33.659759521484375,651,0,0.0,nan,nan,0,0.28185869819517784
AF-Q8CEZ0-F1,53710,48126,2.5039925575256348,2.184546947479248,5.837053298950195,8.169706344604492,13.5223388671875,5584,0.1039657419474958,2.6218202114105225,2.318509817123413,5.721224308013916,8.224335670471191,13.985723495483398,256,0,0.0,nan,nan,0,0.2766932975402454
AF-Q5R8Z4-F1,124471,111544,3.6502301692962646,3.4755964279174805,7.411805629730225,9.514422416687012,17.79073715209961,12927,0.10385551654602276,3.194718360900879,2.867204427719116,6.969777584075928,9.310808181762695,15.800381660461426,657,0,0.0,nan,nan,0,0.29763079496278877
AF-Q8WTS6-F1,47299,42391,8.460307121276855,8.029989242553711,14.233123779296875,16.749309539794922,19.214445114135742,4908,0.10376540730247996,9.266353607177734,9.062692642211914,14.903423309326172,17.243093490600586,18.948902130126953,209,0,0.0,nan,nan,0,0.2892362142387018
AF-Q9Y2G2-F1,87339,78291,7.426789283752441,7.549975395202637,12.586174964904785,16.054967880249023,31.202131271362305,9048,0.10359633153574005,7.764816761016846,7.970257759094238,12.669917106628418,15.759895324707031,21.20693016052246,404,0,0.0,nan,nan,0,0.27782658363862456
AF-Q61122-F1,98871,88633,2.1593291759490967,1.7634879350662231,5.492269515991211,7.175215244293213,11.207223892211914,10238,0.10354906898888451,2.2885401248931885,1.9490770101547241,5.463935375213623,7.293740272521973,10.732154846191406,479,0,0.0,nan,nan,0,0.28101920341025
AF-P0CH43-F1,14893,13351,1.7333781719207764,1.431221842765808,4.348580360412598,6.372218132019043,9.653854370117188,1542,0.10353857516954273,1.7700809240341187,1.4365965127944946,4.387143135070801,6.4571943283081055,9.452937126159668,70,0,0.0,nan,nan,0,0.0007727944414965826
AF-Q5SZJ8-4-F1,43673,39158,1.8978235721588135,1.5483615398406982,4.781611442565918,6.312934398651123,9.230567932128906,4515,0.10338195223593524,2.263916254043579,2.0223124027252197,5.144811153411865,6.569209098815918,8.728415489196777,195,0,0.0,nan,nan,0,0.2881107610635856
AF-Q84JU4-F1,43420,38933,1.731252670288086,1.3707877397537231,4.369054317474365,6.50326681137085,23.517637252807617,4487,0.10333947489636112,2.1082851886749268,1.8680518865585327,4.716936111450195,6.705265045166016,22.3212947845459,183,0,0.0,nan,nan,0,0.0007592568857019977
AF-Q9BRJ9-F1,59592,53438,2.3818578720092773,2.0251224040985107,5.887285232543945,7.74655818939209,12.138803482055664,6154,0.1032688951537119,2.4698665142059326,2.1134815216064453,6.04231071472168,8.145849227905273,11.412407875061035,291,0,0.0,nan,nan,0,0.0007877266277775963
AF-P39955-F1,176353,158154,2.4991469383239746,2.2194406986236572,5.712018966674805,7.440282344818115,19.616077423095703,18199,0.1031964298877819,2.347332000732422,2.0363359451293945,5.545284748077393,7.218703746795654,19.12194061279297,903,0,0.0,nan,nan,0,0.0007700306343015884
AF-Q9NPA3-F1,37661,33776,2.9343979358673096,2.5476670265197754,7.023542404174805,9.406014442443848,14.219451904296875,3885,0.10315711213191366,3.288280963897705,2.918607473373413,7.644869327545166,10.006791114807129,13.740680694580078,178,0,0.0,nan,nan,0,0.24815024752230175
AF-Q91WK7-F1,48935,43892,2.249551773071289,1.944185733795166,5.391725063323975,6.71579647064209,9.876936912536621,5043,0.10305507305609482,2.6119346618652344,2.3494479656219482,5.72937536239624,6.843509674072266,8.215775489807129,216,0,0.0,nan,nan,0,0.0007766298833939977
AF-Q59NP5-F1,60769,54507,3.7417678833007812,3.364147663116455,8.17158317565918,10.724932670593262,20.6302433013916,6262,0.10304596093402886,4.119029998779297,3.8913450241088867,8.479436874389648,10.46336841583252,16.44158172607422,299,0,0.0,nan,nan,0,0.2854697053036127
AF-Q8N9N5-F1,102720,92136,2.7320849895477295,2.385394334793091,6.580331802368164,9.113266944885254,17.17806053161621,10584,0.1030373831775701,3.1465296745300293,2.952772617340088,6.854649543762207,8.603346824645996,16.20840072631836,540,0,0.0,nan,nan,0,0.0008106787085875311
AF-Q12805-5-F1,57748,51801,2.135359287261963,1.6877890825271606,5.643597602844238,8.957476615905762,15.036646842956543,5947,0.10298192145182516,2.2518277168273926,1.912028431892395,5.439795017242432,8.669915199279785,13.047772407531738,264,0,0.0,nan,nan,0,0.0007960223298810742
AF-Q8NEB7-F1,96868,86893,4.201882362365723,4.10099983215332,8.201454162597656,9.776965141296387,15.51231861114502,9975,0.10297518272288061,4.665018081665039,4.641831874847412,8.804265022277832,10.128157615661621,13.886068344116211,487,0,0.0,nan,nan,0,0.2725229550533773
AF-Q5AP53-F1,135307,121377,2.506096124649048,1.9099842309951782,6.685519695281982,11.06302547454834,22.6135311126709,13930,0.10295106683320153,2.619694471359253,2.1568946838378906,6.517336368560791,10.265909194946289,22.295940399169922,598,0,0.0,nan,nan,0,0.2823244712157408
AF-Q8WTP8-F1,60208,54012,3.940608024597168,3.5965023040771484,8.644011497497559,10.301112174987793,15.074518203735352,6196,0.10290991230401275,3.5318872928619385,3.060401439666748,8.250031471252441,10.276477813720703,14.577401161193848,279,0,0.0,nan,nan,0,0.2957159680350244
AF-B7FAS6-2-F1,53982,48429,1.471466302871704,1.2382361888885498,3.5913796424865723,5.274144649505615,8.013588905334473,5553,0.10286762254084694,1.9910914897918701,1.923871397972107,4.472984790802002,5.6694016456604,7.118091583251953,271,0,0.0,nan,nan,0,0.0007717844825416709
AF-O28434-F1,12601,11306,2.405550718307495,2.214733600616455,5.313712120056152,6.091071605682373,7.286877632141113,1295,0.1027696214586144,2.9710304737091064,2.8838284015655518,5.741628170013428,6.231650352478027,7.420973300933838,57,0,0.0,nan,nan,0,0.0007400865130189338
AF-Q9NWV8-F1,50585,45388,5.462981224060059,5.339933395385742,9.761109352111816,11.368978500366211,16.26384925842285,5197,0.10273796580013839,6.102689266204834,6.099468231201172,10.260623931884766,11.471388816833496,15.933242797851562,261,0,0.0,nan,nan,0,0.2796127754013611
AF-Q9VUB4-F1,95192,85414,3.775125503540039,3.3480663299560547,8.5354642868042,11.39346981048584,16.33997344970703,9778,0.1027187158584755,4.292844772338867,4.086127281188965,8.973196983337402,11.08002758026123,15.444250106811523,423,0,0.0,nan,nan,0,0.2918038209841236
AF-P53197-F1,90627,81321,2.2683908939361572,1.933226466178894,5.457589626312256,7.396908283233643,15.622882843017578,9306,0.10268463040815651,2.1480956077575684,1.8053162097930908,5.197600364685059,7.202375888824463,15.385498046875,433,0,0.0,nan,nan,0,0.2918616052091254
AF-Q3E9I4-F1,24908,22351,2.333803176879883,1.8667387962341309,6.3436503410339355,8.344911575317383,14.38840389251709,2557,0.10265778063272844,2.265512704849243,1.8182071447372437,6.136929512023926,8.664358139038086,13.48792839050293,107,0,0.0,nan,nan,0,0.2762607149630577
AF-Q5DUY3-F1,23457,21049,10.852252006530762,10.553569793701172,18.01125144958496,22.258264541625977,29.280078887939453,2408,0.10265592360489406,10.175017356872559,9.994961738586426,16.69999885559082,20.94135284423828,28.533714294433594,106,0,0.0,nan,nan,0,0.2612534601332488
AF-Q8MJD6-F1,12719,11414,2.3601996898651123,2.0389153957366943,5.573272705078125,7.4191575050354,9.552080154418945,1305,0.10260240584951646,2.7288014888763428,2.3683204650878906,6.048165321350098,7.539397716522217,9.153532028198242,60,0,0.0,nan,nan,0,0.0008071400101865578
AF-P53820-F1,12724,11419,1.1638604402542114,0.8725754022598267,3.2976534366607666,4.8636088371276855,7.758498191833496,1305,0.10256208739390128,1.4156721830368042,1.1581833362579346,3.5178675651550293,4.883108615875244,6.670796871185303,48,0,0.0,nan,nan,0,0.0006953237293365611
AF-Q54JV5-F1,155162,139250,1.8446918725967407,1.3567607402801514,4.9222588539123535,8.65345573425293,29.726238250732422,15912,0.10255088230365682,2.084568977355957,1.6750719547271729,5.121509075164795,8.359735488891602,28.746959686279297,740,0,0.0,nan,nan,0,0.2545585052391939
AF-Q9ZWM9-F1,63308,56818,2.9182848930358887,2.271667957305908,7.916430950164795,11.983573913574219,18.535465240478516,6490,0.10251469008656094,2.6512513160705566,2.0459632873535156,7.366009712219238,10.94368839263916,15.881789207458496,311,0,0.0,nan,nan,0,0.0007852295106202112
AF-P67860-2-F1,36318,32595,1.8579092025756836,1.322364330291748,5.283825874328613,8.138236999511719,15.76831340789795,3723,0.10251115149512638,2.0743303298950195,1.6488368511199951,5.223388671875,7.723456859588623,13.96566104888916,149,0,0.0,nan,nan,0,0.17896009862743278
AF-Q6AT33-F1,57570,51670,2.1526756286621094,1.85552978515625,5.165812969207764,7.087264537811279,14.511279106140137,5900,0.1024839326037867,2.3521368503570557,2.077882766723633,5.396366119384766,7.183656215667725,14.536975860595703,272,0,0.0,nan,nan,0,0.0007662955947491668
AF-Q9BQ65-3-F1,39421,35381,1.8502135276794434,1.4452769756317139,4.865143775939941,7.78769063949585,13.019586563110352,4040,0.10248344790847518,2.033823013305664,1.740429401397705,5.044465065002441,7.111892223358154,11.541290283203125,205,0,0.0,nan,nan,0,0.28171146038110784
AF-B0XTS1-F1,115153,103372,2.089418411254883,1.740102767944336,5.196775436401367,7.314271926879883,13.498373031616211,11781,0.10230736498397784,2.2123324871063232,1.8786886930465698,5.335125923156738,7.431848526000977,13.125115394592285,526,0,0.0,nan,nan,0,0.2847050617670447
AF-A2RD55-F1,22658,20340,3.2369468212127686,3.0689356327056885,6.932002067565918,8.757051467895508,13.513691902160645,2318,0.1023038220496072,3.819103479385376,3.897406578063965,7.320033073425293,9.04521656036377,10.688542366027832,104,0,0.0,nan,nan,0,0.2502511294539186
AF-P0DW63-F1,25240,22658,2.5429015159606934,2.137030601501465,6.544812202453613,9.204748153686523,11.92358112335205,2582,0.10229793977812995,2.9994943141937256,2.7371935844421387,7.055727958679199,9.004616737365723,11.47690200805664,109,0,0.0,nan,nan,0,0.27893227888068906
AF-Q93VK8-F1,20633,18523,2.130948781967163,1.8548126220703125,5.244651794433594,7.067843437194824,11.806668281555176,2110,0.10226336451315854,2.0731682777404785,1.6083507537841797,5.430975437164307,6.77119779586792,10.673677444458008,90,0,0.0,nan,nan,0,0.0007591324965261492
AF-Q6SPE9-F1,108000,96959,2.331284761428833,1.7433819770812988,6.740328311920166,9.412851333618164,13.566617012023926,11041,0.10223148148148148,2.6550793647766113,2.0319669246673584,7.595486640930176,9.814607620239258,12.453597068786621,571,0,0.0,nan,nan,0,0.26149805737214205
AF-Q867T7-F1,110559,99258,2.854233980178833,2.6374597549438477,6.114543437957764,7.813904285430908,17.73949432373047,11301,0.10221691585488292,2.4600577354431152,2.0872442722320557,5.768984794616699,7.713395118713379,18.00618553161621,497,0,0.0,nan,nan,0,0.2631704960327793
AF-Q1CLL0-F1,31811,28560,2.7733049392700195,2.383937358856201,6.701932430267334,9.121302604675293,13.887521743774414,3251,0.10219735311684637,2.9998486042022705,2.7144880294799805,6.845436096191406,9.048177719116211,12.431384086608887,149,0,0.0,nan,nan,0,0.2435817008957205
AF-Q9VCN9-F1,124705,111971,2.758880138397217,2.0825209617614746,7.113879680633545,15.192948341369629,24.45807647705078,12734,0.10211298664849043,3.050457715988159,2.3397815227508545,7.646160125732422,15.573211669921875,23.04900360107422,568,0,0.0,nan,nan,0,0.28375236695250994
AF-Q91VL8-F1,71414,64123,4.027861595153809,3.937422275543213,7.996366500854492,9.584639549255371,12.041763305664062,7291,0.10209482734477833,4.711435794830322,4.824159622192383,8.859371185302734,10.020566940307617,11.552497863769531,365,0,0.0,nan,nan,0,0.28508947123408634
AF-P42771-2-F1,18535,16643,2.257185220718384,1.9280600547790527,5.55594539642334,7.305178165435791,9.475812911987305,1892,0.10207715133531158,2.5963826179504395,2.1831297874450684,6.238431930541992,7.583942413330078,9.18292236328125,97,0,0.0,nan,nan,0,0.0007190861294954498
AF-Q9SZP1-F1,59272,53223,2.6982390880584717,2.249155282974243,7.08052396774292,9.880955696105957,15.63316535949707,6049,0.10205493318936429,2.472259998321533,1.9987051486968994,6.473930358886719,10.005972862243652,14.685877799987793,299,0,0.0,nan,nan,0,0.2989294740919991
AF-Q9HA47-4-F1,43506,39066,2.49149227142334,1.6663858890533447,6.902277946472168,19.07074737548828,22.995187759399414,4440,0.10205488898083023,2.6003715991973877,2.0682871341705322,5.999389171600342,16.512826919555664,22.81877899169922,190,0,0.0,nan,nan,0,0.26478666226880765
AF-Q5AYE3-F1,87824,78862,5.994596481323242,5.8675055503845215,11.314807891845703,14.049025535583496,19.625822067260742,8962,0.10204499908908726,6.871182441711426,7.030486583709717,11.744749069213867,13.903861999511719,18.511457443237305,411,0,0.0,nan,nan,0,0.28668577918624916
AF-Q9P0P8-F1,52919,47521,2.386319398880005,2.077488660812378,5.430727481842041,6.8920817375183105,13.740094184875488,5398,0.10200495096279219,2.2101001739501953,1.8274766206741333,5.354438781738281,6.911892414093018,12.656806945800781,251,0,0.0,nan,nan,0,0.000772584649196606
AF-Q8N4U5-2-F1,47016,42222,3.3405230045318604,2.944575309753418,7.531817436218262,9.11722183227539,11.293340682983398,4794,0.10196528841245533,3.7348601818084717,3.5021581649780273,7.813846111297607,9.360340118408203,11.206164360046387,212,0,0.0,nan,nan,0,0.29017190733006326
AF-Q8NI38-2-F1,74959,67316,2.1232078075408936,1.7647258043289185,5.32600212097168,7.336259841918945,14.307450294494629,7643,0.10196240611534306,2.418759822845459,2.1869161128997803,5.637305736541748,7.442873001098633,12.79803466796875,323,0,0.0,nan,nan,0,0.29010825369372906
AF-Q3U0V2-F1,45957,41272,2.8427839279174805,2.363109588623047,7.171512126922607,8.972938537597656,11.647234916687012,4685,0.10194312074330353,3.3119101524353027,3.024014711380005,7.344610214233398,9.026397705078125,11.790399551391602,217,0,0.0,nan,nan,0,0.0007370780444970748
AF-P05527-F1,125844,113017,2.2495369911193848,1.6933305263519287,6.434959411621094,8.380264282226562,12.162938117980957,12827,0.10192778360509838,2.5653820037841797,2.025479555130005,7.237115383148193,8.803388595581055,12.262166023254395,618,0,0.0,nan,nan,0,0.2765927961954304
AF-P41694-F1,28964,26012,1.973602533340454,1.6199207305908203,4.842068195343018,6.539914608001709,12.236580848693848,2952,0.10191962436127606,2.0316901206970215,1.7620991468429565,4.798163890838623,6.7484283447265625,11.50556468963623,122,0,0.0,nan,nan,0,0.13464403631002198
AF-Q80WJ1-F1,154480,138740,3.269359588623047,3.0906920433044434,6.5969648361206055,7.927779197692871,12.521539688110352,15740,0.1018902123252201,3.084726333618164,2.8752269744873047,6.828503608703613,8.321967124938965,12.538444519042969,724,0,0.0,nan,nan,0,0.26298804454058455
AF-A6SK19-F1,209783,188410,3.240250587463379,2.917959690093994,7.32643461227417,8.881745338439941,13.472810745239258,21373,0.1018814679931167,2.815425395965576,2.398503065109253,6.816937446594238,8.61140251159668,12.877471923828125,1129,0,0.0,nan,nan,0,0.0007970827719872009
AF-Q6DGN6-2-F1,115015,103299,4.387167453765869,4.404818534851074,7.410740852355957,8.591522216796875,13.190787315368652,11716,0.10186497413380863,3.9900999069213867,3.854801654815674,7.494203567504883,8.634130477905273,11.805868148803711,592,0,0.0,nan,nan,0,0.2578386778137347
AF-Q92796-3-F1,61566,55295,2.5217630863189697,2.145265579223633,6.202597141265869,8.144416809082031,11.644367218017578,6271,0.10185816846960985,2.343269109725952,2.001192092895508,5.764084815979004,7.559321403503418,10.46147346496582,287,0,0.0,nan,nan,0,0.29523458850944917
AF-P25042-F1,85949,77198,3.9406635761260986,3.495542049407959,8.81613826751709,11.65606689453125,16.802614212036133,8751,0.10181619332394792,3.39670467376709,3.0181009769439697,7.767794609069824,10.999456405639648,16.3128719329834,419,0,0.0,nan,nan,0,0.2881034850777249
AF-Q8WXC6-F1,12287,11036,5.336156845092773,4.915994644165039,10.448080062866211,12.935676574707031,14.50761604309082,1251,0.10181492634491739,6.10037899017334,5.893310546875,11.036563873291016,12.799554824829102,14.003615379333496,58,0,0.0,nan,nan,0,0.000746439764440332
AF-Q4IR09-F1,173704,156021,4.849231243133545,4.754461288452148,9.827101707458496,12.465271949768066,18.293710708618164,17683,0.10179961313498825,5.287916660308838,5.135689735412598,10.634148597717285,12.917530059814453,17.710535049438477,817,0,0.0,nan,nan,0,0.29763967263868396
AF-A8MTA8-2-F1,46721,41965,1.7820155620574951,1.4800057411193848,4.448186874389648,5.933925628662109,10.020047187805176,4756,0.10179576635774062,2.0454328060150146,1.7008272409439087,4.924325466156006,6.243413925170898,10.103724479675293,227,0,0.0,nan,nan,0,0.27650839731495314
AF-Q923D4-F1,16530,14850,1.9323168992996216,1.5286285877227783,4.941261291503906,6.633681297302246,12.274882316589355,1680,0.10163339382940109,2.2383463382720947,1.8912100791931152,5.2052106857299805,6.315431118011475,11.782910346984863,71,0,0.0,nan,nan,0,0.2766295489838059
AF-P34552-4-F1,79210,71161,1.578123927116394,1.2735710144042969,4.020017623901367,5.543728828430176,10.329521179199219,8049,0.1016159575811135,1.5250606536865234,1.2338701486587524,3.8632595539093018,5.435804843902588,10.234138488769531,341,0,0.0,nan,nan,0,0.28144064323276663
AF-O60729-F1,75590,67911,3.813558578491211,3.4295666217803955,8.06022834777832,11.048186302185059,25.268768310546875,7679,0.10158751157560524,3.4130442142486572,3.0113630294799805,7.647555351257324,10.169046401977539,24.30362319946289,348,0,0.0,nan,nan,0,0.27743319199996397
AF-P05524-F1,43018,38649,5.9598493576049805,5.609800815582275,12.017399787902832,15.585614204406738,24.8381290435791,4369,0.10156213677995257,5.523106098175049,5.1526780128479,11.18133544921875,15.0514497756958,18.485261917114258,212,0,0.0,nan,nan,0,0.29631932835704244
AF-A0A0H3K9F2-F1,18918,16997,4.696313381195068,4.345592975616455,9.302831649780273,15.168403625488281,34.412689208984375,1921,0.10154350354160059,5.3140411376953125,5.128195285797119,9.639213562011719,20.19432258605957,33.11483383178711,76,0,0.0,nan,nan,0,0.000743721713231893
AF-E7KCH3-F1,47601,42771,4.551011562347412,4.586986541748047,8.079898834228516,9.384055137634277,12.44210433959961,4830,0.10146845654503056,5.266550064086914,5.412250518798828,8.853325843811035,9.729283332824707,11.40389633178711,232,0,0.0,nan,nan,0,0.0007970277480977561
AF-Q13426-F1,65122,58515,3.263007640838623,3.0775647163391113,6.8699798583984375,9.07229232788086,12.60768985748291,6607,0.10145572924664475,3.9108798503875732,3.932310104370117,7.465139865875244,9.284951210021973,11.623551368713379,332,0,0.0,nan,nan,0,0.2746158373478924
AF-Q9VET0-F1,23002,20669,1.8687266111373901,1.4677815437316895,4.875669479370117,7.08593225479126,13.237937927246094,2333,0.10142596295974263,2.1624155044555664,1.819033145904541,5.20947265625,6.926766872406006,10.38348388671875,91,0,0.0,nan,nan,0,0.26551943372185816
AF-P0A946-F1,19553,17570,3.3215126991271973,2.9230401515960693,7.758185863494873,11.182853698730469,17.36471939086914,1983,0.10141666240474607,3.540686845779419,3.107898473739624,8.001029968261719,11.508169174194336,17.621904373168945,94,0,0.0,nan,nan,0,0.2686586807794856
AF-F4JCB3-F1,125863,113106,2.559567928314209,2.223982810974121,6.018195629119873,8.176819801330566,16.537425994873047,12757,0.10135623654290776,2.3368752002716064,1.927889108657837,5.844087600708008,7.712832450866699,16.305147171020508,571,0,0.0,nan,nan,0,0.2970463681224854
AF-D0NP16-F1,27617,24818,1.64788818359375,1.253675937652588,4.359163761138916,6.01170015335083,11.143109321594238,2799,0.10135061737335699,1.696729063987732,1.3519220352172852,4.205550193786621,5.9224748611450195,11.142334938049316,124,0,0.0,nan,nan,0,0.2695120548664267
AF-Q62782-F1,61172,54973,2.220424175262451,1.7106451988220215,6.066546440124512,9.277410507202148,12.96742057800293,6199,0.10133721310403453,2.1132822036743164,1.5800502300262451,5.839184761047363,8.614458084106445,13.330744743347168,263,0,0.0,nan,nan,0,0.2986056840130108
AF-Q5FZP5-F1,144168,129559,6.631054878234863,6.675750732421875,11.263331413269043,13.488993644714355,19.12806510925293,14609,0.10133316686088452,7.263416290283203,7.387869358062744,12.262539863586426,14.278674125671387,18.686920166015625,655,0,0.0,nan,nan,0,0.27741218465590867
AF-O85041-F1,185396,166613,3.8229939937591553,3.5623421669006348,8.432796478271484,10.57042121887207,15.40002727508545,18783,0.10131286543398994,3.5510854721069336,3.192553997039795,8.022821426391602,10.510506629943848,14.273122787475586,827,0,0.0,nan,nan,0,0.2959978645126622
AF-Q6RY98-F1,52856,47502,8.473573684692383,7.27005672454834,20.42985725402832,25.014423370361328,31.250226974487305,5354,0.10129408203420615,8.72210693359375,7.735533714294434,19.56366539001465,24.308822631835938,30.309694290161133,214,0,0.0,nan,nan,0,0.28374850167879206
AF-Q2NL34-F1,57128,51343,2.852057695388794,2.329348564147949,7.028774738311768,10.55154800415039,16.290191650390625,5785,0.10126382859543481,3.036449670791626,2.6295738220214844,7.075888156890869,9.666278839111328,16.005348205566406,263,0,0.0,nan,nan,0,0.2933753236697553
AF-Q9XHM1-F1,157319,141397,3.599942922592163,2.9830310344696045,8.811919212341309,11.945128440856934,19.64513397216797,15922,0.10120837279667427,4.185390472412109,3.603189468383789,9.670777320861816,11.951050758361816,19.498981475830078,735,0,0.0,nan,nan,0,0.2980243164315024
AF-Q21836-F1,80417,72279,1.7419332265853882,1.3044354915618896,4.900341987609863,7.382229804992676,11.783649444580078,8138,0.10119750798960418,2.078559398651123,1.7935020923614502,4.948429107666016,6.9018449783325195,11.485580444335938,377,0,0.0,nan,nan,0,0.2776091307741503
AF-Q02457-F1,95927,86224,2.2857508659362793,1.7350943088531494,6.294095516204834,8.59212589263916,12.968656539916992,9703,0.10114983268527108,2.27705979347229,1.8482773303985596,5.730202674865723,8.261906623840332,12.635289192199707,432,0,0.0,nan,nan,0,0.2698781961745893
AF-Q96BT3-2-F1,70159,63063,2.54005765914917,2.1783266067504883,5.98861837387085,7.5257673263549805,12.712854385375977,7096,0.1011416924414544,2.471834897994995,2.0271999835968018,6.135022163391113,7.630377769470215,11.962539672851562,355,0,0.0,nan,nan,0,0.0007494597086183941
AF-Q5A6T5-F1,105148,94515,3.4378345012664795,2.996985912322998,8.117240905761719,11.417895317077637,23.86490249633789,10633,0.10112412979799901,3.073169469833374,2.615657329559326,7.335909366607666,10.267816543579102,23.884628295898438,472,0,0.0,nan,nan,0,0.000808045584816286
AF-Q96LR2-F1,53785,48350,2.5214130878448486,2.3108208179473877,5.686483860015869,7.082913875579834,10.643942832946777,5435,0.10105047875801804,3.0979833602905273,3.0153896808624268,6.2795891761779785,7.464049816131592,9.829344749450684,250,0,0.0,nan,nan,0,0.0007693455828330364
AF-Q8RUD6-F1,27783,24976,3.2019400596618652,2.7867650985717773,7.045401573181152,11.877630233764648,25.118064880371094,2807,0.10103300579491056,3.4330105781555176,3.2557790279388428,6.999828338623047,11.097274780273438,22.549728393554688,129,0,0.0,nan,nan,0,0.2748541844511565
AF-Q9CAG5-F1,119973,107853,3.8409953117370605,3.5877206325531006,8.669727325439453,11.369646072387695,17.076082229614258,12120,0.10102273011427572,4.147140979766846,3.831857204437256,9.367358207702637,11.409905433654785,16.12800407409668,587,0,0.0,nan,nan,0,0.2941320858182558
AF-Q149C2-F1,132865,119444,1.9178731441497803,1.5957140922546387,4.717720031738281,6.3737311363220215,107.58283996582031,13421,0.10101230572385504,1.9933030605316162,1.7145953178405762,4.7960710525512695,6.340526580810547,12.503218650817871,659,0,0.0,nan,nan,0,0.2919406195105806
AF-Q10579-F1,74547,67019,2.697340488433838,2.3657686710357666,6.381638526916504,8.158315658569336,14.099845886230469,7528,0.10098327229801334,3.0909793376922607,2.823592185974121,6.801415920257568,8.39532470703125,11.572100639343262,335,0,0.0,nan,nan,0,0.28688421764126104
AF-Q61823-F1,79573,71539,3.8898704051971436,3.482858419418335,8.709014892578125,11.619379997253418,15.883410453796387,8034,0.10096389478843326,4.388282299041748,4.2469072341918945,8.927345275878906,11.188705444335938,19.246929168701172,356,0,0.0,nan,nan,0,0.29223751328825076
AF-P51617-3-F1,118627,106652,1.8642953634262085,1.471426010131836,4.8975348472595215,6.901849746704102,14.184146881103516,11975,0.1009466647559156,1.9752449989318848,1.6394981145858765,4.950500965118408,6.841984272003174,14.26912784576416,536,0,0.0,nan,nan,0,0.2973039040461355
AF-Q9UHR5-2-F1,66097,59427,2.391780138015747,2.0883102416992188,5.808582782745361,7.700682163238525,10.613195419311523,6670,0.10091229556560811,3.080301523208618,2.8151917457580566,6.8396477699279785,8.194055557250977,10.298495292663574,324,0,0.0,nan,nan,0,0.2653741122645634
AF-P04776-2-F1,65364,58776,3.0987095832824707,2.443378448486328,8.588415145874023,11.460338592529297,16.300537109375,6588,0.10078942537176427,3.5213334560394287,2.9758803844451904,8.888203620910645,11.603537559509277,16.01275062561035,271,0,0.0,nan,nan,0,0.2938063479485481
AF-Q9NAD6-F1,108632,97685,2.0039796829223633,1.6049264669418335,5.342854976654053,7.662700176239014,18.065101623535156,10947,0.10077141173871419,2.297672986984253,1.9775010347366333,5.569058895111084,7.486433982849121,17.199670791625977,486,0,0.0,nan,nan,0,0.28379037166538046
AF-P12884-F1,11693,10515,5.314003944396973,5.461521625518799,9.355979919433594,11.035411834716797,14.158648490905762,1178,0.10074403489267082,6.385404586791992,6.863059043884277,10.03600788116455,11.361040115356445,12.654890060424805,56,0,0.0,nan,nan,0,0.0006929496693866
AF-Q8CE96-4-F1,33314,29958,2.470808506011963,2.0990476608276367,5.989587306976318,7.467367649078369,10.683370590209961,3356,0.10073842828840728,3.0660266876220703,2.728085517883301,6.673911094665527,7.951041221618652,10.212726593017578,165,0,0.0,nan,nan,0,0.0007711955622888844
AF-Q5R7F9-F1,173888,156380,2.2311108112335205,1.8774988651275635,5.500123023986816,7.032262802124023,11.986385345458984,17508,0.1006854987118145,2.351621389389038,2.0449113845825195,5.555703639984131,7.10439920425415,11.238595962524414,849,0,0.0,nan,nan,0,0.2888481879080794
AF-P07834-F1,124466,111935,2.0940184593200684,1.671581745147705,5.485381603240967,8.72902774810791,13.9570951461792,12531,0.1006780968296563,2.2090885639190674,1.803387999534607,5.5154290199279785,8.854860305786133,14.331236839294434,583,0,0.0,nan,nan,0,0.29644550448328855
AF-Q65ZG8-3-F1,78001,70149,2.528212308883667,2.188680410385132,6.104329586029053,8.88145923614502,15.698888778686523,7852,0.10066537608492199,2.4329123497009277,2.0159244537353516,6.199375629425049,8.678583145141602,16.069049835205078,378,0,0.0,nan,nan,0,0.25329368505546923
AF-P17096-3-F1,44147,39705,4.687484264373779,4.075751781463623,9.681221008300781,11.914779663085938,16.53723907470703,4442,0.10061838856547443,4.427834510803223,3.8220455646514893,9.746515274047852,12.05268383026123,16.454599380493164,191,0,0.0,nan,nan,0,0.2861539517012187
AF-Q6IV18-F1,18557,16690,2.5450754165649414,2.124283790588379,6.2959980964660645,8.335973739624023,16.068294525146484,1867,0.1006089346338309,2.426274538040161,1.9524418115615845,5.8030805587768555,8.801551818847656,11.847864151000977,83,0,0.0,nan,nan,0,0.2858899430791385
AF-Q9UBU2-F1,52605,47314,4.652583599090576,4.500741958618164,8.885000228881836,10.427885055541992,17.91153907775879,5291,0.10057979279536165,3.986067056655884,3.6293859481811523,8.615165710449219,10.502751350402832,12.807021141052246,228,0,0.0,nan,nan,0,0.0007357690012979035
AF-Q9FLU1-F1,102370,92080,3.007416009902954,2.896486282348633,6.412530422210693,7.784210205078125,10.306758880615234,10290,0.10051772980365341,3.5034170150756836,3.3600568771362305,7.172288417816162,8.206096649169922,9.63628101348877,557,0,0.0,nan,nan,0,0.0008049038446266144
AF-Q9ESM3-F1,48139,43305,3.160076379776001,2.987051248550415,6.615679740905762,8.467975616455078,12.368905067443848,4834,0.10041754087122708,2.9029548168182373,2.5992331504821777,6.4749064445495605,8.566803932189941,11.361498832702637,217,0,0.0,nan,nan,0,0.27686218873375823
AF-P86807-F1,15261,13729,2.0254411697387695,1.7251148223876953,4.867726802825928,6.780279159545898,9.964797019958496,1532,0.10038660638228163,2.406024694442749,2.19191837310791,5.34849739074707,7.161540985107422,9.080644607543945,60,0,0.0,nan,nan,0,0.279214729904546
AF-Q99LS1-F1,49155,44222,3.6576201915740967,3.269866943359375,7.795038223266602,11.066049575805664,18.293577194213867,4933,0.10035601668192452,4.192474842071533,4.0331130027771,8.411081314086914,10.910225868225098,17.61505889892578,192,0,0.0,nan,nan,0,0.27488350905884673
AF-Q6UWZ7-F1,79016,71087,1.8655802011489868,1.5795267820358276,4.583262920379639,6.2710490226745605,11.393714904785156,7929,0.10034676521210895,2.1608264446258545,1.9032951593399048,4.980498313903809,6.254753112792969,10.907685279846191,348,0,0.0,nan,nan,0,0.2971177569663326
AF-Q8R555-F1,73210,65869,3.1670711040496826,2.5640478134155273,8.426077842712402,10.813529968261719,15.41059398651123,7341,0.10027318672312525,3.576803207397461,2.9763100147247314,8.70335865020752,10.990011215209961,14.606466293334961,316,0,0.0,nan,nan,0,0.2595759759613673
AF-Q840P8-F1,29392,26445,3.623807907104492,3.2230145931243896,8.61935043334961,12.350032806396484,21.597938537597656,2947,0.10026537833424061,4.100940704345703,3.9464356899261475,8.552729606628418,12.590311050415039,20.643720626831055,123,0,0.0,nan,nan,0,0.0007547095387365754
AF-A0A0G2KIZ8-F1,171486,154295,2.4658679962158203,2.00071120262146,6.354122161865234,8.769067764282227,14.863480567932129,17191,0.10024725050441435,2.7897231578826904,2.3568220138549805,6.909053802490234,9.18966293334961,15.08099365234375,771,0,0.0,nan,nan,0,0.29869684953786946
AF-O43598-2-F1,24775,22292,2.1609833240509033,1.4118292331695557,6.3734941482543945,13.767370223999023,19.366369247436523,2483,0.10022199798183652,2.3078019618988037,1.8027849197387695,5.6250433921813965,12.756758689880371,18.95208168029785,97,0,0.0,nan,nan,0,0.28691817322186364
AF-Q9R078-F1,52773,47489,2.266477584838867,1.860290288925171,5.814422130584717,7.628033638000488,10.808255195617676,5284,0.10012695886153905,2.639920234680176,2.245549440383911,6.321650981903076,7.847273826599121,10.270790100097656,224,0,0.0,nan,nan,0,0.2810638929991086
AF-P00751-2-F1,96061,86443,3.667572021484375,2.901149034500122,10.006891250610352,18.30013084411621,30.60590362548828,9618,0.1001238796181593,3.9705817699432373,3.3283424377441406,9.945505142211914,17.33742904663086,28.44314956665039,402,0,0.0,nan,nan,0,0.2789720009398612
AF-Q8CE96-3-F1,51618,46450,1.9995653629302979,1.642181396484375,5.193583965301514,7.208591461181641,14.46369457244873,5168,0.10012011313882754,2.295201301574707,1.9423828125,5.781840801239014,7.333308219909668,12.305550575256348,240,0,0.0,nan,nan,0,0.0008115926770364545
AF-Q9C7I5-F1,33242,29916,2.0858986377716064,1.7842905521392822,4.902679920196533,6.511198997497559,14.257046699523926,3326,0.10005414836652428,1.9626858234405518,1.519683837890625,5.047820091247559,6.481842041015625,10.172669410705566,150,0,0.0,nan,nan,0,0.29776849665001215
AF-Q07845-F1,89303,80368,3.6798858642578125,3.0568084716796875,8.845285415649414,17.08399200439453,26.270130157470703,8935,0.10005262981086861,3.785140037536621,3.239229202270508,8.682856559753418,13.916728019714355,24.456768035888672,372,0,0.0,nan,nan,0,0.27586964789076174
AF-Q9U2H1-F1,52490,47239,2.907952070236206,2.2471299171447754,7.949766159057617,12.596688270568848,20.85165786743164,5251,0.10003810249571347,2.539823055267334,2.029231071472168,6.699845790863037,11.685638427734375,17.845481872558594,247,0,0.0,nan,nan,0,0.29190335348234153
AF-O08807-F1,44117,39705,1.7245194911956787,1.406345009803772,4.312156677246094,6.297339916229248,14.68459701538086,4412,0.1000068000997348,2.0878684520721436,1.8286832571029663,4.849204063415527,6.562215805053711,11.307938575744629,195,0,0.0,nan,nan,0,0.2796750524327748
AF-Q9UK96-F1,134079,120671,2.8054654598236084,2.4223520755767822,6.61412239074707,8.773723602294922,18.443634033203125,13408,0.10000074582895159,2.518505811691284,2.0636520385742188,6.359777927398682,8.454119682312012,21.786087036132812,598,0,0.0,nan,nan,0,0.295152259667699
AF-P75862-F1,24708,22238,2.637112617492676,2.538632869720459,5.533806324005127,6.581143379211426,9.311717987060547,2470,0.09996762182289137,3.0026466846466064,2.996397018432617,5.930438995361328,6.858775615692139,8.595569610595703,113,0,0.0,nan,nan,0,0.0007363469316785665
AF-B4TGF8-F1,15509,13960,2.3039979934692383,2.04740047454834,5.235561847686768,6.64058256149292,9.927199363708496,1549,0.09987749048939326,2.50858473777771,2.227292537689209,5.734605312347412,7.081984519958496,9.575462341308594,83,0,0.0,nan,nan,0,0.27520401125699134
AF-Q8NBH2-3-F1,95778,86214,1.8601378202438354,1.4917566776275635,4.902309417724609,6.946726322174072,12.189193725585938,9564,0.09985591680761761,1.979716420173645,1.6422967910766602,5.083415508270264,7.311883926391602,11.081338882446289,407,0,0.0,nan,nan,0,0.2913895044787652
AF-C3TS10-F1,16635,14974,1.643919825553894,1.2461795806884766,4.5549726486206055,6.117371082305908,12.864269256591797,1661,0.0998497144574692,1.8568130731582642,1.3565298318862915,4.9914140701293945,6.025564670562744,11.82066535949707,70,0,0.0,nan,nan,0,0.26871592775569464
AF-Q6ZVD7-2-F1,37990,34198,3.990344285964966,3.098902702331543,10.255636215209961,12.884581565856934,18.39468765258789,3792,0.0998157409844696,3.9379446506500244,3.1702404022216797,9.593038558959961,12.203347206115723,16.869552612304688,157,0,0.0,nan,nan,0,0.2709403940054981
AF-Q59VH7-F1,87134,78439,6.134267330169678,5.954961776733398,10.976595878601074,13.686742782592773,18.051729202270508,8695,0.09978883099593729,6.478464126586914,6.3784027099609375,11.341426849365234,14.425907135009766,17.721912384033203,384,0,0.0,nan,nan,0,0.296788333354854
AF-Q06348-F1,51383,46256,3.645575761795044,3.029484510421753,9.25378131866455,12.530230522155762,17.296470642089844,5127,0.09978008290679796,3.322323799133301,2.635674476623535,9.260761260986328,12.134434700012207,16.541311264038086,229,0,0.0,nan,nan,0,0.2916828428276619
AF-Q54RP0-F1,91633,82491,2.7656798362731934,2.363276720046997,6.687579154968262,11.419012069702148,17.510250091552734,9142,0.09976755099145504,3.0667262077331543,2.8114635944366455,6.654214382171631,11.631342887878418,16.373472213745117,388,0,0.0,nan,nan,0,0.2801068834298135
AF-Q9BYZ8-2-F1,29610,26656,1.8368074893951416,1.4701781272888184,4.704651832580566,6.368955135345459,10.117928504943848,2954,0.09976359338061466,2.0993967056274414,1.8631441593170166,4.835873603820801,6.220688343048096,8.677520751953125,127,0,0.0,nan,nan,0,0.2776822090835217
AF-K7N5K9-F1,22594,20340,2.170325517654419,1.7531304359436035,5.570314407348633,7.0626630783081055,13.326181411743164,2254,0.09976099849517571,2.681098699569702,2.399733543395996,6.025561809539795,7.004087924957275,13.319074630737305,124,0,0.0,nan,nan,0,0.2918582696786536
AF-Q5SZJ8-3-F1,34122,30718,2.4067952632904053,1.7515604496002197,7.160604953765869,9.878252983093262,16.066682815551758,3404,0.0997596858331868,2.259308338165283,1.7614997625350952,6.204087257385254,9.06616497039795,16.025232315063477,140,0,0.0,nan,nan,0,0.000752002358182513
AF-Q9U2M5-F1,67617,60873,4.142412185668945,3.933640718460083,8.10806655883789,10.093119621276855,15.66834545135498,6744,0.09973823150982741,4.631699085235596,4.607735633850098,8.47752571105957,10.09619140625,15.457447052001953,310,0,0.0,nan,nan,0,0.2928190819449843
AF-Q54T86-F1,99751,89804,3.582946538925171,3.2895374298095703,7.337125778198242,10.431390762329102,16.818708419799805,9947,0.09971829856342292,2.978142738342285,2.646378755569458,6.718076705932617,9.061306953430176,14.574378967285156,438,0,0.0,nan,nan,0,0.28830848478180593
AF-P48732-F1,78597,70762,2.6263034343719482,2.140800714492798,6.62404727935791,8.98154067993164,15.809931755065918,7835,0.09968573864142398,2.539210557937622,2.13839054107666,6.348130226135254,8.507891654968262,12.470101356506348,337,0,0.0,nan,nan,0,0.2827621728103542
AF-Q8CT62-F1,32203,28995,2.257451057434082,1.8694779872894287,5.948002338409424,9.297220230102539,15.721877098083496,3208,0.09961804800794957,2.0912342071533203,1.6917513608932495,5.469020843505859,8.581793785095215,15.930420875549316,134,0,0.0,nan,nan,0,0.2881783977434601
AF-Q8CJ67-5-F1,24444,22009,1.8346667289733887,1.4730987548828125,4.747036457061768,6.290859222412109,9.015754699707031,2435,0.09961544755359189,1.6806843280792236,1.332067608833313,4.281148910522461,6.0284600257873535,8.757043838500977,106,0,0.0,nan,nan,0,0.14737680397690678
AF-Q8N302-3-F1,41129,37032,2.185631513595581,2.0003437995910645,5.079501628875732,6.704250335693359,9.540629386901855,4097,0.09961341146149919,2.6257686614990234,2.4896240234375,5.730214595794678,6.78127384185791,9.032493591308594,206,0,0.0,nan,nan,0,0.0008050955398897219
AF-Q9BZP6-3-F1,40328,36311,1.7426631450653076,1.3561272621154785,4.931402683258057,7.340906143188477,10.344578742980957,4017,0.099608212656219,2.195082902908325,1.8835055828094482,5.390102386474609,7.674159049987793,9.906296730041504,175,0,0.0,nan,nan,0,0.29222890368800436
AF-P0A9S7-F1,32151,28949,2.196350336074829,1.8546841144561768,5.258889675140381,7.526889801025391,18.283815383911133,3202,0.09959254766570247,2.3267459869384766,2.1012754440307617,5.156024932861328,7.240479946136475,16.033700942993164,128,0,0.0,nan,nan,0,0.2898657735513199
AF-P23142-4-F1,109423,98526,3.753727436065674,3.6906065940856934,7.4432501792907715,9.10860824584961,20.683446884155273,10897,0.09958601025378577,4.137317657470703,4.18528413772583,7.942303657531738,9.276450157165527,14.679998397827148,474,0,0.0,nan,nan,0,0.28330765063485586
AF-O75864-2-F1,58474,52651,3.3601303100585938,3.03106427192688,7.172692775726318,10.48043441772461,13.19814682006836,5823,0.0995827205253617,4.094241142272949,3.9226157665252686,8.885942459106445,11.149499893188477,12.88129711151123,304,0,0.0,nan,nan,0,0.0008032197690933662
AF-Q94A57-F1,62078,55897,1.9460461139678955,1.4942865371704102,5.400862693786621,7.238564491271973,11.848532676696777,6181,0.09956828506073005,1.9920223951339722,1.6956661939620972,5.032288074493408,6.73710298538208,9.575342178344727,287,0,0.0,nan,nan,0,0.0007934251064833919
AF-Q8N100-F1,33519,30182,2.71150803565979,2.276606559753418,6.644071578979492,8.20024299621582,14.04317569732666,3337,0.09955547599868732,2.514695882797241,2.0144691467285156,6.698888778686523,8.554900169372559,10.59984016418457,134,0,0.0,nan,nan,0,0.2975122925547764
AF-Q6KF82-F1,75441,67941,6.564821720123291,6.281527042388916,12.820759773254395,20.000465393066406,24.76223373413086,7500,0.09941543722909293,7.137993812561035,7.04244327545166,12.565165519714355,19.259685516357422,24.507413864135742,310,0,0.0,nan,nan,0,0.290378541155773
AF-Q9VNS0-F1,76675,69053,2.051846742630005,1.6479380130767822,5.315243244171143,6.955479145050049,14.358443260192871,7622,0.09940658624062602,2.0733931064605713,1.7480237483978271,5.095437526702881,6.8988213539123535,12.492859840393066,324,0,0.0,nan,nan,0,0.29070848800764404
AF-V9HVX0-F1,10756,9687,2.588730812072754,2.4078245162963867,5.813199520111084,6.953611373901367,10.037320137023926,1069,0.0993863889921904,3.2279140949249268,3.0697240829467773,6.480555057525635,7.217761516571045,8.66919994354248,45,0,0.0,nan,nan,0,0.2631275008507974
AF-Q9NWV8-2-F1,31410,28289,2.268892526626587,1.920798659324646,5.4698405265808105,7.535965442657471,14.31245231628418,3121,0.09936326010824578,2.4590978622436523,2.1883788108825684,5.412353515625,6.946290493011475,9.802515029907227,114,0,0.0,nan,nan,0,0.2829818644589285
AF-O15519-4-F1,31788,28630,2.4040088653564453,1.9154454469680786,6.339749813079834,10.411646842956543,14.48981761932373,3158,0.09934566503082924,2.235273838043213,1.8946956396102905,5.412322044372559,8.470598220825195,12.892929077148438,141,0,0.0,nan,nan,0,0.2888702965314318
AF-Q922K9-F1,73715,66392,3.0535061359405518,2.8011374473571777,6.767918109893799,8.763771057128906,15.32680892944336,7323,0.0993420606389473,3.383744478225708,3.1555469036102295,7.20444393157959,9.048726081848145,14.58225154876709,334,0,0.0,nan,nan,0,0.27940983036697864
AF-P34326-F1,39893,35931,5.118502140045166,5.008512020111084,9.812776565551758,12.182942390441895,15.66582202911377,3962,0.09931566941568697,4.4972310066223145,4.330811500549316,9.0214262008667,11.224512100219727,15.205963134765625,175,0,0.0,nan,nan,0,0.29574404795865483
AF-Q80WJ1-2-F1,64051,57693,2.389216661453247,2.1968185901641846,5.289294242858887,6.625049591064453,14.174932479858398,6358,0.09926464848323992,2.302077054977417,1.9788167476654053,5.405331134796143,6.757812976837158,11.074102401733398,312,0,0.0,nan,nan,0,0.22176953972499092
AF-P30260-2-F1,141397,127362,2.145332098007202,1.6462812423706055,5.786840438842773,8.293535232543945,14.770454406738281,14035,0.09925953167323211,2.3046610355377197,1.8414009809494019,5.997721195220947,8.283561706542969,14.211531639099121,629,0,0.0,nan,nan,0,0.29568827299988754
AF-Q99107-F1,122326,110185,2.468928575515747,2.0330615043640137,6.389700889587402,8.731490135192871,15.68368911743164,12141,0.09925118126972189,2.5430960655212402,2.173590660095215,6.179192543029785,8.384422302246094,13.056204795837402,523,0,0.0,nan,nan,0,0.0007908053148111271
AF-Q2V3I3-F1,23120,20826,3.829361915588379,3.4818363189697266,8.239946365356445,10.04679012298584,16.52707862854004,2294,0.09922145328719723,3.509169578552246,3.067873001098633,7.776091575622559,9.852606773376465,14.859339714050293,97,0,0.0,nan,nan,0,0.27423255968930194
AF-O77681-F1,79320,71451,2.6944777965545654,2.1633260250091553,7.089173793792725,9.62432861328125,12.859748840332031,7869,0.09920574886535552,2.420713424682617,1.9923169612884521,6.3793625831604,9.061125755310059,12.290316581726074,350,0,0.0,nan,nan,0,0.296628282541078
AF-A0A0P0WGX7-F1,163608,147386,3.1682791709899902,2.196347236633301,9.823200225830078,17.698474884033203,31.552196502685547,16222,0.09915163072710381,3.18508243560791,2.505779504776001,7.885800361633301,16.367122650146484,29.23835563659668,791,0,0.0,nan,nan,0,0.29704871477492456
AF-Q5SZJ8-F1,56966,51318,2.596348285675049,1.882138967514038,7.263446807861328,10.27922248840332,17.29166603088379,5648,0.09914685953024611,2.5163345336914062,1.946624517440796,6.755065441131592,9.863790512084961,17.262359619140625,243,0,0.0,nan,nan,0,0.000779542313125714
AF-Q5E913-F1,108237,97507,2.1875691413879395,1.8449150323867798,5.0982232093811035,8.485875129699707,18.743736267089844,10730,0.0991343071223334,2.205700635910034,1.8614351749420166,5.128275394439697,7.343779563903809,18.546348571777344,484,0,0.0,nan,nan,0,0.28131573191937165
AF-Q9H4X1-2-F1,25506,22979,2.7773256301879883,2.6738121509552,5.963156223297119,7.303332805633545,13.721954345703125,2527,0.09907472751509448,3.4226131439208984,3.400907278060913,6.4885573387146,7.650370121002197,10.457209587097168,112,0,0.0,nan,nan,0,0.27356417696421786
AF-Q64332-2-F1,79513,71642,1.8955938816070557,1.4100732803344727,5.453609466552734,8.752518653869629,12.802849769592285,7871,0.09899010224743124,2.1586060523986816,1.7895702123641968,5.3006134033203125,8.5369234085083,13.600948333740234,380,0,0.0,nan,nan,0,0.2608697564750996
AF-B3GYL3-F1,30607,27578,2.8592288494110107,2.780871868133545,5.91005802154541,7.322550296783447,12.059365272521973,3029,0.09896428921488548,3.32157301902771,3.36771821975708,6.1942267417907715,7.617001533508301,11.810385704040527,114,0,0.0,nan,nan,0,0.16152016370085065
AF-O26901-F1,80552,72581,4.256465911865234,3.883676290512085,9.57966423034668,12.382266998291016,19.85382652282715,7971,0.09895471248386135,4.558073997497559,4.274414539337158,9.887809753417969,12.381611824035645,18.01816177368164,335,0,0.0,nan,nan,0,0.2957881175259328
AF-Q9Z0E2-F1,149647,134843,2.6470303535461426,2.275784969329834,6.239800453186035,8.730968475341797,15.103619575500488,14804,0.09892613951499195,2.5802552700042725,2.189103126525879,6.278413772583008,8.529459953308105,14.819731712341309,654,0,0.0,nan,nan,0,0.2811818971960971
AF-Q9Y2G2-6-F1,16792,15132,1.6222100257873535,1.3230105638504028,4.007070541381836,5.029514312744141,8.004694938659668,1660,0.09885659838018104,1.8154560327529907,1.4722132682800293,4.382199287414551,5.078755855560303,8.205891609191895,82,0,0.0,nan,nan,0,0.24136231796922902
AF-Q6UWZ7-2-F1,65322,58867,1.8222562074661255,1.4997152090072632,4.492389678955078,6.099538326263428,9.779926300048828,6455,0.09881816233428248,1.8969635963439941,1.6169841289520264,4.616958141326904,6.116250038146973,8.796435356140137,297,0,0.0,nan,nan,0,0.27857967980907195
AF-Q04087-F1,83912,75621,3.0538244247436523,2.9379794597625732,6.489288330078125,7.755021095275879,12.261188507080078,8291,0.09880589188673848,2.685974359512329,2.347790479660034,6.32864236831665,7.8387532234191895,11.67148208618164,386,0,0.0,nan,nan,0,0.2864610549856367
AF-Q8RY71-2-F1,33094,29825,2.645350456237793,2.4314115047454834,5.858105182647705,7.946086406707764,12.098366737365723,3269,0.0987792349066296,3.0816447734832764,2.943577289581299,6.208987712860107,7.757746696472168,12.099112510681152,127,0,0.0,nan,nan,0,0.2837639253730905
AF-Q02MM2-F1,27263,24570,4.067264556884766,3.2549309730529785,10.371192932128906,13.031208992004395,19.67565155029297,2693,0.09877856435461982,3.7142348289489746,2.757256269454956,10.142749786376953,13.256091117858887,19.768890380859375,119,0,0.0,nan,nan,0,0.2747401844936481
AF-Q9Y2G2-2-F1,44051,39701,4.612109661102295,4.3490424156188965,9.64875316619873,12.192262649536133,15.450831413269043,4350,0.09874917709019092,5.0397820472717285,4.952287673950195,9.997962951660156,12.107250213623047,14.819344520568848,200,0,0.0,nan,nan,0,0.2843699280192682
AF-Q7Z5Q5-F1,139054,125324,3.9445207118988037,2.8936290740966797,12.442505836486816,17.63935089111328,32.08888244628906,13730,0.0987386195291038,3.5605435371398926,2.6470136642456055,10.489995002746582,16.08150863647461,31.643014907836914,572,0,0.0,nan,nan,0,0.29806655934105186
AF-Q91605-F1,32485,29278,1.868062138557434,1.6316452026367188,4.443383693695068,5.706677436828613,9.316140174865723,3207,0.09872248730183161,2.1468544006347656,1.9991551637649536,4.777378559112549,5.846609592437744,9.409189224243164,161,0,0.0,nan,nan,0,0.0007898706837916603
AF-M1JJT8-F1,35182,31709,2.854851245880127,2.4561877250671387,6.720370292663574,7.875006675720215,10.83073902130127,3473,0.09871525211756012,3.3776464462280273,3.1935272216796875,7.3270039558410645,8.206624984741211,10.259572982788086,175,0,0.0,nan,nan,0,0.2920120378732993
AF-G2XDH0-F1,66067,59552,1.9633709192276,1.4842398166656494,5.428506851196289,9.296512603759766,15.277441024780273,6515,0.09861201507560506,2.3173539638519287,1.9006593227386475,5.71448278427124,8.816329002380371,14.486443519592285,305,0,0.0,nan,nan,0,0.0008330069245507943
AF-O15519-3-F1,60807,54812,1.9688489437103271,1.6778039932250977,4.817841529846191,6.646244049072266,11.522265434265137,5995,0.09859062279013929,2.134204626083374,1.826804280281067,5.1385393142700195,6.94561767578125,10.949016571044922,259,0,0.0,nan,nan,0,0.28183972497826315
AF-P27187-F1,14425,13003,1.947506070137024,1.6218476295471191,4.829231262207031,7.4182353019714355,13.124673843383789,1422,0.098578856152513,2.072669744491577,1.813071608543396,5.027030944824219,7.4551167488098145,11.708578109741211,59,0,0.0,nan,nan,0,0.000748040553233853
AF-Q6ZWJ1-2-F1,52131,46992,2.5450797080993652,2.3648128509521484,5.473849296569824,7.050973892211914,27.60975456237793,5139,0.09857858088277609,3.070854902267456,2.9860424995422363,6.0808000564575195,7.307939052581787,13.786689758300781,266,0,0.0,nan,nan,0,0.29626348418282356
AF-Q1J6G8-F1,18561,16733,5.063776969909668,4.365967273712158,11.811173439025879,13.612138748168945,15.484304428100586,1828,0.09848607294865579,5.761341094970703,5.619994163513184,12.013819694519043,13.446290969848633,15.300956726074219,80,0,0.0,nan,nan,0,0.0007830404857468443
AF-O75864-F1,105523,95132,4.818234920501709,4.421201705932617,9.638792991638184,12.001313209533691,17.331674575805664,10391,0.09847142329160467,5.450925827026367,5.2655205726623535,10.151546478271484,11.95083236694336,16.953887939453125,508,0,0.0,nan,nan,0,0.2752812923929441
AF-P38352-F1,88307,79614,3.0554606914520264,2.463430404663086,7.799868106842041,12.513117790222168,22.931989669799805,8693,0.09844066721777435,3.2683892250061035,2.8184421062469482,7.629083633422852,12.155165672302246,23.325355529785156,368,0,0.0,nan,nan,0,0.289933499336008
AF-A8WSQ9-F1,176694,159303,2.355492115020752,1.972038745880127,6.003283500671387,8.29279899597168,12.621211051940918,17391,0.09842439471628918,2.7617807388305664,2.420020818710327,6.487862586975098,8.511221885681152,12.419084548950195,827,0,0.0,nan,nan,0,0.295132974986158
AF-P25632-F1,91485,82483,4.594104290008545,4.4155449867248535,8.852005958557129,10.885132789611816,15.605624198913574,9002,0.09839864458654424,5.163450717926025,5.083878993988037,9.406831741333008,11.256590843200684,14.9136381149292,396,0,0.0,nan,nan,0,0.2703965657207298
AF-Q8WXB1-F1,29095,26233,2.3406107425689697,1.9604905843734741,5.508405685424805,8.39231014251709,19.266815185546875,2862,0.09836741708197284,2.627340793609619,2.2509751319885254,5.784786701202393,8.767721176147461,18.784282684326172,107,0,0.0,nan,nan,0,0.28542090673829856
AF-Q8GYY7-F1,117164,105639,2.5452940464019775,2.104600429534912,6.254532337188721,9.622434616088867,20.388614654541016,11525,0.09836639240722406,2.7657015323638916,2.3600332736968994,6.448578834533691,9.25564193725586,18.507949829101562,495,0,0.0,nan,nan,0,0.2994665559059345
AF-Q00888-F1,62209,56090,2.798833131790161,2.5132784843444824,6.1861724853515625,8.708873748779297,15.452877044677734,6119,0.09836197334790786,2.490069627761841,2.1079399585723877,6.015599250793457,8.237137794494629,15.113077163696289,246,0,0.0,nan,nan,0,0.2810051798773109
AF-Q8UWD9-F1,62665,56508,1.857381820678711,1.559746503829956,4.584865093231201,6.127554416656494,9.664284706115723,6157,0.09825261310141227,2.076084852218628,1.8043127059936523,4.769949913024902,6.046111583709717,8.670905113220215,266,0,0.0,nan,nan,0,0.28337358542776525
AF-B0S1M1-F1,17998,16230,2.9536924362182617,2.4212217330932617,7.20162296295166,8.633334159851074,15.186888694763184,1768,0.09823313701522392,3.3569016456604004,2.900123119354248,7.670050144195557,8.755152702331543,12.575704574584961,72,0,0.0,nan,nan,0,0.0008127595039362223
AF-Q9H112-2-F1,22290,20101,1.6314754486083984,1.1709614992141724,4.451789855957031,7.271644592285156,10.000325202941895,2189,0.09820547330641544,1.603521704673767,1.119970679283142,4.541985988616943,6.45479154586792,9.393741607666016,86,0,0.0,nan,nan,0,0.29815910623039465
AF-Q5SZJ8-2-F1,24837,22398,1.9851291179656982,1.6570205688476562,4.74530029296875,6.201278209686279,9.680015563964844,2439,0.0982002657325764,2.246476888656616,1.9620243310928345,5.105281352996826,6.189318656921387,8.41957950592041,105,0,0.0,nan,nan,0,0.297193250810619
AF-Q86UY5-2-F1,55686,50220,2.6629343032836914,2.3036675453186035,6.313749313354492,9.070576667785645,13.6377592086792,5466,0.09815752612864993,2.6460933685302734,2.340724468231201,6.1451921463012695,8.356700897216797,13.960249900817871,234,0,0.0,nan,nan,0,0.2963598993944566
AF-O22467-F1,52304,47172,8.674967765808105,8.270561218261719,16.666521072387695,19.99402618408203,23.597747802734375,5132,0.09811869073111043,9.699773788452148,9.54313850402832,17.408815383911133,20.33963394165039,23.32887840270996,243,0,0.0,nan,nan,0,0.2990723505580085
AF-Q8IVS2-2-F1,29670,26760,2.0773656368255615,1.5596065521240234,5.688188552856445,8.896185874938965,11.6782865524292,2910,0.0980788675429727,2.36775541305542,1.906409740447998,5.800919532775879,8.330228805541992,11.76723861694336,133,0,0.0,nan,nan,0,0.26337328973819407
AF-Q55433-F1,23012,20756,2.1053497791290283,1.8256375789642334,4.955071926116943,6.242134094238281,8.332697868347168,2256,0.09803580740483227,2.32190203666687,2.1196351051330566,5.2838544845581055,6.396885871887207,7.700977325439453,85,0,0.0,nan,nan,0,0.2920420313232379
AF-Q6UXB8-2-F1,42498,38332,3.4731571674346924,2.7978248596191406,8.982787132263184,12.129536628723145,17.16632843017578,4166,0.09802814250082356,3.832218885421753,3.264862060546875,9.478357315063477,12.289277076721191,16.73418617248535,205,0,0.0,nan,nan,0,0.29099681171645086
AF-B9J7E0-F1,21877,19733,1.9311349391937256,1.600237250328064,4.860559940338135,6.82289981842041,11.034491539001465,2144,0.09800246834575124,2.301635265350342,2.0480093955993652,5.101656913757324,7.196539402008057,10.675661087036133,86,0,0.0,nan,nan,0,0.0007335501340292039
AF-P38782-F1,55228,49816,1.6555886268615723,1.289318323135376,4.286920547485352,7.865237236022949,11.688335418701172,5412,0.09799377127544,1.9793009757995605,1.6816129684448242,4.632963180541992,7.392983436584473,11.444060325622559,248,0,0.0,nan,nan,0,0.278510080302251
AF-C5A1H1-F1,11380,10265,1.980637550354004,1.6618521213531494,5.049476623535156,6.314208984375,8.895862579345703,1115,0.09797891036906854,2.5792393684387207,2.1714067459106445,5.7623443603515625,6.514036655426025,7.962501049041748,46,0,0.0,nan,nan,0,0.0007788105598811601
AF-P22524-F1,36468,32896,3.0352365970611572,2.5802650451660156,7.162945747375488,9.471451759338379,16.040849685668945,3572,0.09794888669518483,3.5879452228546143,3.141874313354492,7.6063008308410645,10.041932106018066,14.949953079223633,150,0,0.0,nan,nan,0,0.000742857712477063
AF-A0A075TR27-F1,30027,27088,2.590360641479492,2.1634862422943115,6.345959663391113,10.81191349029541,21.362689971923828,2939,0.09787857594831319,2.9316272735595703,2.582353353500366,6.74860143661499,11.676946640014648,16.181800842285156,127,0,0.0,nan,nan,0,0.286589776929549
AF-Q7Z7E8-F1,64425,58120,4.24280309677124,3.8186886310577393,9.439906120300293,11.506519317626953,15.433307647705078,6305,0.09786573535118355,4.907748222351074,4.634853839874268,10.065751075744629,11.78449535369873,14.268098831176758,312,0,0.0,nan,nan,0,0.2860803622866287
AF-Q8CPP2-F1,42429,38278,3.6061086654663086,3.317046880722046,7.764336109161377,10.850126266479492,20.0969181060791,4151,0.09783402861250559,4.034116268157959,3.998812437057495,7.6698102951049805,10.049622535705566,14.345580101013184,171,0,0.0,nan,nan,0,0.0008215744193520447
AF-Q75PQ8-F1,111498,100591,2.5318386554718018,2.0741467475891113,6.342247009277344,8.943105697631836,21.72086524963379,10907,0.09782238246425945,2.9277656078338623,2.50126576423645,6.665469169616699,8.84667682647705,22.10183334350586,492,0,0.0,nan,nan,0,0.2906156298047864
AF-O15232-2-F1,68206,61535,1.926738977432251,1.6452699899673462,4.703073024749756,6.436666965484619,11.421881675720215,6671,0.09780664457672346,2.1690666675567627,1.98406183719635,4.949229717254639,6.323636531829834,10.814871788024902,301,0,0.0,nan,nan,0,0.00080144255955239
AF-P97865-F1,31900,28781,4.456557750701904,3.2660160064697266,16.01795768737793,22.284833908081055,27.89266014099121,3119,0.09777429467084639,4.735500812530518,3.9273831844329834,14.754938125610352,22.962875366210938,27.28635025024414,131,0,0.0,nan,nan,0,0.2923701252796923
AF-Q9Y2G2-7-F1,59424,53614,6.478755474090576,6.3545942306518555,11.440814971923828,13.680166244506836,17.530975341796875,5810,0.09777194399569197,6.97415828704834,7.138788223266602,11.678282737731934,13.76374626159668,17.66541290283203,245,0,0.0,nan,nan,0,0.28018270566386605
AF-Q54IL2-F1,153639,138623,2.7629637718200684,2.0201046466827393,7.698504447937012,14.980413436889648,20.81916618347168,15016,0.09773560098672864,2.739530324935913,2.1814920902252197,6.933845043182373,12.261089324951172,20.10830307006836,628,0,0.0,nan,nan,0,0.2909523015308766
AF-Q9VJ90-F1,110451,99657,4.229866027832031,3.846424102783203,9.14930534362793,12.131494522094727,19.79900550842285,10794,0.09772659369313089,3.7436299324035645,3.332211971282959,8.535155296325684,11.34644603729248,19.399436950683594,488,0,0.0,nan,nan,0,0.2999384491318974
AF-O77482-F1,26588,23991,1.599990963935852,1.249656081199646,4.234800338745117,6.057370185852051,9.724846839904785,2597,0.09767564314728448,1.8084986209869385,1.5382972955703735,4.596691608428955,6.352148532867432,9.432560920715332,108,0,0.0,nan,nan,0,0.25939474893228776
AF-Q9DB07-F1,64489,58191,6.335020542144775,6.19191312789917,11.396516799926758,13.457513809204102,15.885100364685059,6298,0.0976600660577773,7.353737831115723,7.1624674797058105,12.546868324279785,13.872452735900879,15.832554817199707,293,0,0.0,nan,nan,0,0.24963072290015365
AF-Q8BG26-2-F1,71801,64792,1.8289060592651367,1.5143779516220093,4.494832992553711,6.118880748748779,27.06391143798828,7009,0.09761702483252323,1.8370577096939087,1.5206745862960815,4.5004353523254395,6.053708076477051,12.017946243286133,293,0,0.0,nan,nan,0,0.27955912604696864
AF-Q969E3-F1,38313,34573,3.971496105194092,3.9848971366882324,7.1098408699035645,8.489297866821289,12.896230697631836,3740,0.09761699684180304,3.589614152908325,3.465571403503418,7.297286510467529,8.718365669250488,12.472650527954102,173,0,0.0,nan,nan,0,0.2578943925062597
AF-P9WL21-F1,81136,73217,2.934183120727539,2.126678228378296,8.139342308044434,17.446475982666016,35.230926513671875,7919,0.09760155787813055,2.6820502281188965,1.9647103548049927,7.1026787757873535,16.93796157836914,34.272071838378906,332,0,0.0,nan,nan,0,0.29977039388364257
AF-Q12223-F1,42953,38761,1.8041894435882568,1.5050801038742065,4.469221591949463,5.976371765136719,10.299992561340332,4192,0.09759504574767769,1.7251306772232056,1.4281257390975952,4.389997959136963,5.866642475128174,9.685132026672363,200,0,0.0,nan,nan,0,0.0007560491630007604
AF-Q9FT81-F1,92537,83506,3.359074115753174,3.0383033752441406,7.745901107788086,9.458992004394531,14.637255668640137,9031,0.09759339507440268,4.025099277496338,3.791219472885132,8.600902557373047,10.123085975646973,12.04653263092041,402,0,0.0,nan,nan,0,0.2868332720131468
AF-Q9Y7N0-F1,109575,98885,3.014650821685791,2.743415355682373,6.54444694519043,7.875004291534424,11.223539352416992,10690,0.09755874971480721,3.4909286499023438,3.3197975158691406,7.13635778427124,8.367135047912598,10.54248046875,540,0,0.0,nan,nan,0,0.0007972887007905438
AF-Q9UM13-F1,26037,23497,2.6210598945617676,2.2677319049835205,6.1676788330078125,7.817744731903076,11.916367530822754,2540,0.09755348158389983,2.3869378566741943,2.0267510414123535,5.986763000488281,7.083650588989258,11.216567039489746,106,0,0.0,nan,nan,0,0.0007487628108728828
AF-Q9Y7R4-F1,185883,167760,3.397998571395874,2.863466262817383,8.19765567779541,10.782438278198242,35.8808708190918,18123,0.0974968125110957,3.103717088699341,2.570481777191162,7.766815185546875,10.769983291625977,16.248613357543945,799,0,0.0,nan,nan,0,0.29167201467284853
AF-A6QLP2-F1,91282,82383,2.1991236209869385,1.8052465915679932,5.407754421234131,8.670113563537598,12.81363296508789,8899,0.09748909971297737,2.1191868782043457,1.7943222522735596,5.20477294921875,7.116629123687744,11.93256950378418,425,0,0.0,nan,nan,0,0.29871388365344653
AF-Q54FM3-F1,107059,96623,3.745147943496704,2.835620641708374,9.447707176208496,28.49483299255371,42.25920486450195,10436,0.09747896019951616,3.0725796222686768,2.2005157470703125,7.905288219451904,22.564964294433594,41.859073638916016,472,0,0.0,nan,nan,0,0.28642301285870264
AF-Q14AI6-2-F1,49030,44252,3.553637742996216,2.623823642730713,9.484522819519043,19.888092041015625,25.542186737060547,4778,0.0974505404854171,3.1219072341918945,2.218975067138672,8.041805267333984,17.464797973632812,23.89150047302246,198,0,0.0,nan,nan,0,0.25880803289764664
AF-A1TD35-F1,31690,28602,2.0803065299987793,1.7187550067901611,5.344480514526367,6.974729537963867,11.163107872009277,3088,0.0974439886399495,2.386864185333252,2.1833012104034424,5.552338123321533,6.883340835571289,9.475587844848633,127,0,0.0,nan,nan,0,0.26414845622464933
AF-O85041-2-F1,115749,104473,4.306571960449219,3.9866836071014404,9.1255464553833,11.250456809997559,19.475828170776367,11276,0.09741768827376479,3.994138479232788,3.6652870178222656,9.030320167541504,11.222582817077637,18.638946533203125,505,0,0.0,nan,nan,0,0.29599276849802725
AF-O54910-F1,57131,51566,6.441909313201904,6.242611885070801,10.752532958984375,12.85837173461914,18.098485946655273,5565,0.09740771210026081,7.025083065032959,7.126988410949707,11.183005332946777,12.802614212036133,18.07331657409668,244,0,0.0,nan,nan,0,0.28310521424214075
AF-P0CB15-F1,27464,24789,2.7691314220428467,2.369237184524536,6.855811595916748,8.638404846191406,12.079434394836426,2675,0.09740023303233324,2.411484718322754,1.9662612676620483,6.305211544036865,8.414656639099121,10.843213081359863,98,0,0.0,nan,nan,0,0.28074606435229676
AF-Q9DC48-F1,86797,78343,2.36089825630188,1.9806655645370483,5.7777533531188965,8.078363418579102,36.5039176940918,8454,0.09739967971243246,2.5175085067749023,2.2472691535949707,5.723781585693359,7.6203508377075195,13.765542030334473,391,0,0.0,nan,nan,0,0.2859477483980005
AF-B1VH88-F1,27662,24968,4.01710319519043,3.8627469539642334,8.171091079711914,10.656214714050293,14.451836585998535,2694,0.09738992119152629,4.467268943786621,4.531599521636963,8.644486427307129,10.795390129089355,14.468840599060059,114,0,0.0,nan,nan,0,0.0007756433711734179
AF-Q09699-F1,120185,108483,2.4244465827941895,1.9617096185684204,6.197924613952637,9.108878135681152,15.934322357177734,11702,0.09736655988684112,2.570345878601074,2.1212596893310547,6.407580852508545,8.779266357421875,14.881802558898926,478,0,0.0,nan,nan,0,0.2982863159982083
AF-A9ZPH9-F1,48704,43962,3.1823391914367676,3.003441572189331,6.772345066070557,9.316391944885254,18.023984909057617,4742,0.09736366622864652,3.6732585430145264,3.6473162174224854,7.157655239105225,9.4209566116333,18.03482437133789,184,0,0.0,nan,nan,0,0.2943163539743604
AF-Q8BQJ6-F1,67493,60924,3.9115326404571533,2.771799087524414,11.246988296508789,16.747631072998047,24.846256256103516,6569,0.09732861185604433,3.5686490535736084,2.4679195880889893,10.920561790466309,16.419599533081055,24.99850082397461,277,0,0.0,nan,nan,0,0.27311667840495757
AF-P54352-2-F1,74738,67464,3.896578550338745,3.48295259475708,8.930246353149414,12.213459014892578,23.600574493408203,7274,0.09732666113623592,4.464179039001465,4.126453876495361,9.492801666259766,12.495983123779297,23.669227600097656,321,0,0.0,nan,nan,0,0.0007906541550684043
AF-F1Q7Z7-F1,59980,54143,2.610271692276001,2.137340545654297,6.660817623138428,9.110103607177734,14.580103874206543,5837,0.09731577192397466,2.7602264881134033,2.339822769165039,6.587653160095215,8.795754432678223,13.645561218261719,265,0,0.0,nan,nan,0,0.2977603777468891
AF-A4D1F6-2-F1,17111,15446,2.3715806007385254,2.051098346710205,5.738950729370117,8.385635375976562,16.014516830444336,1665,0.09730582666121208,2.718055248260498,2.3557841777801514,6.197165012359619,10.179728507995605,16.111120223999023,65,0,0.0,nan,nan,0,0.0007660348213452961
AF-P49126-F1,17398,15706,2.2928240299224854,1.8697179555892944,5.791818618774414,7.877114772796631,11.776290893554688,1692,0.09725255776526037,2.8040931224823,2.567030429840088,6.521242618560791,8.271866798400879,10.459417343139648,75,0,0.0,nan,nan,0,0.0007753324337458345
AF-P58742-F1,75972,68585,2.3490467071533203,1.81005859375,6.047199249267578,12.480399131774902,21.498172760009766,7387,0.09723319117569632,2.636277675628662,2.183872938156128,6.049034118652344,12.572297096252441,21.491649627685547,272,0,0.0,nan,nan,0,0.2889834664946951
AF-O96533-F1,77177,69674,5.098202228546143,5.000226020812988,9.511927604675293,11.922348976135254,16.999727249145508,7503,0.09721808310766161,5.593349933624268,5.668704986572266,9.951011657714844,11.827850341796875,16.88251304626465,347,0,0.0,nan,nan,0,0.28268487714672175
AF-P54742-F1,110200,99487,3.5456578731536865,3.134631633758545,7.995612621307373,10.681816101074219,16.304466247558594,10713,0.09721415607985481,3.447417974472046,2.9538373947143555,7.940290451049805,10.50839900970459,15.522602081298828,449,0,0.0,nan,nan,0,0.2662882051442802
AF-Q9Y091-2-F1,90956,82114,2.036123275756836,1.6744310855865479,5.119599342346191,7.897710800170898,25.058835983276367,8842,0.09721183869123533,2.4240479469299316,2.0922598838806152,5.806601047515869,8.493693351745605,14.913032531738281,387,0,0.0,nan,nan,0,0.2849548087437649
AF-Q9VRN3-F1,49661,44835,2.289280414581299,1.9410051107406616,5.404507637023926,6.781413555145264,12.643251419067383,4826,0.09717887275729446,2.0788652896881104,1.729184627532959,5.100282669067383,6.772976875305176,12.61281967163086,233,0,0.0,nan,nan,0,0.0008132659927595487
AF-Q9JJ78-F1,47348,42748,4.3557353019714355,3.274472236633301,11.423349380493164,15.426762580871582,20.718294143676758,4600,0.09715299484666723,4.991320610046387,3.982032537460327,12.054258346557617,15.368734359741211,20.570796966552734,217,0,0.0,nan,nan,0,0.28005881751048334
AF-Q7Z7E8-2-F1,40516,36580,3.5234780311584473,3.1649551391601562,8.008907318115234,10.268890380859375,13.114997863769531,3936,0.09714680620001974,4.464160919189453,4.277878284454346,9.383243560791016,10.848024368286133,14.07257080078125,178,0,0.0,nan,nan,0,0.29753014005621436
AF-Q9KRA6-F1,32068,28953,3.7055583000183105,2.6616199016571045,10.844319343566895,15.446673393249512,18.56050682067871,3115,0.09713733316702008,3.2364933490753174,2.306133985519409,9.670650482177734,14.064797401428223,18.339645385742188,123,0,0.0,nan,nan,0,0.2719394234089193
AF-Q62698-F1,89286,80614,3.2483396530151367,2.594639301300049,8.242756843566895,10.419615745544434,18.23183822631836,8672,0.09712608919651457,3.776102304458618,3.304689407348633,8.632826805114746,10.53489875793457,15.997522354125977,416,0,0.0,nan,nan,0,0.26994499430397945
AF-P0AC16-F1,17057,15401,2.9313464164733887,2.7032322883605957,6.587937831878662,7.857932090759277,12.722589492797852,1656,0.09708624025326845,3.45794939994812,3.2858779430389404,6.980348587036133,8.198927879333496,11.502392768859863,77,0,0.0,nan,nan,0,0.2590863071360028
AF-Q65ZG8-F1,110032,99353,1.8711355924606323,1.5477242469787598,4.556314945220947,6.698314666748047,19.336584091186523,10679,0.09705358441180748,1.9283270835876465,1.5859473943710327,4.79763126373291,6.500821113586426,15.960362434387207,481,0,0.0,nan,nan,0,0.28494517496592264
AF-Q9U1N6-F1,79001,71334,2.2717089653015137,1.8567079305648804,5.621000289916992,8.028959274291992,17.025997161865234,7667,0.09704940443791851,2.596466541290283,2.2627296447753906,6.082008361816406,7.982137203216553,14.198609352111816,341,0,0.0,nan,nan,0,0.29490669815910575
AF-O75426-2-F1,54317,49048,4.62429141998291,4.533618450164795,8.283669471740723,9.827799797058105,14.21432113647461,5269,0.09700462102104314,4.292277812957764,4.200287342071533,8.443819999694824,10.111501693725586,13.197415351867676,249,0,0.0,nan,nan,0,0.27775017803880453
AF-P0ACK7-F1,32223,29098,3.2399394512176514,2.0544021129608154,8.581446647644043,26.071073532104492,35.425811767578125,3125,0.09698041771405518,3.102200508117676,2.097611904144287,7.962125778198242,23.96076774597168,34.13400650024414,126,0,0.0,nan,nan,0,0.27922439872982485
AF-Q8VDP4-F1,171378,154766,4.668763637542725,4.367166042327881,9.459920883178711,11.148594856262207,20.871274948120117,16612,0.09693192825216772,5.018207550048828,4.79323673248291,9.988419532775879,11.65011978149414,20.16706657409668,809,0,0.0,nan,nan,0,0.2974956430367858
AF-Q5R7R9-F1,123914,111903,2.773038864135742,2.4988725185394287,6.288996696472168,7.82643461227417,16.19820785522461,12011,0.09693012896040802,2.4235332012176514,2.009880781173706,6.10235071182251,7.970526695251465,15.915684700012207,524,0,0.0,nan,nan,0,0.2938919321396152
AF-Q00888-3-F1,50686,45773,2.999356985092163,2.76789927482605,6.154123306274414,8.990753173828125,12.790900230407715,4913,0.09693011877046916,2.6322126388549805,2.313030958175659,5.910419940948486,8.174120903015137,12.24928092956543,201,0,0.0,nan,nan,0,0.2727180645644688
AF-P23906-F1,75462,68149,2.251579761505127,1.689160943031311,5.945788383483887,10.673580169677734,18.14278221130371,7313,0.09690970289682224,2.186187505722046,1.7611006498336792,5.523932933807373,9.079647064208984,16.194887161254883,383,0,0.0,nan,nan,0,0.0008072042779055932
AF-Q9UK96-2-F1,62441,56390,4.150558948516846,3.7151622772216797,9.2906494140625,11.859963417053223,18.364028930664062,6051,0.09690748066174469,3.7759034633636475,3.3208210468292236,8.931928634643555,11.88316535949707,17.466421127319336,263,0,0.0,nan,nan,0,0.28358556682399594
AF-Q57G28-F1,18764,16946,2.010918140411377,1.4997448921203613,5.495474815368652,7.461060523986816,10.028839111328125,1818,0.09688765721594543,2.560647487640381,2.2120168209075928,6.3481669425964355,7.675869941711426,9.26456069946289,73,0,0.0,nan,nan,0,0.2715204630554544
AF-P57993-F1,104067,93987,3.235166072845459,2.928926706314087,7.388749599456787,9.693977355957031,14.371573448181152,10080,0.09686067629507913,3.6247830390930176,3.433973789215088,7.7425947189331055,9.895925521850586,14.069270133972168,465,0,0.0,nan,nan,0,0.29606469515431344
AF-Q76MT4-F1,178168,160912,5.589879989624023,4.781069755554199,12.96939754486084,16.159597396850586,28.223867416381836,17256,0.09685240896232769,6.746785640716553,6.042180061340332,14.048724174499512,16.446819305419922,28.1597957611084,856,0,0.0,nan,nan,0,0.29930593179050935
AF-Q9PJW3-F1,53898,48679,4.381136417388916,3.667846441268921,10.622556686401367,13.231818199157715,16.864564895629883,5219,0.09683105124494415,5.090120315551758,4.80076265335083,11.313007354736328,13.682263374328613,17.309953689575195,227,0,0.0,nan,nan,0,0.26780097844437334
AF-Q9QY15-F1,67546,61008,3.220038652420044,2.539217948913574,7.892184257507324,17.597732543945312,35.855064392089844,6538,0.09679329642021733,3.321253538131714,2.733680248260498,7.756594657897949,10.715102195739746,35.725467681884766,300,0,0.0,nan,nan,0,0.2828442042168373
AF-Q9USU8-F1,117594,106222,6.510399341583252,6.695230484008789,11.02706527709961,13.028708457946777,19.411714553833008,11372,0.09670561423201864,7.218559741973877,7.421366214752197,11.744214057922363,13.147139549255371,19.30689239501953,529,0,0.0,nan,nan,0,0.2923010123337496
AF-Q68FU8-F1,134491,121490,2.128154993057251,1.7272250652313232,5.458499431610107,8.097016334533691,14.165343284606934,13001,0.09666817853982794,2.4858179092407227,2.0777766704559326,6.245326995849609,8.856929779052734,12.557380676269531,591,0,0.0,nan,nan,0,0.2790598497094967
AF-Q20561-F1,27095,24477,2.016148328781128,1.6102083921432495,5.218235492706299,8.118000984191895,14.892451286315918,2618,0.09662299317217199,1.9877560138702393,1.564386248588562,5.24134635925293,8.033385276794434,12.498560905456543,118,0,0.0,nan,nan,0,0.13415754210182296
AF-Q9P0M2-F1,60145,54335,2.374896764755249,2.029127359390259,5.847579479217529,9.47653865814209,14.499702453613281,5810,0.09659988361459805,2.5548758506774902,2.2924106121063232,5.848549842834473,8.46290111541748,12.729904174804688,277,0,0.0,nan,nan,0,0.2913327710120337
AF-Q60662-2-F1,171757,155166,2.0306813716888428,1.6804430484771729,5.079100608825684,7.710229873657227,17.68830680847168,16591,0.09659577193360387,2.368115186691284,2.0073201656341553,5.734142780303955,8.210554122924805,17.3079891204834,729,0,0.0,nan,nan,0,0.2911169566963949
AF-P29594-F1,67377,60870,2.361414909362793,1.915419578552246,5.658843040466309,9.304922103881836,22.53192138671875,6507,0.0965759829021773,2.700958728790283,2.3806521892547607,5.90643835067749,8.33554744720459,22.432933807373047,280,0,0.0,nan,nan,0,0.26409519033670636
AF-Q13164-2-F1,125256,113160,2.2733845710754395,1.8940455913543701,5.604403495788574,7.472133636474609,27.615800857543945,12096,0.09657022418087756,2.645510673522949,2.3263611793518066,6.26384162902832,7.799462795257568,15.112314224243164,578,0,0.0,nan,nan,0,0.2991922750944934
AF-Q7Z5Q5-3-F1,106623,96328,2.5064504146575928,2.068976640701294,6.252211093902588,9.111894607543945,19.75928497314453,10295,0.09655515226545867,2.3845181465148926,1.905379295349121,6.088389873504639,9.052780151367188,18.510290145874023,439,0,0.0,nan,nan,0,0.2843287434668742
AF-O96612-F1,70939,64090,2.2330877780914307,1.7767598628997803,5.752177715301514,8.788810729980469,14.32181453704834,6849,0.0965477381976064,2.195159673690796,1.7706788778305054,5.619709014892578,8.292219161987305,13.24444580078125,280,0,0.0,nan,nan,0,0.2806320998218155
AF-O14350-F1,38475,34762,2.35459303855896,2.0958428382873535,5.349359035491943,6.7983717918396,10.102421760559082,3713,0.09650422352176738,2.5890514850616455,2.4133973121643066,5.535918235778809,6.6088972091674805,9.172530174255371,176,0,0.0,nan,nan,0,0.28346025825232446
AF-Q9M1K0-F1,51745,46752,1.9265638589859009,1.519587516784668,5.031301021575928,6.761155605316162,12.220871925354004,4993,0.09649241472606049,1.9572442770004272,1.5382460355758667,5.130414962768555,6.9775590896606445,10.659443855285645,189,0,0.0,nan,nan,0,0.0007098020197584543
AF-O35685-F1,62320,56307,3.3330941200256348,3.0982494354248047,7.4231743812561035,8.99217414855957,13.83395004272461,6013,0.09648587933247754,4.002885818481445,3.880216598510742,8.293400764465332,9.445061683654785,19.486658096313477,307,0,0.0,nan,nan,0,0.2849790860909144
AF-Q9QYJ3-F1,55951,50553,2.024104356765747,1.6841753721237183,5.054306983947754,7.273132801055908,11.566937446594238,5398,0.09647727475827063,1.9595314264297485,1.632955551147461,4.815793514251709,6.768430233001709,11.470847129821777,242,0,0.0,nan,nan,0,0.2825545951625338
AF-Q64709-3-F1,38685,34953,2.108632802963257,1.815248966217041,5.108495712280273,7.108497142791748,9.832365989685059,3732,0.09647150058162078,2.5478672981262207,2.3048012256622314,5.791153430938721,7.144980430603027,9.160150527954102,164,0,0.0,nan,nan,0,0.2999567584283884
AF-Q5RBY8-F1,139871,126380,2.731555461883545,2.311875343322754,6.554219722747803,9.672807693481445,23.625308990478516,13491,0.09645316041209401,2.649569034576416,2.288421154022217,6.244189262390137,8.90921401977539,19.489288330078125,578,0,0.0,nan,nan,0,0.2876576896621571
AF-P28495-F1,40668,36746,3.5935800075531006,3.270019769668579,7.770981788635254,11.526185989379883,16.442012786865234,3922,0.09643946100127865,4.106707572937012,4.0160980224609375,8.206857681274414,11.21104907989502,15.795788764953613,177,0,0.0,nan,nan,0,0.29516741533018465
AF-Q8IVS2-F1,49805,45002,3.144918441772461,2.557835578918457,7.761286735534668,13.92947769165039,31.693363189697266,4803,0.09643610079309306,3.0403342247009277,2.543351411819458,7.224729537963867,12.754862785339355,30.68438148498535,220,0,0.0,nan,nan,0,0.288386354098379
AF-Q05153-F1,102955,93027,3.1650609970092773,2.769345283508301,7.605655670166016,9.365421295166016,14.168426513671875,9928,0.09643047933563208,3.633283853530884,3.266392707824707,8.201532363891602,9.491695404052734,13.686930656433105,452,0,0.0,nan,nan,0,0.2732668744114316
AF-Q9Y570-3-F1,32429,29302,1.5358611345291138,1.2080504894256592,4.054194927215576,5.699450969696045,9.577495574951172,3127,0.0964260384223997,1.871443510055542,1.5462366342544556,4.395324230194092,6.083190441131592,9.620878219604492,140,0,0.0,nan,nan,0,0.28475125181910754
AF-Q8L3W1-F1,55839,50455,3.1249101161956787,2.4533283710479736,8.203997611999512,11.126279830932617,14.581305503845215,5384,0.09642006482924122,2.813767194747925,2.1526241302490234,7.617741584777832,10.993008613586426,14.950331687927246,247,0,0.0,nan,nan,0,0.2752772118159792
AF-A0A023W163-F1,30706,27747,2.5174455642700195,2.2335309982299805,5.685018539428711,7.1660075187683105,10.275650024414062,2959,0.09636553116654725,2.9952211380004883,2.776576280593872,6.252947807312012,7.506556034088135,10.024941444396973,118,0,0.0,nan,nan,0,0.27835206864172035
AF-P82593-F1,84492,76351,3.7977216243743896,3.4134979248046875,8.698974609375,11.575246810913086,16.448335647583008,8141,0.09635231737916015,4.20881986618042,3.915057897567749,9.202286720275879,12.02161693572998,15.536264419555664,323,0,0.0,nan,nan,0,0.25508591633488165
AF-P42759-F1,63730,57592,3.278498888015747,3.12636137008667,6.676812171936035,7.993824005126953,10.06648063659668,6138,0.09631256864898792,4.263271808624268,4.337215423583984,7.403137683868408,8.40478229522705,9.845133781433105,301,0,0.0,nan,nan,0,0.0007647523975191639
AF-Q04179-F1,32720,29570,3.08556866645813,2.55815052986145,7.460999011993408,14.350547790527344,20.71275520324707,3150,0.09627139364303179,3.7105400562286377,3.4435386657714844,7.752231121063232,14.975467681884766,18.949663162231445,120,0,0.0,nan,nan,0,0.2782243273719446
AF-Q8S8C7-F1,56834,51363,3.436339855194092,2.8527510166168213,8.68999195098877,10.740958213806152,15.62781810760498,5471,0.09626280043635851,3.9182286262512207,3.3829267024993896,9.38968276977539,10.905436515808105,14.821839332580566,274,0,0.0,nan,nan,0,0.2486392916421054
AF-Q6Y4S4-2-F1,29377,26550,3.0879464149475098,3.017272472381592,5.816464424133301,6.772883415222168,8.563933372497559,2827,0.09623174592368179,3.0066235065460205,2.745462417602539,6.27067232131958,7.1641082763671875,8.34466552734375,133,0,0.0,nan,nan,0,0.2740910504217593
AF-B2B4I8-F1,87448,79033,4.7192864418029785,4.017999649047852,10.845396041870117,13.530030250549316,17.455751419067383,8415,0.09622861586314152,5.481655597686768,5.078913688659668,11.264899253845215,13.599560737609863,17.249855041503906,404,0,0.0,nan,nan,0,0.27145221979211587
AF-A4VQH5-F1,30164,27262,3.035465955734253,2.6947178840637207,6.992844104766846,8.76101303100586,16.870162963867188,2902,0.09620739954913142,3.2831802368164062,2.9273481369018555,7.270559310913086,8.909661293029785,16.73625373840332,114,0,0.0,nan,nan,0,0.2869799489060011
AF-A6NNY8-F1,67119,60664,1.8772754669189453,1.4994919300079346,4.953352451324463,6.482095241546631,10.577065467834473,6455,0.09617246979245817,2.133124828338623,1.850541591644287,5.127259254455566,6.65172815322876,10.300332069396973,304,0,0.0,nan,nan,0,0.2877357320546672
AF-P42698-F1,77612,70149,2.205552339553833,1.955101490020752,5.121868133544922,6.442276954650879,11.909610748291016,7463,0.09615781064783796,2.339991569519043,1.9670239686965942,5.588811874389648,6.797070026397705,11.903627395629883,345,0,0.0,nan,nan,0,0.27509882626472015
AF-A0A0H2ZQL5-F1,36281,32793,2.4533567428588867,1.8283182382583618,6.974905014038086,10.268404960632324,16.182584762573242,3488,0.09613847468371875,2.3121538162231445,1.8109517097473145,6.341948509216309,10.390181541442871,16.030244827270508,115,0,0.0,nan,nan,0,0.0007637761662141473
AF-Q9Y5Q9-2-F1,68308,61741,6.33085823059082,6.1168365478515625,12.612787246704102,14.712204933166504,18.82254409790039,6567,0.09613808045909703,7.303012847900391,7.367133617401123,13.284343719482422,14.9158353805542,17.390491485595703,320,0,0.0,nan,nan,0,0.0007582605705445111
AF-Q2UIM2-F1,46592,42113,2.978808879852295,2.5711169242858887,7.116313457489014,9.957271575927734,17.244421005249023,4479,0.09613238324175824,3.3505446910858154,2.998727798461914,7.534629821777344,10.209125518798828,16.802326202392578,178,0,0.0,nan,nan,0,0.27633706116528045
AF-Q6TLJ2-F1,30895,27925,2.0976743698120117,1.6635560989379883,5.525076389312744,7.4042582511901855,14.59228229522705,2970,0.09613206020391649,2.143916606903076,1.785836100578308,5.255002021789551,7.1145453453063965,13.405454635620117,131,0,0.0,nan,nan,0,0.2889604235912028
AF-I3L5V6-F1,97732,88337,2.2331576347351074,1.7626923322677612,6.013374328613281,8.689373016357422,13.580055236816406,9395,0.09613023370032334,2.2600927352905273,1.8856475353240967,5.744020462036133,8.57070255279541,13.169292449951172,442,0,0.0,nan,nan,0,0.29301324709466736
AF-Q62426-F1,13670,12356,1.8320086002349854,1.531554937362671,4.6250152587890625,6.399463176727295,10.429794311523438,1314,0.09612289685442575,1.7631241083145142,1.5243215560913086,4.125770568847656,5.761817455291748,10.036606788635254,52,0,0.0,nan,nan,0,0.0007144155871784408
AF-Q55CK2-F1,157594,142446,1.7198350429534912,1.3908474445343018,4.469005584716797,6.291793346405029,10.355422973632812,15148,0.09612041067553333,1.978991985321045,1.6844120025634766,4.935032844543457,6.654517650604248,9.341423034667969,706,0,0.0,nan,nan,0,0.26893104519396605
AF-F6W8I0-F1,31555,28522,1.7834084033966064,1.3820050954818726,4.817885875701904,6.578226566314697,10.208759307861328,3033,0.09611788939946125,2.0488951206207275,1.7574766874313354,4.855975151062012,6.372133731842041,10.183497428894043,153,0,0.0,nan,nan,0,0.2792163903023891
AF-B6I7H1-F1,45790,41389,3.281820058822632,2.666163682937622,7.8508100509643555,16.978225708007812,26.97234344482422,4401,0.09611268835990391,3.4524402618408203,2.895068407058716,7.886899471282959,15.674721717834473,26.26807975769043,169,0,0.0,nan,nan,0,0.29494189355207556
AF-Q8CAK3-2-F1,25162,22744,4.149144172668457,3.298198699951172,11.100993156433105,13.639947891235352,17.448486328125,2418,0.09609728956362769,3.6011319160461426,2.737659454345703,10.414072036743164,13.890027046203613,17.440200805664062,101,0,0.0,nan,nan,0,0.2876098530103798
AF-Q9P7J1-F1,77530,70081,2.496481418609619,2.011091470718384,6.526314735412598,9.139161109924316,13.784076690673828,7449,0.09607893718560558,2.753995418548584,2.3662917613983154,6.7165093421936035,8.879132270812988,12.546903610229492,326,0,0.0,nan,nan,0,0.0007812500180313098
AF-P0DQT9-F1,11649,10530,2.3956305980682373,1.894663691520691,5.957940578460693,8.683172225952148,14.032278060913086,1119,0.09605974761782127,2.1581532955169678,1.7051607370376587,5.411295413970947,8.111067771911621,11.762968063354492,43,0,0.0,nan,nan,0,0.27204601737066925
AF-Q8S2G4-F1,72148,65220,2.424097776412964,1.9038457870483398,6.039431571960449,9.646013259887695,20.97917366027832,6928,0.09602483783334258,2.6512696743011475,2.202927350997925,6.337464809417725,8.930152893066406,21.492168426513672,312,0,0.0,nan,nan,0,0.2790056739373177
AF-O74343-F1,100981,91289,3.0828633308410645,2.161034107208252,9.072875022888184,14.111973762512207,21.646657943725586,9692,0.09597845139184599,3.020019292831421,2.2396225929260254,8.804471969604492,13.294206619262695,20.369863510131836,449,0,0.0,nan,nan,0,0.28931887549930024
AF-Q65ZG8-2-F1,68299,61744,1.4670330286026,1.2200965881347656,3.6196932792663574,4.825988292694092,7.822883129119873,6555,0.09597505087922224,1.5937728881835938,1.3067456483840942,3.958623170852661,5.075871467590332,6.997579097747803,291,0,0.0,nan,nan,0,0.27398833258732214
AF-Q9WVL7-F1,31740,28695,2.137544631958008,1.7968785762786865,5.286456108093262,8.036993026733398,15.436885833740234,3045,0.09593572778827977,2.2967240810394287,1.9205056428909302,5.805903911590576,7.761051177978516,14.280142784118652,119,0,0.0,nan,nan,0,0.24992680166765469
AF-F4JHA2-2-F1,144227,130393,2.469970226287842,1.788139820098877,6.993780136108398,13.88609504699707,23.30549430847168,13834,0.09591823999667191,2.53444242477417,1.925572395324707,6.7261061668396,11.087751388549805,22.966083526611328,591,0,0.0,nan,nan,0,0.2884415396637605
AF-B8EMP4-F1,31323,28321,2.564899206161499,2.382941961288452,5.7699055671691895,7.358954906463623,10.118284225463867,3002,0.09584011748555375,2.8318207263946533,2.55401611328125,6.263769149780273,7.702453136444092,9.72511100769043,142,0,0.0,nan,nan,0,0.2831699120727522
AF-Q8XAU9-F1,26890,24313,2.1356232166290283,1.5836622714996338,5.693610191345215,11.63686466217041,15.949054718017578,2577,0.09583488285608033,2.325995445251465,1.8315578699111938,5.701908111572266,12.238256454467773,15.75755786895752,123,0,0.0,nan,nan,0,0.27307551803732866
AF-A4XQL6-F1,28712,25962,2.1795976161956787,1.9225353002548218,4.993740558624268,6.2317681312561035,11.094839096069336,2750,0.09577876845918083,2.207650661468506,1.9382519721984863,4.841468334197998,6.378805637359619,10.645395278930664,126,0,0.0,nan,nan,0,0.27947096055759646
AF-Q5NDL1-F1,64363,58199,2.4408702850341797,2.0154924392700195,6.1243205070495605,9.2951021194458,15.985302925109863,6164,0.09576930845361466,2.729515552520752,2.3680946826934814,6.389479637145996,9.276311874389648,16.136274337768555,263,0,0.0,nan,nan,0,0.2944487255297086
AF-O95881-F1,24918,22532,3.5166361331939697,3.163825511932373,8.186017990112305,10.156099319458008,17.567502975463867,2386,0.09575407336062285,3.994358777999878,3.8209307193756104,8.57012939453125,10.197145462036133,14.998836517333984,97,0,0.0,nan,nan,0,0.0007395831227693384
AF-C0HLS4-F1,15060,13618,1.9160113334655762,1.4349949359893799,5.0988054275512695,8.427464485168457,11.835003852844238,1442,0.09575033200531209,1.9123796224594116,1.4736263751983643,5.219757556915283,9.215157508850098,11.708902359008789,57,0,0.0,nan,nan,0,0.2826925083458345
AF-P92958-2-F1,50669,45819,2.6862335205078125,2.239253520965576,6.61309289932251,9.97520923614502,16.71381950378418,4850,0.09571927608596972,2.379964590072632,2.011873722076416,5.957261085510254,8.639386177062988,15.476053237915039,192,0,0.0,nan,nan,0,0.0007979082411755378
AF-F4JI44-2-F1,129194,116831,2.8165998458862305,2.3408470153808594,6.97623872756958,9.49850082397461,16.600194931030273,12363,0.09569329845039243,3.132354259490967,2.7109668254852295,7.286701679229736,9.315958023071289,15.171669960021973,517,0,0.0,nan,nan,0,0.0008181014666410746
AF-A6QGP7-F1,46913,42424,4.769606113433838,4.48819637298584,9.847402572631836,12.462492942810059,16.18583106994629,4489,0.09568776245390404,5.612448692321777,5.494744300842285,11.095637321472168,13.024693489074707,16.28645133972168,204,0,0.0,nan,nan,0,0.2820132308772273
AF-Q51519-F1,63926,57813,4.871362209320068,4.498897075653076,9.504173278808594,18.19691276550293,38.17070007324219,6113,0.09562619278540813,5.3504204750061035,5.15241003036499,9.720073699951172,14.268284797668457,36.873355865478516,252,0,0.0,nan,nan,0,0.27680700381337886
AF-F4HVA6-2-F1,88902,80401,2.095019817352295,1.6679986715316772,5.390575408935547,7.7574872970581055,12.99198055267334,8501,0.0956221457335043,2.0625901222229004,1.6934263706207275,5.175610542297363,7.22789192199707,12.537732124328613,406,0,0.0,nan,nan,0,0.2956737879616621
AF-Q5VRY0-F1,98442,89029,6.34781551361084,6.29085636138916,11.023208618164062,14.381609916687012,31.00575065612793,9413,0.09561975579529063,5.778969764709473,5.677404403686523,10.334776878356934,13.41721248626709,26.905113220214844,448,0,0.0,nan,nan,0,0.2928732777032409
AF-F2RB81-F1,117850,106582,5.458515644073486,5.293567657470703,10.203598976135254,14.330787658691406,29.879344940185547,11268,0.09561306745863386,5.770269870758057,5.744865417480469,10.475878715515137,14.008966445922852,24.670133590698242,515,0,0.0,nan,nan,0,0.2925892435967974
AF-P97328-F1,34684,31369,1.8157892227172852,1.469806432723999,4.662151336669922,6.700685501098633,11.689764976501465,3315,0.09557721139430285,2.095860719680786,1.7919745445251465,5.024668216705322,6.442997932434082,11.3306303024292,135,0,0.0,nan,nan,0,0.27553191576806013
AF-P13489-F1,45774,41402,6.426899433135986,5.828574180603027,12.440595626831055,15.26900577545166,21.298749923706055,4372,0.0955127364879626,7.253566265106201,6.955704689025879,12.984112739562988,15.24620532989502,20.82501983642578,196,0,0.0,nan,nan,0,0.0007850433959140091
AF-Q7PTL0-F1,31872,28828,2.7105209827423096,2.549668788909912,5.804930686950684,6.961854457855225,9.107562065124512,3044,0.0955070281124498,3.135817050933838,2.940419912338257,6.461246967315674,7.3242974281311035,8.926258087158203,122,0,0.0,nan,nan,0,0.29710603508533273
AF-Q0AYA9-F1,13867,12543,1.6605125665664673,1.3543943166732788,4.25712251663208,5.404552459716797,6.990891456604004,1324,0.09547847407514243,1.7548824548721313,1.1993986368179321,4.919045448303223,5.6724066734313965,6.708104133605957,61,0,0.0,nan,nan,0,0.26521750942433164
AF-P9WGI3-F1,39993,36175,2.3485941886901855,1.9597256183624268,5.88936710357666,7.728362560272217,12.323596954345703,3818,0.0954667066736679,2.7241852283477783,2.236085891723633,6.615362167358398,7.980958938598633,11.80258560180664,157,0,0.0,nan,nan,0,0.2719135915872989
AF-P31200-F1,13085,11836,1.7254325151443481,1.412473201751709,4.498889923095703,5.738459587097168,10.53349781036377,1249,0.09545280855941918,2.214897632598877,2.0221996307373047,4.964450359344482,5.884988784790039,9.979547500610352,54,0,0.0,nan,nan,0,0.2787037271527435
AF-P87314-F1,134394,121571,2.0753791332244873,1.7184953689575195,5.242914199829102,7.194751739501953,15.325479507446289,12823,0.09541348572108874,2.4998390674591064,2.1985461711883545,5.74888801574707,7.460358142852783,14.702258110046387,573,0,0.0,nan,nan,0,0.26200832658338
AF-Q55GH4-F1,129100,116783,2.697526454925537,2.173330783843994,6.860003471374512,12.232095718383789,20.547866821289062,12317,0.09540666150271107,2.312319755554199,1.6993632316589355,6.349197864532471,11.432425498962402,20.408000946044922,579,0,0.0,nan,nan,0,0.2858823752863937
AF-Q9VN93-2-F1,64898,58708,3.2487576007843018,2.3443872928619385,8.875495910644531,14.606712341308594,23.145248413085938,6190,0.09538044315695399,2.875939130783081,2.203742504119873,7.6689887046813965,12.228781700134277,22.047216415405273,270,0,0.0,nan,nan,0,0.265728990573467
AF-Q54DL7-F1,123256,111501,3.9157614707946777,3.505419969558716,8.634842872619629,10.8160982131958,24.760835647583008,11755,0.09537061076134225,4.39516019821167,4.033106327056885,9.18862247467041,11.169076919555664,21.410152435302734,524,0,0.0,nan,nan,0,0.29363622898083175
AF-Q6DDS9-F1,119021,107672,4.589783191680908,4.116221904754639,9.857698440551758,12.786375045776367,21.463869094848633,11349,0.09535292091311617,5.224369525909424,4.9659318923950195,10.359182357788086,12.707169532775879,20.243013381958008,530,0,0.0,nan,nan,0,0.2942907725752244
AF-P38571-2-F1,40548,36682,2.0584824085235596,1.6224274635314941,5.603570938110352,7.979721546173096,11.733014106750488,3866,0.09534379007595936,2.3736417293548584,1.9885435104370117,6.018739223480225,8.736167907714844,11.724188804626465,182,0,0.0,nan,nan,0,0.28924878396176923
AF-Q3ZXU5-F1,38377,34719,3.192591667175293,2.0939767360687256,9.99549388885498,17.645986557006836,25.750324249267578,3658,0.09531750788232535,3.4236690998077393,2.630220413208008,9.935646057128906,17.05531120300293,24.275463104248047,165,0,0.0,nan,nan,0,0.2811530967947239
AF-P0CO50-F1,127144,115034,5.850063800811768,5.640517234802246,10.995464324951172,15.079818725585938,30.819921493530273,12110,0.09524633486440572,6.524899482727051,6.42202091217041,11.410346031188965,15.324433326721191,30.27430534362793,514,0,0.0,nan,nan,0,0.2956183753187891
AF-Q63250-F1,58967,53352,3.184020757675171,1.9173429012298584,10.233160972595215,15.109135627746582,24.142601013183594,5615,0.09522275170858277,3.1444091796875,2.014364004135132,10.23906421661377,15.197423934936523,24.065052032470703,246,0,0.0,nan,nan,0,0.0007571883773662691
AF-Q05153-2-F1,41380,37440,2.276153326034546,1.912202000617981,5.624851703643799,7.929636001586914,13.019498825073242,3940,0.09521507974867086,2.474339723587036,2.0449342727661133,6.17482328414917,8.238798141479492,12.696027755737305,153,0,0.0,nan,nan,0,0.2967179544513152
AF-Q7NXL8-F1,44143,39940,2.857229709625244,2.643311023712158,6.4829607009887695,8.273404121398926,12.331070899963379,4203,0.0952132840994042,3.338094711303711,3.3408143520355225,6.8113908767700195,8.411581993103027,10.681990623474121,183,0,0.0,nan,nan,0,0.28282610213310666
AF-P19729-F1,16900,15291,2.111926317214966,1.736147403717041,5.414168834686279,7.233052730560303,11.116660118103027,1609,0.09520710059171597,2.6100780963897705,2.223426580429077,5.900385856628418,7.474176406860352,10.954949378967285,84,0,0.0,nan,nan,0,0.0007756777987444341
AF-I6XFS7-F1,22699,20538,2.9945991039276123,2.5317962169647217,7.422208309173584,9.760047912597656,15.468647956848145,2161,0.09520243182519053,2.9968981742858887,2.613320827484131,7.101375102996826,9.887847900390625,15.407148361206055,89,0,0.0,nan,nan,0,0.000774843228762423
AF-Q8TF74-2-F1,67330,60924,3.5019140243530273,3.373094320297241,6.3453521728515625,7.716345310211182,11.801494598388672,6406,0.09514332392692708,3.311800241470337,3.038785457611084,6.734806537628174,7.95056676864624,11.0049409866333,301,0,0.0,nan,nan,0,0.2648918150924394
AF-Q9FE25-F1,54201,49046,3.6368408203125,3.125129461288452,8.74924087524414,11.623108863830566,18.224302291870117,5155,0.09510894632940352,3.2584877014160156,2.7415709495544434,8.252842903137207,11.199248313903809,15.862646102905273,229,0,0.0,nan,nan,0,0.27752578221646496
AF-P0ACT8-F1,25584,23151,2.4597787857055664,2.1839423179626465,5.896407127380371,7.380974769592285,10.404671669006348,2433,0.0950984990619137,2.752779483795166,2.4270570278167725,6.281939506530762,7.48962926864624,10.492124557495117,87,0,0.0,nan,nan,0,0.2941498270131606
AF-Q5EA18-F1,49473,44769,2.0822551250457764,1.6619521379470825,5.337230682373047,7.290385723114014,17.67892837524414,4704,0.09508216602995573,2.276902675628662,1.9231972694396973,5.535969257354736,7.664854049682617,11.403096199035645,231,0,0.0,nan,nan,0,0.2952563527952362
AF-Q0V8R7-F1,52218,47253,3.4036431312561035,2.958615779876709,7.894488334655762,10.735037803649902,18.428325653076172,4965,0.09508215557853614,3.323758125305176,2.9241654872894287,7.774796009063721,10.532817840576172,17.55751609802246,206,0,0.0,nan,nan,0,0.2868691615851563
AF-Q4WZ67-F1,53028,47989,2.973187208175659,2.2872092723846436,8.380311965942383,17.01167106628418,24.69976043701172,5039,0.09502526966885419,3.220571517944336,2.7729625701904297,7.2823052406311035,14.258368492126465,22.91343879699707,214,0,0.0,nan,nan,0,0.29277863456704134
AF-Q53197-F1,61010,55217,2.3843939304351807,2.0697779655456543,5.63381814956665,7.558905124664307,15.407403945922852,5793,0.09495164727093919,2.4337010383605957,2.1285383701324463,5.6329474449157715,7.397377967834473,12.617493629455566,290,0,0.0,nan,nan,0,0.2985373361502328
AF-Q84JU4-2-F1,25612,23181,2.073479413986206,1.5667550563812256,5.401327610015869,10.928725242614746,20.049331665039062,2431,0.09491644541621115,2.0588393211364746,1.6843464374542236,4.986537933349609,10.87918758392334,18.706449508666992,107,0,0.0,nan,nan,0,0.0007810002544474948
AF-P28004-F1,87098,78831,2.0726397037506104,1.8128306865692139,4.845038414001465,6.190445899963379,14.333047866821289,8267,0.09491607155158557,1.9819415807724,1.7065531015396118,4.754886150360107,6.428787708282471,10.297188758850098,339,0,0.0,nan,nan,0,0.28534928163206585
AF-G3XGC1-F1,75354,68203,3.339332103729248,2.9261631965637207,7.743579864501953,11.014838218688965,22.22081756591797,7151,0.09489874459219153,3.555448055267334,3.138184070587158,8.004270553588867,10.62908935546875,21.907930374145508,315,0,0.0,nan,nan,0,0.2954734523935447
AF-Q8NHP7-2-F1,71641,64843,1.8248307704925537,1.5428733825683594,4.443140029907227,5.820670127868652,10.41637134552002,6798,0.09488979774151673,1.9925707578659058,1.6734204292297363,5.028740882873535,6.123371124267578,9.73129653930664,308,0,0.0,nan,nan,0,0.28571932456375393
AF-P41205-F1,43795,39640,5.3497490882873535,4.886696815490723,11.62496280670166,14.636445999145508,23.305316925048828,4155,0.09487384404612399,4.54932975769043,3.997205972671509,10.675253868103027,13.447107315063477,17.30830955505371,176,0,0.0,nan,nan,0,0.2538762556747278
AF-P09132-2-F1,17766,16081,3.189072608947754,2.546515703201294,8.004878044128418,9.959220886230469,13.403182983398438,1685,0.09484408420578633,3.010996103286743,2.374175548553467,7.559340000152588,9.782631874084473,12.703404426574707,77,0,0.0,nan,nan,0,0.28464666565945795
AF-Q9LYW9-F1,71478,64701,2.285745620727539,1.89914071559906,5.709423542022705,7.247557163238525,12.500767707824707,6777,0.09481238982624024,2.6920392513275146,2.348151922225952,6.239179611206055,7.615972995758057,12.501291275024414,281,0,0.0,nan,nan,0,0.29367005449732264
AF-Q820U3-F1,35049,31726,4.63523006439209,4.616733551025391,8.557005882263184,10.344892501831055,14.588473320007324,3323,0.09481012297069817,5.197225570678711,5.311160564422607,8.984819412231445,10.690628051757812,15.33414077758789,133,0,0.0,nan,nan,0,0.2960085172301322
AF-P39009-F1,76412,69168,2.569920778274536,2.2346906661987305,6.043810844421387,8.20030403137207,14.610949516296387,7244,0.09480186358163639,2.666802167892456,2.322946310043335,6.2699103355407715,8.44577407836914,13.24813175201416,341,0,0.0,nan,nan,0,0.0007633714995148866
AF-Q91W90-F1,62767,56818,3.3749303817749023,3.1756234169006348,7.032657146453857,9.073464393615723,13.861878395080566,5949,0.0947791036691255,3.7494471073150635,3.7055368423461914,7.23264217376709,9.09839916229248,14.153635025024414,268,0,0.0,nan,nan,0,0.2419457186000682
AF-Q0J7Y8-F1,165115,149468,4.513699054718018,4.298089981079102,8.781009674072266,10.68011474609375,23.32403564453125,15647,0.09476425521606154,5.249890327453613,5.210809707641602,9.47273063659668,10.95769214630127,22.642976760864258,773,0,0.0,nan,nan,0,0.2965984056563151
AF-Q9HFC8-F1,95500,86451,2.488420009613037,2.0612478256225586,6.2744646072387695,8.888059616088867,17.22108268737793,9049,0.09475392670157068,2.262561321258545,1.8201218843460083,5.869960784912109,8.343443870544434,18.232025146484375,377,0,0.0,nan,nan,0,0.29725304985319423
AF-P28630-F1,48311,43736,2.433103322982788,2.054454803466797,5.943334102630615,8.872119903564453,17.12745475769043,4575,0.09469892985034464,2.475116014480591,2.2008018493652344,5.676145076751709,8.747525215148926,16.507720947265625,195,0,0.0,nan,nan,0,0.2600987486765667
AF-A9WHR4-F1,22629,20487,2.2341911792755127,1.9198668003082275,5.211170196533203,6.651809215545654,9.121627807617188,2142,0.09465729815723187,2.3264901638031006,1.9429233074188232,5.372564315795898,6.914943695068359,8.719229698181152,88,0,0.0,nan,nan,0,0.0007912870815665052
AF-Q9BYC8-F1,40742,36886,3.5144295692443848,3.3339333534240723,7.3912835121154785,10.31213092803955,13.775357246398926,3856,0.09464434735653625,3.1736690998077393,2.719569683074951,7.575286865234375,10.077055931091309,13.42406940460205,168,0,0.0,nan,nan,0,0.2980427302893821
AF-Q80Y83-16-F1,22702,20555,2.7857816219329834,2.239572525024414,6.805472373962402,11.814923286437988,36.51609420776367,2147,0.09457316535988018,2.3586320877075195,1.9458868503570557,5.445747375488281,8.445868492126465,37.13877487182617,98,0,0.0,nan,nan,0,0.296314731544731
AF-A2T2X4-F1,71280,64539,4.809323787689209,4.639233112335205,8.647977828979492,10.585864067077637,14.955223083496094,6741,0.09457070707070707,5.480228424072266,5.455260276794434,9.236398696899414,11.017437934875488,13.752346992492676,274,0,0.0,nan,nan,0,0.2857470362849389
AF-O43236-5-F1,55497,50250,2.5114822387695312,1.8234268426895142,7.539782524108887,13.319499015808105,22.207996368408203,5247,0.09454565111627655,2.79685378074646,2.220604181289673,7.6866865158081055,13.090473175048828,20.430545806884766,230,0,0.0,nan,nan,0,0.29542831932569735
AF-P45985-F1,58459,52932,2.2110109329223633,1.8031737804412842,5.545329570770264,8.096195220947266,14.900634765625,5527,0.09454489471253356,2.1843793392181396,1.775107502937317,5.358118534088135,7.348833084106445,14.193893432617188,260,0,0.0,nan,nan,0,0.0008191996080262332
AF-A7ZFZ0-F1,19985,18096,5.596286296844482,5.327911853790283,11.587959289550781,16.876365661621094,21.945724487304688,1889,0.094520890668001,5.075777053833008,4.619108200073242,11.690020561218262,16.376306533813477,21.415603637695312,81,0,0.0,nan,nan,0,0.0007074760760845678
AF-P0AGG2-F1,36131,32716,2.628337860107422,2.2321579456329346,6.177313327789307,11.133155822753906,15.501148223876953,3415,0.09451717361822258,2.8952605724334717,2.5545742511749268,6.431382179260254,10.573225975036621,14.6205472946167,139,0,0.0,nan,nan,0,0.0007821224772988078
AF-Q30XT2-F1,25913,23464,2.8011715412139893,2.1905570030212402,7.856175422668457,13.57247543334961,17.150190353393555,2449,0.09450854783313395,3.156726598739624,2.916106939315796,6.988463878631592,13.25920581817627,16.57811164855957,106,0,0.0,nan,nan,0,0.0007679601394818825
AF-Q8TF74-F1,102109,92462,4.681882381439209,4.693272590637207,7.565509796142578,8.75692367553711,12.045022010803223,9647,0.0944774701544428,4.313413619995117,4.266531944274902,7.788365840911865,9.010407447814941,12.305789947509766,434,0,0.0,nan,nan,0,0.2650791107178361
AF-Q38861-F1,113784,103039,2.40628981590271,1.9888701438903809,5.720510959625244,8.55886459350586,22.080825805664062,10745,0.09443331224073684,2.359877824783325,1.9853347539901733,5.578555107116699,7.616577625274658,20.392669677734375,483,0,0.0,nan,nan,0,0.29371059783661324
AF-Q804R0-F1,56114,50816,2.255216121673584,1.8232132196426392,5.65114164352417,7.32955265045166,15.604584693908691,5298,0.09441494101293794,2.407881736755371,1.9547526836395264,6.252328872680664,7.4778265953063965,16.0494327545166,219,0,0.0,nan,nan,0,0.0008043473692074254
AF-O88346-3-F1,58673,53134,2.8735220432281494,2.6367716789245605,6.480083465576172,7.916742324829102,9.700193405151367,5539,0.09440458132360711,3.1177287101745605,2.7806313037872314,7.560856342315674,8.42754077911377,9.541619300842285,254,0,0.0,nan,nan,0,0.2936932872107485
AF-Q9BZ23-2-F1,36716,33250,2.047558307647705,1.5805151462554932,5.446375846862793,8.205803871154785,15.371011734008789,3466,0.09440026146639068,2.2621421813964844,1.8990705013275146,5.519812107086182,7.794210433959961,15.400084495544434,158,0,0.0,nan,nan,0,0.2882448779242538
AF-Q9UBS0-2-F1,27935,25298,2.6291444301605225,2.0829925537109375,6.873847007751465,9.40768814086914,12.073565483093262,2637,0.09439770896724539,2.8805432319641113,2.569664239883423,6.323281764984131,8.983051300048828,11.315988540649414,128,0,0.0,nan,nan,0,0.000706949978808602
AF-F6N7K6-F1,147513,133591,4.9164581298828125,4.571073055267334,10.57202434539795,14.541678428649902,30.46765899658203,13922,0.09437812260614319,4.577456474304199,4.019532203674316,10.350191116333008,13.607285499572754,30.586395263671875,607,0,0.0,nan,nan,0,0.2933761756694645
AF-A0A8M1PIL7-F1,64449,58367,3.352797746658325,3.025526523590088,7.579155921936035,10.287454605102539,35.96104049682617,6082,0.0943691911433847,3.8639774322509766,3.7515158653259277,7.807297706604004,10.258967399597168,16.961769104003906,278,0,0.0,nan,nan,0,0.25657174445891384
AF-A7E5J5-F1,70302,63668,4.092554569244385,3.879513740539551,8.913641929626465,12.280033111572266,17.907352447509766,6634,0.09436431395977354,4.60770320892334,4.5547332763671875,9.168133735656738,12.670263290405273,17.666109085083008,263,0,0.0,nan,nan,0,0.2922972211599133
AF-A0A437AFK1-F1,137993,124975,1.961045503616333,1.671161413192749,4.8152875900268555,6.402395248413086,11.627358436584473,13018,0.09433811860021885,2.300067901611328,2.0588366985321045,5.136738300323486,6.465150833129883,10.762133598327637,569,0,0.0,nan,nan,0,0.2995547511748814
AF-A1JJW5-F1,44628,40419,4.297865867614746,2.900678873062134,9.1537504196167,44.57737731933594,50.817195892333984,4209,0.09431298736219414,4.285721302032471,3.439826726913452,8.30487060546875,37.898075103759766,49.702674865722656,177,0,0.0,nan,nan,0,0.2813156114452371
AF-Q93VR3-F1,42842,38803,6.321883201599121,2.9504270553588867,34.2902946472168,41.50691223144531,48.17904281616211,4039,0.09427664441435973,6.386848449707031,3.7011430263519287,32.90540313720703,41.75139617919922,47.34859848022461,157,0,0.0,nan,nan,0,0.29656686828646317
AF-Q19294-F1,98846,89532,3.6517724990844727,3.212327003479004,8.402714729309082,10.711492538452148,17.089155197143555,9314,0.09422738401149262,4.214434623718262,3.9547698497772217,8.889655113220215,10.777697563171387,15.082208633422852,394,0,0.0,nan,nan,0,0.26388756464051477
AF-O08674-F1,76435,69234,2.857117176055908,2.466157913208008,6.896128177642822,9.148994445800781,13.515883445739746,7201,0.09421076731863676,3.019812822341919,2.760303020477295,6.821563243865967,9.043946266174316,12.800497055053711,320,0,0.0,nan,nan,0,0.299393258514443
AF-P9WHJ3-F1,96881,87754,4.122598171234131,3.604435920715332,9.800344467163086,14.239575386047363,19.683759689331055,9127,0.09420835870810582,4.314447402954102,3.905039072036743,9.571126937866211,13.894951820373535,19.81148338317871,391,0,0.0,nan,nan,0,0.2876291415131138
AF-Q8GYL7-F1,129140,116974,2.433471441268921,1.9808378219604492,6.03395414352417,8.632033348083496,15.072110176086426,12166,0.09420783645655878,2.387970209121704,1.9603396654129028,5.873111724853516,8.316088676452637,15.225361824035645,542,0,0.0,nan,nan,0,0.28780297538412003
AF-P34130-F1,39863,36108,2.2129268646240234,1.7870254516601562,5.468435287475586,8.591004371643066,13.118480682373047,3755,0.09419762687203673,2.229482889175415,1.8116828203201294,5.744537830352783,8.464704513549805,13.106691360473633,173,0,0.0,nan,nan,0,0.27715905350592196
AF-Q96DI7-F1,44438,40254,2.125716209411621,1.56270432472229,5.717528343200684,10.600619316101074,18.201290130615234,4184,0.09415365227958054,2.2209384441375732,1.7633363008499146,5.699223518371582,9.776933670043945,17.80349349975586,181,0,0.0,nan,nan,0,0.2683652513853967
AF-P04644-F1,25800,23371,4.052706718444824,2.871885299682617,10.85501480102539,14.161112785339355,22.044973373413086,2429,0.09414728682170542,3.8647189140319824,3.0749754905700684,10.17999267578125,13.157682418823242,18.797231674194336,101,0,0.0,nan,nan,0,0.2832810008665888
AF-Q9FIX2-F1,22137,20053,2.3579211235046387,2.055880069732666,5.466269016265869,7.355908393859863,11.000280380249023,2084,0.0941410308533225,2.8966193199157715,2.770620822906494,6.065062046051025,7.7107367515563965,10.265937805175781,89,0,0.0,nan,nan,0,0.0008118986797636119
AF-C4L192-F1,91758,83121,2.942716121673584,2.3829987049102783,7.255405902862549,11.480428695678711,27.61872673034668,8637,0.09412803243313934,3.2078442573547363,2.796142101287842,7.21289587020874,10.650586128234863,26.64873504638672,368,0,0.0,nan,nan,0,0.291997075678849
AF-O29370-F1,23480,21270,3.0530810356140137,2.5892691612243652,7.272733211517334,10.838682174682617,16.579294204711914,2210,0.09412265758091994,3.6620447635650635,3.4982244968414307,7.5200700759887695,10.970046043395996,15.329309463500977,110,0,0.0,nan,nan,0,0.28347070291891197
AF-E9P8D2-F1,27001,24460,2.624619483947754,1.9808400869369507,7.063588619232178,15.03573989868164,26.71901512145996,2541,0.09410762564349469,2.6783885955810547,2.186171531677246,6.247779369354248,11.719022750854492,26.032466888427734,113,0,0.0,nan,nan,0,0.29127596876816286
AF-P31110-F1,21056,19075,1.3294905424118042,0.9468298554420471,3.86649227142334,6.284154891967773,10.311595916748047,1981,0.09408244680851063,1.6896476745605469,1.4265694618225098,4.159262657165527,5.825350284576416,9.57245922088623,86,0,0.0,nan,nan,0,0.233261124001376
AF-P0CP16-F1,130883,118570,3.416168451309204,2.7339680194854736,8.997565269470215,11.880280494689941,22.641847610473633,12313,0.09407638883583047,3.9540228843688965,3.32869291305542,9.82871150970459,12.468917846679688,21.431474685668945,600,0,0.0,nan,nan,0,0.27382403961582646
AF-O07436-F1,53950,48875,2.3516836166381836,1.8286179304122925,6.041423797607422,10.967194557189941,16.86077880859375,5075,0.09406858202038924,2.6390953063964844,2.305368185043335,6.0457444190979,9.538326263427734,15.777290344238281,232,0,0.0,nan,nan,0,0.0007801820116146718
AF-Q2G8J9-F1,14427,13070,1.7723991870880127,1.513913631439209,4.1589579582214355,5.83157205581665,8.583237648010254,1357,0.09405974908158314,1.948857307434082,1.7598915100097656,4.242547035217285,6.137133598327637,8.529948234558105,66,0,0.0,nan,nan,0,0.2697608146031357
AF-Q23552-3-F1,48951,44348,3.3493709564208984,3.1078970432281494,7.3571038246154785,9.036492347717285,11.48442268371582,4603,0.0940328083185226,3.8534889221191406,3.778710126876831,7.571583271026611,8.942503929138184,10.833760261535645,198,0,0.0,nan,nan,0,0.18355309256617192
AF-P25040-F1,67409,61072,4.628882884979248,4.388395309448242,10.018742561340332,12.13331413269043,16.395959854125977,6337,0.09400821848714563,5.25977087020874,5.226371765136719,10.392101287841797,12.460092544555664,16.05375862121582,277,0,0.0,nan,nan,0,0.0007968963367425141
AF-Q8R2U2-F1,103630,93889,8.680789947509766,8.754034042358398,13.211836814880371,15.288503646850586,22.57656478881836,9741,0.09399787706262665,8.083403587341309,7.978729724884033,12.98208999633789,14.73154354095459,18.043182373046875,443,0,0.0,nan,nan,0,0.28217321027331055
AF-O74876-F1,73168,66291,2.3098502159118652,1.8864039182662964,5.816812515258789,7.747373580932617,11.29157829284668,6877,0.09398917559588892,2.684119701385498,2.3651328086853027,6.3236846923828125,8.054569244384766,10.58637523651123,267,0,0.0,nan,nan,0,0.2687684794205024
AF-Q96DR4-2-F1,25524,23126,2.127368927001953,1.6487672328948975,5.611617565155029,8.498625755310059,78.17955017089844,2398,0.0939507914120044,2.4523425102233887,2.0685300827026367,5.716830253601074,7.531897068023682,13.513080596923828,107,0,0.0,nan,nan,0,0.28164024552292677
AF-F4JG10-F1,86644,78504,2.708625555038452,2.2532448768615723,6.854534149169922,9.074074745178223,13.137192726135254,8140,0.09394764784635981,3.1010799407958984,2.6929848194122314,7.479106903076172,9.287991523742676,12.002449035644531,350,0,0.0,nan,nan,0,0.0007897046655160889
AF-Q9VCE1-F1,75734,68619,4.789887428283691,4.3677897453308105,10.673667907714844,12.747335433959961,18.256563186645508,7115,0.09394723637996144,5.252597808837891,5.009434223175049,11.30548095703125,13.39667797088623,17.302282333374023,295,0,0.0,nan,nan,0,0.2966785015337552
AF-A2S514-F1,10862,9842,2.0189943313598633,1.6599745750427246,5.316258430480957,7.229061126708984,9.432001113891602,1020,0.09390535812925796,2.477389335632324,2.2115983963012695,5.620051860809326,7.265383720397949,9.262016296386719,34,0,0.0,nan,nan,0,0.0007577219447751915
AF-P54823-F1,65013,58908,3.1615946292877197,2.4434733390808105,8.693126678466797,14.210549354553223,26.201383590698242,6105,0.09390429606386415,2.9583935737609863,2.263542890548706,7.783856391906738,13.645106315612793,24.05862045288086,273,0,0.0,nan,nan,0,0.2934237162041865
AF-A4JPY1-F1,75998,68864,4.085660457611084,2.544520378112793,14.896834373474121,23.27215003967285,30.879636764526367,7134,0.09387089133924577,3.778982639312744,2.472303628921509,12.146610260009766,22.77119255065918,29.503122329711914,319,0,0.0,nan,nan,0,0.2566859660997708
AF-Q9YBY9-F1,31834,28846,3.7719857692718506,2.2630128860473633,14.122303009033203,18.929988861083984,25.966176986694336,2988,0.09386190865112773,3.3054039478302,2.0730745792388916,12.974265098571777,18.542695999145508,24.31353759765625,133,0,0.0,nan,nan,0,0.24511643045846
AF-Q7L513-6-F1,39667,35944,1.869185447692871,1.5743952989578247,4.8281941413879395,6.295592308044434,9.961933135986328,3723,0.09385635414828447,2.4365532398223877,2.19230055809021,5.672636985778809,6.5482282638549805,9.487629890441895,166,0,0.0,nan,nan,0,0.28583702695905555
AF-P66726-F1,11960,10838,2.353684663772583,2.1605618000030518,5.124724388122559,6.536522388458252,9.426692962646484,1122,0.09381270903010033,2.5013816356658936,2.0819928646087646,5.610114574432373,6.7240471839904785,8.319796562194824,45,0,0.0,nan,nan,0,0.0007695849621340844
AF-P24482-F1,100508,91081,2.8347856998443604,2.5030717849731445,6.515270709991455,8.13105583190918,14.415953636169434,9427,0.09379352887332351,3.2588679790496826,3.0482044219970703,6.963626384735107,8.534260749816895,14.213265419006348,401,0,0.0,nan,nan,0,0.29220849757882683
AF-Q25189-F1,34560,31320,2.0754787921905518,1.558079481124878,5.463996410369873,12.429163932800293,20.03287696838379,3240,0.09375,2.13716459274292,1.6317427158355713,5.298541069030762,13.970414161682129,18.823713302612305,130,0,0.0,nan,nan,0,0.29822265367855616
AF-Q96EW2-2-F1,33499,30359,2.066635847091675,1.7152888774871826,5.063699245452881,7.582736492156982,14.700974464416504,3140,0.09373414131765127,2.4528274536132812,2.210587501525879,5.336179733276367,7.549981594085693,11.984795570373535,124,0,0.0,nan,nan,0,0.0007756913440752911
AF-P18023-F1,57592,52194,6.088358402252197,5.718299388885498,13.270492553710938,19.050888061523438,28.743318557739258,5398,0.09372829559661064,5.5002827644348145,5.041934013366699,12.555047035217285,16.04388427734375,27.89701271057129,236,0,0.0,nan,nan,0,0.28827428566387947
AF-P34552-F1,133505,120992,1.922278881072998,1.5951714515686035,4.779930591583252,7.220296382904053,15.275824546813965,12513,0.09372682671061008,2.229125499725342,2.0183870792388916,5.00968074798584,7.048640251159668,13.235492706298828,523,0,0.0,nan,nan,0,0.2992281310052387
AF-C4XIS1-F1,16400,14863,1.5120385885238647,1.255593180656433,3.773055076599121,4.625592231750488,8.367870330810547,1537,0.09371951219512195,1.85616135597229,1.6143929958343506,4.221340179443359,4.836679935455322,7.87813138961792,50,0,0.0,nan,nan,0,0.0007394983778818975
AF-Q9Y5Q9-F1,129848,117680,7.13178014755249,6.694218635559082,14.758251190185547,18.42698097229004,39.83782958984375,12168,0.09370956811040601,7.792341232299805,7.5748395919799805,15.170580863952637,18.140893936157227,39.72452926635742,575,0,0.0,nan,nan,0,0.2982160861222528
AF-Q8GY54-F1,29729,26944,2.914628267288208,2.2814807891845703,7.713326454162598,12.18844223022461,20.209440231323242,2785,0.0936795721349524,3.4082088470458984,3.070237874984741,7.832852363586426,11.844352722167969,18.144533157348633,119,0,0.0,nan,nan,0,0.0007760581826659063
AF-Q9V345-F1,55327,50148,1.99555242061615,1.675083875656128,5.027335166931152,6.974307060241699,13.285307884216309,5179,0.09360709960778643,2.2787699699401855,2.0244247913360596,5.409921169281006,6.975470542907715,9.61887264251709,225,0,0.0,nan,nan,0,0.27002360508372125
AF-Q9H5Q4-F1,58954,53436,4.065537452697754,3.3645026683807373,9.794780731201172,16.00940704345703,29.590045928955078,5518,0.09359839875156901,3.3997294902801514,2.6280813217163086,8.733322143554688,14.605652809143066,29.049287796020508,233,0,0.0,nan,nan,0,0.0008015139598447352
AF-Q9NPI8-F1,58225,52776,3.1761460304260254,2.6946253776550293,7.799404144287109,9.923585891723633,19.47145652770996,5449,0.09358522971232289,2.970154047012329,2.508117198944092,7.229650020599365,9.683951377868652,19.239686965942383,243,0,0.0,nan,nan,0,0.2998835883437374
AF-Q05156-F1,71356,64683,5.161520481109619,5.131734371185303,10.766434669494629,14.880962371826172,22.672752380371094,6673,0.09351701328549807,5.694349765777588,5.759964942932129,11.282520294189453,15.556468963623047,22.811220169067383,255,0,0.0,nan,nan,0,0.24643740550061355
AF-Q5RDI0-F1,155637,141083,3.5616137981414795,3.1622776985168457,8.0807523727417,11.106761932373047,23.444028854370117,14554,0.0935124681149084,3.0305285453796387,2.5122628211975098,7.496045112609863,10.160567283630371,23.052148818969727,648,0,0.0,nan,nan,0,0.2900887765409409
AF-Q9ASR1-2-F1,35863,32511,1.749430775642395,1.2816336154937744,4.949301719665527,7.6629486083984375,15.171406745910645,3352,0.09346680422719794,2.1161646842956543,1.7048790454864502,5.351069450378418,7.565056800842285,14.098427772521973,128,0,0.0,nan,nan,0,0.2809867945943305
AF-Q9C5H9-F1,94362,85543,2.1582536697387695,1.6416136026382446,5.978812217712402,8.78315544128418,13.075053215026855,8819,0.09345923147029525,2.2524712085723877,1.8189994096755981,5.791377067565918,8.386497497558594,12.021450996398926,392,0,0.0,nan,nan,0,0.2987019691538535
AF-Q8WZ26-F1,29834,27046,2.0957462787628174,1.7796876430511475,5.132168769836426,7.020471572875977,12.460165023803711,2788,0.09345042568881143,2.0272228717803955,1.5773217678070068,5.483078956604004,7.142698764801025,11.349100112915039,134,0,0.0,nan,nan,0,0.28471762671284784
AF-Q8CE96-F1,80886,73328,2.9047789573669434,2.1252646446228027,8.32703971862793,12.426016807556152,30.449026107788086,7558,0.09344015033503944,2.6224448680877686,2.0851871967315674,6.503970146179199,10.965457916259766,30.137929916381836,340,0,0.0,nan,nan,0,0.0007539852841556005
AF-Q9K8G8-F1,101674,92178,6.693474769592285,6.748774528503418,11.661332130432129,13.705934524536133,18.660369873046875,9496,0.0933965418887818,7.544734477996826,7.760037422180176,12.019917488098145,13.849356651306152,18.387271881103516,396,0,0.0,nan,nan,0,0.27510885359622717
AF-B5FB67-F1,55406,50232,4.5604472160339355,4.30133056640625,9.231192588806152,11.54759407043457,18.137664794921875,5174,0.09338338808071328,5.102642059326172,5.101728439331055,9.42114543914795,11.673348426818848,17.761119842529297,206,0,0.0,nan,nan,0,0.2982303753891543
AF-Q86TI2-2-F1,106996,97005,3.2203454971313477,2.655618667602539,8.445579528808594,12.233888626098633,39.13117218017578,9991,0.0933773225167296,3.3829028606414795,2.9511842727661133,8.090274810791016,11.603468894958496,36.38254165649414,403,0,0.0,nan,nan,0,0.2916364661155293
AF-Q9C8Y4-F1,85456,77477,3.344510555267334,2.7806336879730225,8.195075988769531,10.096041679382324,13.679762840270996,7979,0.09336968732447107,3.7866411209106445,3.257493257522583,8.922806739807129,10.605127334594727,13.361050605773926,346,0,0.0,nan,nan,0,0.2904703918127166
AF-Q0VCL3-F1,49576,44949,7.143795013427734,6.9857587814331055,12.49914836883545,16.115007400512695,26.75983238220215,4627,0.09333145070195256,8.115419387817383,8.086724281311035,12.774638175964355,14.909734725952148,26.19634437561035,207,0,0.0,nan,nan,0,0.2804500687801904
AF-Q5P107-F1,30532,27683,2.236145496368408,1.8706294298171997,5.536524772644043,7.276115417480469,13.277388572692871,2849,0.09331193501899646,2.670867681503296,2.5314595699310303,5.8447160720825195,7.660698890686035,11.515475273132324,109,0,0.0,nan,nan,0,0.2840719486748038
AF-Q0E8C8-F1,58334,52891,1.9697656631469727,1.4629509449005127,5.4386138916015625,9.173401832580566,18.071184158325195,5443,0.09330750505708506,2.2294957637786865,1.8291592597961426,5.545110702514648,8.547487258911133,16.68070411682129,227,0,0.0,nan,nan,0,0.24511346564582437
AF-O60294-F1,78372,71062,3.0355465412139893,2.4543962478637695,7.865696430206299,11.318469047546387,19.10885238647461,7310,0.09327310774256112,3.277527332305908,2.7125487327575684,8.071048736572266,11.220047950744629,17.2651309967041,329,0,0.0,nan,nan,0,0.2664549167592689
AF-Q86UX2-2-F1,102015,92500,3.310835361480713,2.9785563945770264,7.458651065826416,9.415908813476562,14.170716285705566,9515,0.09327059746115768,2.9481515884399414,2.4457955360412598,7.323251724243164,9.414867401123047,13.429465293884277,426,0,0.0,nan,nan,0,0.29382989089540257
AF-Q5L3P0-F1,58326,52886,4.316068649291992,4.156682014465332,8.528711318969727,11.643049240112305,18.657880783081055,5440,0.0932688680862737,4.988268852233887,5.103015899658203,8.68545913696289,11.182428359985352,17.267820358276367,226,0,0.0,nan,nan,0,0.28687073706540533
AF-A6RIE1-F1,82815,75095,4.284317970275879,4.184505939483643,8.585988998413086,10.482818603515625,14.232481002807617,7720,0.09321982732596752,3.585130453109741,3.243938446044922,8.206764221191406,10.197005271911621,14.292145729064941,405,0,0.0,nan,nan,0,0.2859955191122797
AF-Q9D1M4-F1,24720,22416,1.8749313354492188,1.5533876419067383,4.68698787689209,6.46071195602417,10.761526107788086,2304,0.09320388349514563,1.8317277431488037,1.5649980306625366,4.48234224319458,6.5509138107299805,8.297812461853027,99,0,0.0,nan,nan,0,0.27847862520573374
AF-A7I4I0-F1,33690,30550,3.063244342803955,2.0795180797576904,8.479178428649902,16.991254806518555,24.00579833984375,3140,0.09320273078064707,3.4012222290039062,2.68023681640625,8.75010871887207,15.791301727294922,22.572933197021484,121,0,0.0,nan,nan,0,0.0007601768584258872
AF-P76341-F1,21718,19694,1.6668267250061035,1.2294964790344238,4.558595657348633,7.7384562492370605,12.913839340209961,2024,0.09319458513675292,1.6441348791122437,1.2579150199890137,4.190389633178711,6.971646308898926,12.541740417480469,98,0,0.0,nan,nan,0,0.0007397742013134367
AF-Q9L1I4-F1,105690,95842,4.456291198730469,3.9867515563964844,10.021510124206543,12.99126148223877,20.96968650817871,9848,0.09317816255085627,4.925155162811279,4.704255104064941,10.390451431274414,12.785905838012695,19.636919021606445,398,0,0.0,nan,nan,0,0.24779896934424295
AF-Q84T68-F1,30573,27725,2.3423197269439697,2.0063540935516357,5.726688861846924,7.544552803039551,15.381370544433594,2848,0.09315409021031629,2.587226152420044,2.280850410461426,6.169666767120361,8.006961822509766,14.429433822631836,139,0,0.0,nan,nan,0,0.262842430457752
AF-Q7MUW6-F1,84684,76796,2.499169111251831,2.0474209785461426,6.165541648864746,8.845297813415527,18.96653175354004,7888,0.09314628501251712,2.8194165229797363,2.449953079223633,6.461480617523193,8.460357666015625,17.314430236816406,320,0,0.0,nan,nan,0,0.24733198210789875
AF-A0A0M3KKZ0-F1,37286,33813,2.9402573108673096,2.491464853286743,7.169435977935791,9.861291885375977,16.35915184020996,3473,0.09314488011586118,3.278698682785034,2.926771640777588,7.26654577255249,9.547863960266113,14.630688667297363,138,0,0.0,nan,nan,0,0.2828938627597408
AF-P83253-F1,21275,19294,1.4802032709121704,1.1252840757369995,3.92060923576355,5.34005880355835,10.863840103149414,1981,0.09311398354876615,1.653365135192871,1.318842887878418,4.296555995941162,5.191934585571289,9.28391170501709,94,0,0.0,nan,nan,0,0.0008042141592699004
AF-P05049-F1,65586,59481,3.328016996383667,2.669410228729248,8.590544700622559,11.652447700500488,17.74669075012207,6105,0.09308388985454213,3.27188777923584,2.545914888381958,8.305757522583008,12.102649688720703,18.2888240814209,238,0,0.0,nan,nan,0,0.25003419739419575
AF-O74560-F1,109988,99753,2.662999391555786,2.112760543823242,7.203637599945068,10.665249824523926,20.40802574157715,10235,0.0930556060661163,2.463380813598633,1.902286171913147,6.8201518058776855,10.048699378967285,18.9329776763916,428,0,0.0,nan,nan,0,0.29331802767196713
AF-Q8CGX0-F1,89977,81605,3.056140184402466,2.6964776515960693,7.291375637054443,9.390366554260254,14.797065734863281,8372,0.09304600064460918,2.635230541229248,2.1413702964782715,6.854765892028809,8.772026062011719,14.019018173217773,374,0,0.0,nan,nan,0,0.28354558776229866
AF-A7ZML6-F1,44552,40407,3.094442844390869,2.35768723487854,8.18387508392334,16.925060272216797,28.958147048950195,4145,0.09303734961393428,3.0136282444000244,2.374544382095337,7.575716495513916,15.442458152770996,28.520593643188477,170,0,0.0,nan,nan,0,0.2717627429340219
AF-O23614-2-F1,74694,67748,2.884845733642578,2.374528408050537,7.5296454429626465,11.931978225708008,17.893840789794922,6946,0.09299274372774252,2.843179702758789,2.3878886699676514,7.046143531799316,11.351633071899414,16.911741256713867,293,0,0.0,nan,nan,0,0.2978683215880845
AF-I6L899-F1,141181,128053,2.4494547843933105,2.1421709060668945,5.756494045257568,7.325096607208252,10.379228591918945,13128,0.09298701666654861,2.7495858669281006,2.3587021827697754,6.589810371398926,7.785245418548584,9.658265113830566,558,0,0.0,nan,nan,0,0.29593143965850344
AF-P74327-F1,22864,20738,2.213270902633667,1.7399163246154785,5.8630523681640625,10.032073020935059,15.792207717895508,2126,0.09298460461861442,2.5812482833862305,2.217635154724121,6.060724258422852,9.768903732299805,14.256787300109863,70,0,0.0,nan,nan,0,0.0007357916585966073
AF-Q8TBK2-2-F1,58214,52801,6.118699073791504,5.046172618865967,15.542799949645996,19.832809448242188,26.39265251159668,5413,0.0929845054454255,6.877505779266357,5.995398998260498,15.943950653076172,19.934228897094727,25.68886947631836,239,0,0.0,nan,nan,0,0.29059645440721926
AF-B6V866-F1,58057,52659,2.5641744136810303,1.8945660591125488,6.261925220489502,15.82308292388916,28.822589874267578,5398,0.0929775909881668,2.4735991954803467,1.6960190534591675,6.468419551849365,16.41060447692871,27.584989547729492,223,0,0.0,nan,nan,0,0.2669743125490647
AF-A0A1D8PM93-F1,79425,72041,2.6055736541748047,2.119149923324585,6.6357598304748535,8.393160820007324,12.330755233764648,7384,0.09296820900220333,2.9614412784576416,2.5567405223846436,7.063147068023682,8.526472091674805,12.505069732666016,320,0,0.0,nan,nan,0,0.29910033608209075
AF-P87271-F1,20857,18918,1.5544785261154175,1.2155282497406006,4.113726615905762,5.4576849937438965,10.897849082946777,1939,0.09296639018075466,1.952208399772644,1.6190472841262817,4.758611679077148,6.008301258087158,11.367239952087402,76,0,0.0,nan,nan,0,0.2690671861473106
AF-Q8RY71-F1,35476,32178,2.68723726272583,1.996229887008667,7.962520122528076,13.139410972595215,18.718217849731445,3298,0.0929642575262149,3.130478620529175,2.6365132331848145,7.9855546951293945,11.694350242614746,18.15348243713379,133,0,0.0,nan,nan,0,0.0007873300005212247
AF-Q86X83-2-F1,25710,23320,2.346203565597534,2.093681812286377,5.5288166999816895,7.309841156005859,9.920166015625,2390,0.09295993776740567,2.7855710983276367,2.505280017852783,6.186495304107666,7.455398082733154,9.266018867492676,96,0,0.0,nan,nan,0,0.2952405191103311
AF-Q9JJZ5-F1,98389,89244,3.7511467933654785,3.2954931259155273,8.507893562316895,10.67969799041748,20.254993438720703,9145,0.09294738232932544,3.1368141174316406,2.6275887489318848,7.757460117340088,9.964587211608887,19.69832992553711,438,0,0.0,nan,nan,0,0.2975750430045023
AF-B7F7B9-F1,122126,110777,2.3882193565368652,1.9403932094573975,5.915010929107666,9.578988075256348,19.526723861694336,11349,0.09292861470939849,2.5057191848754883,2.2010724544525146,5.699134826660156,8.701484680175781,19.372224807739258,490,0,0.0,nan,nan,0,0.2825960884020522
AF-Q5EBA1-F1,111433,101078,2.4007179737091064,1.9039323329925537,5.938628196716309,11.20787525177002,48.197017669677734,10355,0.09292579397485484,2.4342331886291504,1.947473168373108,5.887359142303467,10.952939987182617,37.04881286621094,438,0,0.0,nan,nan,0,0.29595647151000426
AF-Q58DN7-F1,70761,64187,3.3972902297973633,1.7664194107055664,15.391692161560059,26.3908748626709,38.2565803527832,6574,0.09290428343296449,3.2130329608917236,2.0029454231262207,13.153368949890137,25.95152473449707,38.88677215576172,249,0,0.0,nan,nan,0,0.2800414163626218
AF-P53743-F1,65944,59818,2.449958562850952,2.0581960678100586,5.853558540344238,9.036437034606934,14.678753852844238,6126,0.0928970035181366,2.4368700981140137,2.1331348419189453,5.611095428466797,8.154621124267578,12.691190719604492,309,0,0.0,nan,nan,0,0.2982521979485203
AF-P46003-F1,16407,14883,1.7741036415100098,1.3891046047210693,4.8699188232421875,6.437317848205566,9.221014976501465,1524,0.09288718230023771,2.1107468605041504,1.722998023033142,5.063514232635498,6.661565780639648,7.744843006134033,62,0,0.0,nan,nan,0,0.0007311505337945778
AF-P04090-2-F1,26293,23851,2.198960542678833,1.9762592315673828,5.009537696838379,6.7260284423828125,12.230666160583496,2442,0.09287643098923667,2.15968918800354,1.8398373126983643,5.198059558868408,6.580644607543945,11.424674034118652,112,0,0.0,nan,nan,0,0.28204200546031266
AF-Q2YDF1-F1,39811,36115,2.9561023712158203,2.18166446685791,8.301803588867188,12.74321460723877,24.739025115966797,3696,0.09283866268116853,3.12646746635437,2.704615592956543,7.611852645874023,12.013072967529297,24.92290496826172,166,0,0.0,nan,nan,0,0.0007823225346059726
AF-Q8K4R4-2-F1,37204,33751,3.360607385635376,3.263730525970459,7.274251937866211,8.603193283081055,14.852989196777344,3453,0.09281260079561338,4.063411712646484,4.122200012207031,7.584208011627197,8.797696113586426,14.02047061920166,169,0,0.0,nan,nan,0,0.29032783728681355
AF-B7MMA1-F1,38713,35120,2.685924768447876,2.1328673362731934,6.759537696838379,14.828929901123047,21.97332191467285,3593,0.09281120037196808,2.923518657684326,2.3658173084259033,6.845057010650635,16.666711807250977,21.64344596862793,129,0,0.0,nan,nan,0,0.0007740105562721311
AF-P57077-1-F1,54501,49445,3.314833402633667,3.145267963409424,6.796206474304199,8.26932144165039,10.918259620666504,5056,0.09276894001944919,3.8429713249206543,3.7199480533599854,7.411220073699951,8.587647438049316,10.402176856994629,218,0,0.0,nan,nan,0,0.2653940481798617
AF-Q3U1T9-5-F1,53190,48256,3.151700735092163,2.934298038482666,6.916015625,9.50133991241455,14.716465950012207,4934,0.09276179733032525,3.609355926513672,3.496830463409424,7.313388824462891,9.611629486083984,13.641160011291504,195,0,0.0,nan,nan,0,0.2641287659448508
AF-Q6NXY1-4-F1,96718,87748,2.8621456623077393,2.356557846069336,7.467212200164795,10.611276626586914,17.145353317260742,8970,0.0927438532641287,2.878208875656128,2.404816150665283,7.28857946395874,10.545722961425781,14.298456192016602,389,0,0.0,nan,nan,0,0.29457777187828504
AF-A4Y1D2-F1,21420,19434,2.710829734802246,2.0794599056243896,8.485112190246582,11.121456146240234,14.49401569366455,1986,0.0927170868347339,3.019045829772949,2.6660726070404053,7.731469631195068,11.584939002990723,13.588401794433594,84,0,0.0,nan,nan,0,0.2985118421327607
AF-P55830-2-F1,35832,32510,2.947171926498413,2.3773422241210938,7.4198737144470215,9.57145881652832,12.952741622924805,3322,0.09271042643447198,2.764429807662964,2.3110694885253906,6.9692182540893555,9.191150665283203,12.089213371276855,144,0,0.0,nan,nan,0,0.2608754107435689
AF-A6UX24-F1,41924,38038,2.290616512298584,1.7943538427352905,6.025600433349609,8.321979522705078,14.364465713500977,3886,0.09269153706707375,2.5282468795776367,2.1738057136535645,6.035139083862305,8.414474487304688,11.210150718688965,168,0,0.0,nan,nan,0,0.0007503452914663367
AF-F1DBB3-F1,48570,44068,2.423727512359619,2.044917583465576,5.879876613616943,8.311293601989746,19.23972511291504,4502,0.09269096149886762,2.9532270431518555,2.8608126640319824,6.232295989990234,7.986161708831787,12.65087890625,179,0,0.0,nan,nan,0,0.2715100655080527
AF-A6X3N5-F1,37548,34068,3.8532304763793945,3.7700953483581543,7.572481632232666,9.929866790771484,16.262739181518555,3480,0.09268136784915308,4.37417459487915,4.5539703369140625,8.090272903442383,9.51206111907959,15.157222747802734,152,0,0.0,nan,nan,0,0.0008010560898941144
AF-P08833-F1,45365,41161,3.0055391788482666,2.7500245571136475,6.5540571212768555,8.45751953125,12.248893737792969,4204,0.0926705610051802,3.6962544918060303,3.6067004203796387,7.255786895751953,8.923324584960938,12.00579833984375,183,0,0.0,nan,nan,0,0.26022417059552316
AF-O46504-F1,99830,90579,4.544895648956299,2.810641050338745,19.94671058654785,27.56024169921875,34.514949798583984,9251,0.0926675348091756,4.66040563583374,3.2763242721557617,18.607730865478516,26.63970184326172,34.371551513671875,386,0,0.0,nan,nan,0,0.2988538690853779
AF-Q9BZP6-F1,52927,48024,2.2770485877990723,1.5157890319824219,6.729792594909668,15.809511184692383,19.24077606201172,4903,0.09263702835981635,2.7971549034118652,2.004398822784424,8.279522895812988,16.912519454956055,19.219724655151367,201,0,0.0,nan,nan,0,0.25269402104388683
AF-Q38879-F1,19523,17715,2.2874562740325928,1.9255261421203613,5.579189777374268,7.78016471862793,13.227593421936035,1808,0.09260871792245044,2.6096301078796387,2.3368372917175293,5.691121578216553,8.150533676147461,12.9287691116333,83,0,0.0,nan,nan,0,0.0007883382010364093
AF-B4U108-F1,74500,67601,5.81343412399292,5.745916366577148,10.690194129943848,13.202953338623047,31.836849212646484,6899,0.09260402684563758,6.347934246063232,6.378124713897705,11.116060256958008,13.229016304016113,31.209959030151367,297,0,0.0,nan,nan,0,0.29002730699846213
AF-Q9Y6V7-2-F1,45766,41528,2.54547119140625,2.10138201713562,6.363823890686035,8.530755043029785,14.509527206420898,4238,0.09260149455927981,2.3345589637756348,1.9170584678649902,5.993093967437744,8.207527160644531,13.7291841506958,200,0,0.0,nan,nan,0,0.28771197738713306
AF-Q06078-F1,126057,114386,2.913055419921875,2.475825786590576,7.020936489105225,10.00776481628418,16.2967586517334,11671,0.09258510039109291,3.0065131187438965,2.6784706115722656,6.889875411987305,9.691350936889648,14.275164604187012,528,0,0.0,nan,nan,0,0.2969768755987964
AF-Q88JG6-F1,84238,76439,2.5330348014831543,2.184382438659668,6.098206520080566,8.448598861694336,12.356759071350098,7799,0.09258291982240793,2.843341827392578,2.5491583347320557,6.389357566833496,8.422830581665039,11.802556991577148,348,0,0.0,nan,nan,0,0.2650419269896195
AF-Q9EQH4-3-F1,52456,47600,2.550128936767578,2.003047466278076,6.816322326660156,8.49462604522705,11.268108367919922,4856,0.0925728229373189,3.201359272003174,2.7748219966888428,7.737912654876709,8.893081665039062,10.608368873596191,206,0,0.0,nan,nan,0,0.2740377905721404
AF-Q6EZC3-F1,20411,18523,2.233307361602783,1.7272220849990845,6.006441116333008,9.746346473693848,18.81953239440918,1888,0.09249914261917594,1.9589956998825073,1.452385663986206,5.214902400970459,9.295106887817383,16.855783462524414,78,0,0.0,nan,nan,0,0.2955306012171839
AF-A4D161-3-F1,39674,36005,1.8967700004577637,1.4939696788787842,4.945687770843506,7.123950004577637,11.47999095916748,3669,0.09247870141654484,1.9418362379074097,1.6189203262329102,4.654952526092529,7.335367202758789,10.608612060546875,150,0,0.0,nan,nan,0,0.28277978557233285
AF-Q8N584-3-F1,16179,14683,1.8455266952514648,1.6122097969055176,4.405557155609131,5.623839378356934,8.927468299865723,1496,0.09246554175165338,2.0966999530792236,1.9261939525604248,4.508739948272705,5.769402980804443,7.9123053550720215,57,0,0.0,nan,nan,0,0.0007331400379786412
AF-Q55F94-3-F1,140904,127879,2.2996671199798584,1.6296244859695435,6.528926849365234,12.30947494506836,32.87726974487305,13025,0.09243882359620735,2.468614339828491,1.9173914194107056,6.394479274749756,10.499288558959961,31.094507217407227,538,0,0.0,nan,nan,0,0.2791286465796823
AF-I6L899-2-F1,66935,60750,2.495718002319336,2.148604393005371,5.890695571899414,7.209519386291504,10.664716720581055,6185,0.09240307761260924,2.3481171131134033,1.9600132703781128,5.687288761138916,7.313419818878174,10.442520141601562,260,0,0.0,nan,nan,0,0.0007664370205568982
AF-P82733-F1,20717,18803,1.65570867061615,1.3270689249038696,4.159663677215576,6.288644790649414,11.937100410461426,1914,0.09238789400009655,1.514332890510559,1.1778392791748047,4.125991344451904,6.420516014099121,10.63109016418457,74,0,0.0,nan,nan,0,0.0008141288226566346
AF-Q62935-F1,59383,53897,2.2402782440185547,1.8564224243164062,5.531440258026123,8.737442970275879,17.260841369628906,5486,0.09238334203391543,2.4026315212249756,2.095041513442993,5.6736626625061035,8.908638954162598,15.141129493713379,230,0,0.0,nan,nan,0,0.2978846814808619
AF-Q8H1S6-F1,37032,33611,3.0128695964813232,2.3816144466400146,7.455788612365723,9.45257568359375,14.480774879455566,3421,0.0923795636206524,2.4356746673583984,1.9057416915893555,6.192623615264893,9.242195129394531,12.430030822753906,145,0,0.0,nan,nan,0,0.29417261474503653
AF-Q8LAD7-F1,18741,17010,3.301678419113159,2.927306652069092,6.673316955566406,9.180624008178711,13.060619354248047,1731,0.09236433488074276,2.92207407951355,2.4640872478485107,6.519774436950684,9.775074005126953,12.34315299987793,60,0,0.0,nan,nan,0,0.0007660842151362424
AF-G5E8Z2-F1,177547,161152,4.159689426422119,4.0787224769592285,7.875150680541992,10.089314460754395,15.249895095825195,16395,0.09234174612919396,3.664149761199951,3.4574637413024902,7.601658344268799,9.984135627746582,14.259873390197754,757,0,0.0,nan,nan,0,0.27405525875826486
AF-A1ZBY1-F1,81960,74392,2.324704885482788,1.803707242012024,6.308671951293945,9.840508460998535,14.421160697937012,7568,0.09233772571986334,2.3271663188934326,1.8845068216323853,5.942380905151367,9.100754737854004,13.456474304199219,300,0,0.0,nan,nan,0,0.29791075779216347
AF-Q10336-F1,74705,67807,2.420748233795166,2.082461357116699,5.754154205322266,7.173404693603516,10.66281795501709,6898,0.09233652365972826,2.3192317485809326,1.963769555091858,5.593662261962891,7.15582799911499,10.089069366455078,304,0,0.0,nan,nan,0,0.29914808013791894
AF-B5QU79-F1,34885,31664,2.6085784435272217,2.115135908126831,6.501959323883057,9.912467956542969,19.94243812561035,3221,0.09233194782857962,3.018341302871704,2.6709251403808594,6.802892684936523,10.831538200378418,19.279003143310547,149,0,0.0,nan,nan,0,0.29994997391130207
AF-Q5Y4V6-F1,13918,12633,2.1384236812591553,1.835512399673462,5.189677715301514,7.878702163696289,14.087875366210938,1285,0.09232648369018537,2.4813456535339355,2.1912972927093506,5.523937225341797,7.612936019897461,12.519013404846191,56,0,0.0,nan,nan,0,0.0007230296655906798
AF-Q96DR4-F1,27276,24758,2.4890992641448975,2.1176347732543945,6.280226707458496,8.571122169494629,10.661174774169922,2518,0.09231558879601115,3.025625705718994,2.6989822387695312,7.172130584716797,9.112166404724121,10.574599266052246,98,0,0.0,nan,nan,0,0.0007500278680951933
AF-Q9U6Y8-F1,26337,23906,2.3268792629241943,2.1340866088867188,5.241693496704102,6.937971591949463,11.636630058288574,2431,0.09230360329574364,2.0292694568634033,1.7683466672897339,4.955897331237793,6.5518598556518555,10.613608360290527,98,0,0.0,nan,nan,0,0.28978769301605733
AF-A5LHG2-F1,26099,23690,5.415246963500977,4.634073257446289,11.695168495178223,13.46704387664795,16.02788543701172,2409,0.09230238706463849,5.290589332580566,4.569291114807129,11.36385440826416,13.3825101852417,15.18574333190918,98,0,0.0,nan,nan,0,0.000764883684424289
AF-P0CR29-F1,68775,62429,2.588843822479248,2.0832951068878174,6.306765556335449,9.737430572509766,23.443557739257812,6346,0.09227190112686295,3.0537543296813965,2.7054662704467773,6.588450908660889,9.317453384399414,22.916887283325195,290,0,0.0,nan,nan,0,0.2763712733171475
AF-Q96FV2-2-F1,39634,35977,2.1813223361968994,1.8394286632537842,5.324795722961426,8.066454887390137,16.837514877319336,3657,0.09226926376343543,2.6101343631744385,2.4089107513427734,5.72908878326416,8.380579948425293,17.167428970336914,151,0,0.0,nan,nan,0,0.2860228662168234
AF-Q9M9L6-F1,41312,37501,6.9289984703063965,7.1464643478393555,11.634057998657227,13.748353004455566,17.305219650268555,3811,0.0922492254066615,6.673079490661621,6.981645584106445,11.98960018157959,13.954339981079102,17.101022720336914,182,0,0.0,nan,nan,0,0.2644414344104812
AF-Q2HJF4-F1,32229,29256,2.0774929523468018,1.5599067211151123,5.377716064453125,9.979202270507812,32.72882080078125,2973,0.09224611374848739,2.3464760780334473,1.920640468597412,5.449722766876221,8.826577186584473,31.50008773803711,114,0,0.0,nan,nan,0,0.0007846408949201411
AF-Q9Y2D8-2-F1,126944,115235,2.289158821105957,2.034522294998169,5.3732099533081055,6.879939556121826,13.837850570678711,11709,0.09223752205697,2.461697816848755,2.1803646087646484,5.819890975952148,7.114724159240723,9.088113784790039,483,0,0.0,nan,nan,0,0.28474220744619017
AF-O23522-F1,79485,72154,3.9196574687957764,3.2325525283813477,9.63076114654541,12.89732551574707,21.142484664916992,7331,0.0922312385984777,3.4117228984832764,2.6485018730163574,9.065195083618164,12.351964950561523,20.79438018798828,327,0,0.0,nan,nan,0,0.23644872146817963
AF-Q9GKK3-3-F1,26231,23812,1.837956190109253,1.4307379722595215,4.790378093719482,6.299457550048828,13.350830078125,2419,0.09221913003697915,2.4361302852630615,2.1327149868011475,5.255392551422119,6.215785026550293,8.198664665222168,114,0,0.0,nan,nan,0,0.0007588328335663697
AF-Q3S8Q4-F1,65162,59154,3.6518313884735107,2.7455384731292725,9.171730995178223,15.27292537689209,23.314678192138672,6008,0.09220097602897394,3.398242712020874,2.5772452354431152,8.589909553527832,14.585699081420898,22.6528263092041,248,0,0.0,nan,nan,0,0.2869262839764356
AF-E1W823-F1,35742,32447,3.436980962753296,3.1086742877960205,7.806969165802002,9.563923835754395,13.602563858032227,3295,0.09218846175367915,3.7639143466949463,3.57267689704895,8.055611610412598,9.6854829788208,13.550725936889648,141,0,0.0,nan,nan,0,0.0008296850116700227
AF-O32223-F1,43373,39382,3.3336870670318604,3.007445812225342,7.518992900848389,9.711112022399902,20.78996467590332,3991,0.09201577017960483,3.8270528316497803,3.6633191108703613,8.000450134277344,9.995429039001465,19.58341407775879,185,0,0.0,nan,nan,0,0.26700553492283985
AF-P80876-F1,18019,16361,2.4819493293762207,2.284982681274414,5.406444549560547,6.601041316986084,9.74089241027832,1658,0.09201398523780455,3.0897159576416016,3.1594347953796387,5.810730457305908,6.479792594909668,7.962224960327148,71,0,0.0,nan,nan,0,0.0007833917130112278
AF-P06608-F1,40130,36439,1.8792659044265747,1.420345425605774,4.916393756866455,8.070286750793457,17.42463493347168,3691,0.09197607774732121,1.9908767938613892,1.5753777027130127,4.940447807312012,8.245073318481445,15.69149398803711,143,0,0.0,nan,nan,0,0.2611364053791426
AF-Q99207-F1,152640,138603,3.1589341163635254,2.5984201431274414,8.003426551818848,11.090394973754883,20.543079376220703,14037,0.09196147798742138,3.395204782485962,2.828063726425171,8.255000114440918,10.226534843444824,23.6595458984375,634,0,0.0,nan,nan,0,0.2941101721553011
AF-P82715-F1,48975,44472,2.8388335704803467,2.3327536582946777,7.168626308441162,10.36193561553955,17.962303161621094,4503,0.0919448698315467,2.8623158931732178,2.4342422485351562,6.776271820068359,10.012351989746094,17.841773986816406,215,0,0.0,nan,nan,0,0.0007591666396823404
AF-P62089-F1,27898,25334,1.9040768146514893,1.5594394207000732,4.885046482086182,7.88508939743042,11.967662811279297,2564,0.09190622983726432,2.0677549839019775,1.696357250213623,5.011873722076416,6.932592868804932,11.889386177062988,121,0,0.0,nan,nan,0,0.28061669621215046
AF-P55465-F1,111908,101623,2.510176181793213,2.040188789367676,6.269252777099609,9.492483139038086,20.699026107788086,10285,0.09190585123494299,2.650207757949829,2.271765947341919,6.266449928283691,9.950428009033203,18.850627899169922,432,0,0.0,nan,nan,0,0.2802588457054054
AF-O88342-F1,58485,53111,3.047839641571045,2.472651958465576,7.651124954223633,12.412710189819336,18.105745315551758,5374,0.09188680858339746,3.506396532058716,3.0534048080444336,7.9420270919799805,12.505715370178223,17.762609481811523,234,0,0.0,nan,nan,0,0.29622252706135555
AF-Q9LTY6-F1,63126,57329,2.702873468399048,1.8359918594360352,8.07614803314209,15.482293128967285,28.113630294799805,5797,0.09183220859867566,2.6168107986450195,1.7615644931793213,7.9573187828063965,16.436445236206055,27.124595642089844,229,0,0.0,nan,nan,0,0.29646813138492756
AF-P55612-F1,49380,44847,3.571777105331421,2.2496726512908936,13.947527885437012,23.55496597290039,28.357439041137695,4533,0.09179829890643985,3.5366392135620117,2.5364949703216553,10.692169189453125,23.885896682739258,27.77176856994629,197,0,0.0,nan,nan,0,0.0007356870903413304
AF-P53201-F1,99738,90583,3.2753641605377197,3.0930819511413574,6.919907569885254,8.719880104064941,14.800596237182617,9155,0.09179049108664701,2.889085054397583,2.6472136974334717,6.722542762756348,8.505250930786133,13.968011856079102,385,0,0.0,nan,nan,0,0.283610309064672
AF-Q8K2V6-2-F1,115604,105001,6.936247825622559,6.442166805267334,14.03710651397705,19.21561050415039,26.21178436279297,10603,0.09171827964430297,7.546919345855713,7.203604698181152,14.33541202545166,18.656349182128906,26.44401741027832,454,0,0.0,nan,nan,0,0.2943364372255589
AF-P27882-F1,32131,29184,2.247023105621338,1.7566866874694824,5.787609577178955,7.161743640899658,10.669507026672363,2947,0.09171827829821667,2.2328126430511475,1.8748184442520142,5.626267910003662,6.92850923538208,9.476134300231934,123,0,0.0,nan,nan,0,0.28307080212560887
AF-A5E3K3-F1,128775,116965,3.4066126346588135,2.602231502532959,9.477587699890137,14.165236473083496,26.70152473449707,11810,0.09171034750533877,3.5066545009613037,2.807086229324341,8.763442993164062,13.84213638305664,26.37849235534668,527,0,0.0,nan,nan,0,0.2950675582137805
AF-Q811S9-F1,90244,81968,6.211400508880615,5.392134666442871,13.050999641418457,20.521310806274414,44.75431823730469,8276,0.09170692788440228,5.130382537841797,4.310815334320068,11.883331298828125,19.03314971923828,42.940330505371094,363,0,0.0,nan,nan,0,0.28690416723571643
AF-P31006-F1,25840,23471,1.9028468132019043,1.391350507736206,5.085654258728027,8.990032196044922,23.842769622802734,2369,0.0916795665634675,2.2802271842956543,1.8799419403076172,5.535128593444824,8.744219779968262,21.833614349365234,114,0,0.0,nan,nan,0,0.0007150444696673031
AF-O22224-F1,125692,114173,1.9546784162521362,1.5725643634796143,5.0267744064331055,8.178765296936035,20.707378387451172,11519,0.0916446551888744,2.1654036045074463,1.8650866746902466,5.10347318649292,7.697421073913574,15.620548248291016,444,0,0.0,nan,nan,0,0.29454201523631784
AF-Q6MEC8-F1,43767,39756,4.525529861450195,3.8658008575439453,10.508926391601562,13.48073673248291,16.85393714904785,4011,0.09164438960860923,3.8075551986694336,3.0432400703430176,9.458908081054688,13.35537338256836,16.295072555541992,166,0,0.0,nan,nan,0,0.29167457932040275
AF-P17535-F1,74857,67998,1.6041737794876099,1.1548740863800049,4.799378871917725,6.258838176727295,9.251643180847168,6859,0.09162803745808676,1.7531863451004028,1.399604320526123,4.440929889678955,6.03800106048584,8.467419624328613,301,0,0.0,nan,nan,0,0.2971500729790847
AF-Q9FJK8-F1,116147,105505,3.527724027633667,2.970179319381714,8.179609298706055,13.438644409179688,22.25238800048828,10642,0.09162526797937097,3.676025629043579,3.2221741676330566,8.25235366821289,12.090082168579102,20.138883590698242,439,0,0.0,nan,nan,0,0.2938727364404179
AF-A5VNL0-F1,35726,32454,3.889429807662964,3.3586206436157227,8.793929100036621,16.503555297851562,25.281288146972656,3272,0.0915859598051839,3.7273223400115967,3.186755657196045,8.490318298339844,16.300968170166016,23.50619888305664,112,0,0.0,nan,nan,0,0.0007736330436955985
AF-B7NEU6-F1,26851,24392,3.0587801933288574,2.6234354972839355,7.463447093963623,10.896681785583496,19.857027053833008,2459,0.09157945700346355,3.456510305404663,3.3401756286621094,7.180396556854248,11.22911548614502,19.864675521850586,117,0,0.0,nan,nan,0,0.0007835318232074506
AF-Q9QY15-2-F1,43433,39459,5.283186435699463,3.384939670562744,16.30299186706543,47.308311462402344,59.73289108276367,3974,0.0914972486358299,4.961255073547363,3.338428020477295,12.723609924316406,46.300567626953125,59.343597412109375,174,0,0.0,nan,nan,0,0.000776854162084506
AF-P08495-2-F1,22635,20564,2.7955777645111084,2.395667552947998,6.644100189208984,8.818290710449219,11.530875205993652,2071,0.09149547161475591,3.4122588634490967,3.3415369987487793,6.7281084060668945,8.818267822265625,10.42523193359375,87,0,0.0,nan,nan,0,0.0007537555171859278
AF-Q9SX62-F1,108403,98490,4.109570026397705,3.9669766426086426,7.811683177947998,9.909518241882324,37.10264587402344,9913,0.09144580869533131,3.611692428588867,3.3376834392547607,7.803939342498779,10.077856063842773,12.720596313476562,490,0,0.0,nan,nan,0,0.0007973414607429508
AF-Q10273-F1,33566,30498,4.182565689086914,4.286862373352051,7.3212809562683105,8.592819213867188,11.830988883972168,3068,0.09140201394268009,3.5527894496917725,3.5451011657714844,7.369991302490234,8.702873229980469,10.559809684753418,141,0,0.0,nan,nan,0,0.2966650844218045
AF-Q4FZV0-2-F1,58268,52943,2.7703325748443604,2.236386775970459,7.082705974578857,10.348450660705566,16.23015594482422,5325,0.09138806892290795,2.8330750465393066,2.4221842288970947,6.999440670013428,10.277095794677734,16.215728759765625,220,0,0.0,nan,nan,0,0.2834986389290022
AF-P09132-F1,23654,21493,4.69262170791626,4.0452752113342285,11.203595161437988,14.106630325317383,17.647966384887695,2161,0.09135875539020884,3.9502265453338623,2.9258646965026855,10.87121295928955,14.29044246673584,16.878313064575195,103,0,0.0,nan,nan,0,0.27823562583939077
AF-Q13976-3-F1,52234,47462,2.9598898887634277,2.1291422843933105,8.819812774658203,13.986285209655762,23.309253692626953,4772,0.0913581192326837,3.2784745693206787,2.5010361671447754,9.153230667114258,13.766392707824707,20.084524154663086,208,0,0.0,nan,nan,0,0.2933365727595142
AF-Q5WA76-F1,116833,106163,3.5710132122039795,3.4431099891662598,7.195475101470947,8.802556991577148,13.004318237304688,10670,0.09132693673876388,4.0966410636901855,4.063558578491211,7.8032612800598145,9.021387100219727,13.10582160949707,451,0,0.0,nan,nan,0,0.29645772503197676
AF-Q9V359-F1,31594,28709,2.6234755516052246,2.312169313430786,6.161556720733643,7.81060791015625,9.884612083435059,2885,0.09131480660884979,3.1175785064697266,2.897536039352417,6.807636260986328,7.885058879852295,9.212225914001465,121,0,0.0,nan,nan,0,0.0007499648359068356
AF-Q63518-F1,90096,81869,2.1090455055236816,1.785025715827942,5.2054762840271,7.120364189147949,14.981549263000488,8227,0.09131370982063576,2.3591413497924805,2.114772081375122,5.423827648162842,7.1919755935668945,13.865935325622559,381,0,0.0,nan,nan,0,0.2508199567756665
AF-A1V194-F1,44079,40054,2.3888134956359863,1.8517868518829346,6.259515285491943,10.519976615905762,18.608076095581055,4025,0.0913133238049865,2.7497942447662354,2.3786211013793945,6.577961444854736,9.892523765563965,17.883071899414062,158,0,0.0,nan,nan,0,0.28821752785009136
AF-Q8TEL6-3-F1,106994,97226,2.673318862915039,2.1772027015686035,6.774991989135742,9.335357666015625,15.719791412353516,9768,0.0912948389629325,2.709146022796631,2.2287158966064453,6.854311943054199,9.79359245300293,14.168066024780273,404,0,0.0,nan,nan,0,0.2990277441103102
AF-O15116-F1,22168,20145,2.5258116722106934,2.221508264541626,5.7673492431640625,8.102690696716309,11.661628723144531,2023,0.09125766871165644,3.2069032192230225,3.073542356491089,6.26932954788208,8.106491088867188,11.591594696044922,89,0,0.0,nan,nan,0,0.0007015886348581413
AF-P08495-F1,47080,42784,4.105993747711182,3.705677032470703,8.803567886352539,10.252267837524414,14.391284942626953,4296,0.09124893797790994,4.824732780456543,4.792688846588135,9.197930335998535,10.565031051635742,13.870001792907715,181,0,0.0,nan,nan,0,0.2810222032068531
AF-Q6YZI0-F1,114324,103893,2.8306214809417725,2.4888722896575928,6.491825103759766,8.73686695098877,23.348237991333008,10431,0.0912406843707358,3.2895336151123047,3.117767333984375,6.882403373718262,8.490711212158203,22.986713409423828,447,0,0.0,nan,nan,0,0.2949777880113168
AF-P09132-3-F1,17112,15551,1.9205000400543213,1.6478114128112793,4.44538688659668,5.706814765930176,8.385653495788574,1561,0.09122253389434315,1.792427659034729,1.447328805923462,4.656259059906006,5.73465633392334,8.802142143249512,70,0,0.0,nan,nan,0,0.27503407025703464
AF-O54788-F1,51009,46356,2.6551735401153564,2.2960128784179688,5.9838409423828125,8.270021438598633,14.313040733337402,4653,0.09121919661236252,2.592891216278076,2.26657772064209,6.049070358276367,8.429291725158691,13.131117820739746,184,0,0.0,nan,nan,0,0.08787336900433451
AF-P49458-2-F1,14060,12778,2.23343825340271,1.8381260633468628,5.726762771606445,7.740096092224121,10.64234733581543,1282,0.09118065433854908,2.2824552059173584,2.060030460357666,5.39653205871582,7.012655735015869,10.190369606018066,47,0,0.0,nan,nan,0,0.0007234523730472731
AF-Q556N5-F1,49727,45193,3.618485927581787,3.3813693523406982,7.866278171539307,9.59242057800293,12.092291831970215,4534,0.09117783095702536,4.394402980804443,4.334072113037109,8.776527404785156,9.99091625213623,11.82831859588623,196,0,0.0,nan,nan,0,0.29794450776202186
AF-Q9K1N8-F1,69573,63231,2.3083291053771973,1.7809947729110718,6.323153972625732,8.463526725769043,13.697233200073242,6342,0.09115605191669182,2.598231792449951,2.091308116912842,6.6956939697265625,8.823699951171875,13.440959930419922,253,0,0.0,nan,nan,0,0.261188721070709
AF-Q3SWF3-F1,42710,38817,2.561558961868286,1.7867361307144165,8.317264556884766,12.889219284057617,26.564865112304688,3893,0.09114961367361274,2.7352113723754883,1.9953681230545044,8.61986255645752,12.93354606628418,24.48332405090332,173,0,0.0,nan,nan,0,0.29191208959965464
AF-Q498R1-2-F1,66048,60028,3.5260815620422363,3.222196102142334,7.777239799499512,11.487384796142578,23.781843185424805,6020,0.09114583333333333,3.742029905319214,3.4972028732299805,7.821817874908447,10.871838569641113,23.635066986083984,257,0,0.0,nan,nan,0,0.2943520983102076
AF-Q04974-F1,106325,96636,2.6137735843658447,2.118379592895508,6.621278285980225,9.311646461486816,29.36205291748047,9689,0.09112626381377852,2.5740156173706055,2.216933488845825,6.130519866943359,8.972892761230469,23.917863845825195,389,0,0.0,nan,nan,0,0.2990374518104951
AF-O84005-F1,19957,18139,4.678862571716309,4.821462631225586,7.758947849273682,9.059640884399414,11.08132266998291,1818,0.09109585609059478,5.4811506271362305,5.658255577087402,8.277257919311523,9.39346694946289,10.630396842956543,84,0,0.0,nan,nan,0,0.28594616423873054
AF-Q2IPT3-F1,41266,37509,5.060448169708252,4.813992023468018,9.789276123046875,15.407502174377441,21.232933044433594,3757,0.09104347404643047,4.541355133056641,4.3125529289245605,9.307833671569824,13.731107711791992,20.979644775390625,175,0,0.0,nan,nan,0,0.27573053927454383
AF-A3DFA0-F1,85671,77872,5.406826972961426,4.880127906799316,11.830340385437012,15.139567375183105,21.795663833618164,7799,0.09103430565769047,5.960217475891113,5.499602317810059,12.516985893249512,15.683423042297363,21.243732452392578,293,0,0.0,nan,nan,0,0.2797049787742423
AF-Q9V0Y3-F1,21240,19307,2.2536723613739014,1.7059260606765747,6.421027183532715,11.844770431518555,18.631637573242188,1933,0.0910075329566855,2.466954469680786,1.9179658889770508,7.992760181427002,12.664822578430176,17.535066604614258,94,0,0.0,nan,nan,0,0.000728503148644366
AF-Q9CPQ5-2-F1,31101,28272,4.148500442504883,4.162095069885254,7.274968147277832,8.222635269165039,11.490148544311523,2829,0.09096170541140157,3.8123557567596436,3.6715874671936035,7.411170482635498,8.519572257995605,11.04985523223877,147,0,0.0,nan,nan,0,0.2783548583596517
AF-Q8BNU0-F1,54544,49586,2.924175977706909,2.4545228481292725,7.317923545837402,10.385997772216797,15.582365989685059,4958,0.09089909064241714,3.36385440826416,3.0835537910461426,7.869544506072998,10.153376579284668,14.975937843322754,213,0,0.0,nan,nan,0,0.2828430580309662
AF-Q3SL47-F1,34425,31296,1.9159090518951416,1.420003890991211,5.000664710998535,10.384016036987305,25.439868927001953,3129,0.09089324618736383,2.2307119369506836,1.8080888986587524,5.241540431976318,11.558502197265625,20.813791275024414,124,0,0.0,nan,nan,0,0.28153094270831536
AF-P0DJ29-F1,90326,82119,3.0033628940582275,2.4251914024353027,7.779026985168457,11.118242263793945,54.262699127197266,8207,0.0908597745942475,2.7978198528289795,2.213073253631592,7.291075706481934,10.446885108947754,37.959632873535156,344,0,0.0,nan,nan,0,0.2800650664800599
AF-Q8N4U5-F1,80272,72979,4.143078804016113,3.7931630611419678,8.767509460449219,10.868208885192871,17.752668380737305,7293,0.0908535977675902,4.633171558380127,4.500637054443359,9.067534446716309,11.250798225402832,16.78516387939453,323,0,0.0,nan,nan,0,0.29340912001143027
AF-Q9L4P2-F1,33656,30599,1.7098551988601685,1.361700177192688,4.466452598571777,6.389910697937012,11.346843719482422,3057,0.09083075826004279,1.9636327028274536,1.6835578680038452,4.785243034362793,6.152960777282715,8.516218185424805,138,0,0.0,nan,nan,0,0.2797154073663941
AF-P14061-F1,43655,39690,2.8927178382873535,1.9811067581176758,10.22800064086914,16.463531494140625,20.714515686035156,3965,0.09082579315084183,3.247002124786377,2.588717460632324,9.264488220214844,16.040668487548828,19.864072799682617,179,0,0.0,nan,nan,0,0.0007788252223195347
AF-Q5XV31-F1,171420,155853,2.2766366004943848,1.8362125158309937,5.8961639404296875,7.655370235443115,13.369174003601074,15567,0.0908120406020301,2.0426840782165527,1.6315841674804688,5.434518814086914,7.2918596267700195,13.325690269470215,685,0,0.0,nan,nan,0,0.29721220535274473
AF-Q54DN6-F1,55693,50636,2.9490771293640137,1.8512976169586182,8.20667839050293,28.85759925842285,42.666202545166016,5057,0.09080135744168927,3.1319336891174316,2.351469039916992,7.414094924926758,26.726011276245117,42.59071350097656,212,0,0.0,nan,nan,0,0.29323107195461906
AF-Q8N8Y2-F1,45288,41178,4.014286994934082,3.7342541217803955,7.849078178405762,20.092731475830078,25.843202590942383,4110,0.09075251722310546,4.532536506652832,4.370148181915283,8.20113468170166,11.17562484741211,24.67233657836914,167,0,0.0,nan,nan,0,0.2835942754962383
AF-Q9LCU3-F1,35231,32034,3.4050755500793457,2.92802095413208,7.936140060424805,13.434910774230957,17.506183624267578,3197,0.09074394709204961,3.7594759464263916,3.5629453659057617,7.833634853363037,13.834336280822754,17.46668243408203,144,0,0.0,nan,nan,0,0.0008157663042251961
AF-Q651U1-F1,75448,68602,4.088703632354736,3.262256145477295,12.166587829589844,19.66221046447754,28.968904495239258,6846,0.09073799172940303,3.776519536972046,2.7980942726135254,11.793550491333008,19.080411911010742,28.90913200378418,272,0,0.0,nan,nan,0,0.28583171827443976
AF-B4T556-F1,20679,18803,1.592450499534607,1.3257359266281128,4.080127239227295,5.475185871124268,8.28536319732666,1876,0.09072005416122636,1.8307081460952759,1.5593273639678955,4.593663215637207,5.642974376678467,7.201488971710205,80,0,0.0,nan,nan,0,0.0007910942625737327
AF-Q9XIL9-F1,127246,115708,2.053539991378784,1.40017831325531,6.58373498916626,9.700725555419922,16.300329208374023,11538,0.09067475598447103,2.445945978164673,1.876189947128296,6.882260799407959,9.912403106689453,14.708072662353516,475,0,0.0,nan,nan,0,0.24261186280740477
AF-A6QLW2-F1,39412,35839,2.3191721439361572,1.8346877098083496,5.797469615936279,12.553768157958984,23.116012573242188,3573,0.09065766771541663,2.596162796020508,2.2655811309814453,5.845566749572754,10.088762283325195,20.4776611328125,160,0,0.0,nan,nan,0,0.2856675435975473
AF-Q8IYX4-F1,54877,49904,5.08908224105835,4.638243675231934,10.416769981384277,13.112322807312012,21.44854164123535,4973,0.09062084297611021,4.521223068237305,3.9588191509246826,10.435105323791504,13.454472541809082,21.96424674987793,206,0,0.0,nan,nan,0,0.2547316256295763
AF-E7CY69-F1,70417,64037,8.784890174865723,8.642290115356445,13.572103500366211,19.44204330444336,28.020586013793945,6380,0.09060312140534246,9.483901977539062,9.404020309448242,13.989562034606934,19.734582901000977,27.810367584228516,261,0,0.0,nan,nan,0,0.0007677771301202174
AF-Q8NFU3-3-F1,14641,13315,1.9853090047836304,1.5960811376571655,4.769560813903809,8.609747886657715,20.168581008911133,1326,0.09056758418140837,2.194326639175415,1.9404979944229126,4.823716163635254,8.008036613464355,16.02420425415039,66,0,0.0,nan,nan,0,0.1856899736936265
AF-P0A8J6-F1,13682,12443,2.5568394660949707,2.205803632736206,5.868286609649658,7.769533157348633,10.39714527130127,1239,0.09055693612045022,2.949307680130005,2.7761573791503906,6.2214274406433105,8.07805347442627,9.675310134887695,50,0,0.0,nan,nan,0,0.28263606290676424
AF-Q9RJ50-F1,50124,45585,3.4326629638671875,3.2123093605041504,7.279528617858887,9.241410255432129,15.373505592346191,4539,0.09055542255207086,3.788433313369751,3.721085548400879,7.538586616516113,9.284661293029785,13.994915962219238,200,0,0.0,nan,nan,0,0.0007448477445068935
AF-P25586-F1,57292,52105,4.004679203033447,3.4062469005584717,9.464303970336914,11.783792495727539,17.953908920288086,5187,0.09053620051665154,3.503018379211426,2.695044994354248,9.33676815032959,11.706693649291992,17.182645797729492,235,0,0.0,nan,nan,0,0.27125718652953323
AF-P08207-F1,16066,14612,1.5850268602371216,1.3929057121276855,3.849005937576294,5.117137908935547,8.86744499206543,1454,0.09050168056765841,1.9828500747680664,1.786448359489441,4.562049865722656,5.616128921508789,7.727214336395264,52,0,0.0,nan,nan,0,0.2764258779480373
AF-Q57872-F1,28254,25697,2.1196467876434326,1.700787901878357,5.373358249664307,8.565268516540527,15.921805381774902,2557,0.09050046011184257,2.21977162361145,1.7823034524917603,5.519957542419434,8.35023307800293,15.441938400268555,117,0,0.0,nan,nan,0,0.2748308557440615
AF-O75940-F1,47659,43346,2.6083898544311523,2.3175227642059326,5.889370918273926,7.737783432006836,13.163394927978516,4313,0.0904970729557901,2.7322888374328613,2.3741490840911865,6.227816581726074,8.406822204589844,12.586365699768066,194,0,0.0,nan,nan,0,0.275006923963389
AF-P11524-F1,23802,21648,6.510753154754639,6.608963966369629,12.051491737365723,14.014349937438965,17.03717613220215,2154,0.09049659692462818,5.856968402862549,5.475307941436768,12.012389183044434,14.763802528381348,16.98585319519043,92,0,0.0,nan,nan,0,0.28379582391813085
AF-Q52VH2-F1,44770,40720,2.3411309719085693,1.782810926437378,6.172457695007324,12.36764907836914,19.0457706451416,4050,0.09046236318963592,2.7309374809265137,2.30609130859375,6.278142929077148,12.607397079467773,18.285558700561523,158,0,0.0,nan,nan,0,0.0007634345008100674
AF-B7SP66-F1,41467,37717,3.0136187076568604,2.40914249420166,7.9567179679870605,13.103791236877441,19.75526237487793,3750,0.09043335664504305,3.3849716186523438,3.0681538581848145,7.83308744430542,13.382412910461426,19.957962036132812,161,0,0.0,nan,nan,0,0.0007607760518251183
AF-B7ZS96-F1,23045,20961,2.616753339767456,2.0211126804351807,7.183219909667969,9.716193199157715,12.91457462310791,2084,0.09043176394011716,3.1821482181549072,2.6507818698883057,7.585011959075928,9.743264198303223,12.8384428024292,79,0,0.0,nan,nan,0,0.2960271008150843
AF-Q6IQS6-F1,44238,40238,2.9900975227355957,2.705035924911499,6.63592004776001,10.455798149108887,14.147493362426758,4000,0.0904200009042,3.470587968826294,3.446235179901123,6.718972682952881,10.718046188354492,13.498099327087402,187,0,0.0,nan,nan,0,0.29050253150630934
AF-A7M6E8-F1,89449,81362,2.600114345550537,2.214186906814575,6.171456336975098,8.607891082763672,24.935209274291992,8087,0.09040905991123434,3.1232423782348633,2.904202461242676,6.51046085357666,8.779001235961914,22.57801055908203,328,0,0.0,nan,nan,0,0.29938224683221304
AF-Q7L4P6-2-F1,48182,43826,2.5072104930877686,1.9376522302627563,7.117298126220703,10.381244659423828,19.35751724243164,4356,0.09040720601054336,2.470620632171631,2.118560791015625,6.1668548583984375,9.242032051086426,17.102313995361328,207,0,0.0,nan,nan,0,0.0007500949062790863
AF-Q8NI38-3-F1,24451,22241,2.433706760406494,2.2076539993286133,5.457542419433594,7.138090133666992,11.78411865234375,2210,0.09038485133532372,2.3373801708221436,1.9637641906738281,5.508678436279297,7.085073471069336,10.748894691467285,92,0,0.0,nan,nan,0,0.0007619056808803037
AF-Q21738-F1,49763,45266,2.023613691329956,1.7980149984359741,4.722464561462402,6.119458198547363,11.993701934814453,4497,0.09036834595984969,2.0356245040893555,1.7872898578643799,4.841837406158447,6.094954013824463,12.06767749786377,172,0,0.0,nan,nan,0,0.000748351055012364
AF-Q498R1-F1,94904,86330,5.153297424316406,5.202913284301758,9.140129089355469,11.305500030517578,30.63880729675293,8574,0.09034392649414145,5.666426181793213,5.839609622955322,9.43502140045166,11.463274002075195,29.20262908935547,387,0,0.0,nan,nan,0,0.284719008176332
AF-A4FV84-F1,36196,32926,2.523742437362671,2.281266212463379,5.510909080505371,7.3454155921936035,12.68705940246582,3270,0.09034147419604376,2.685786008834839,2.5107250213623047,5.696325302124023,7.4010725021362305,11.973579406738281,136,0,0.0,nan,nan,0,0.0007473111913560704
AF-H2KY86-F1,127567,116046,2.4040911197662354,1.895747423171997,6.384194374084473,9.351133346557617,32.18270492553711,11521,0.09031332554657552,2.5691888332366943,2.2024173736572266,6.274001598358154,9.55340576171875,19.5242977142334,439,0,0.0,nan,nan,0,0.2861852455496302
AF-Q52725-F1,49086,44654,3.1071534156799316,2.7716007232666016,7.00786018371582,10.70109748840332,15.495238304138184,4432,0.09029051053253473,3.4645888805389404,3.2976553440093994,7.10284948348999,10.620583534240723,14.595243453979492,184,0,0.0,nan,nan,0,0.0008227032743874929
AF-H2KY86-2-F1,67364,61283,2.5728108882904053,2.1128768920898438,6.6599955558776855,8.85800552368164,12.430695533752441,6081,0.09027076776913485,2.90211820602417,2.464752435684204,6.946080684661865,9.009794235229492,11.435547828674316,270,0,0.0,nan,nan,0,0.29131888958445495
AF-G5EG38-F1,96765,88031,2.6008150577545166,2.0225107669830322,6.8849053382873535,11.600739479064941,17.853912353515625,8734,0.09025990802459567,2.9732859134674072,2.4404702186584473,7.332370758056641,11.187201499938965,16.466838836669922,360,0,0.0,nan,nan,0,0.29986252919877576
AF-Q3C256-F1,15234,13859,2.1076083183288574,1.8628404140472412,4.895179271697998,6.829614639282227,10.572330474853516,1375,0.09025863200735197,1.91949462890625,1.5158162117004395,4.783298969268799,6.518355369567871,9.054852485656738,52,0,0.0,nan,nan,0,0.0007901512787138465
AF-Q5P9M8-F1,92516,84166,3.380044460296631,3.0043716430664062,7.700123310089111,11.576651573181152,16.43769645690918,8350,0.09025465865363828,3.74332332611084,3.5240466594696045,7.775035381317139,11.454150199890137,15.732584953308105,380,0,0.0,nan,nan,0,0.28398037430067047
AF-P0DJ29-2-F1,80453,73192,2.538731098175049,1.989544153213501,6.462270736694336,11.60860824584961,19.319990158081055,7261,0.09025145115781885,2.6810927391052246,2.182666063308716,6.468636512756348,10.626887321472168,18.616161346435547,282,0,0.0,nan,nan,0,0.2965391717124366
AF-Q52149-F1,126702,115268,4.9095234870910645,3.193990707397461,15.413003921508789,20.847381591796875,29.89519500732422,11434,0.09024324793610203,4.497004508972168,2.939703941345215,14.331668853759766,20.326555252075195,29.334585189819336,469,0,0.0,nan,nan,0,0.29042264527351813
AF-Q9A6N1-F1,24080,21907,2.5148797035217285,2.192420482635498,5.857764720916748,8.328779220581055,16.563695907592773,2173,0.09024086378737542,3.0342092514038086,2.992842674255371,5.9569501876831055,8.122417449951172,15.899931907653809,88,0,0.0,nan,nan,0,0.25749882115881606
AF-Q9DCB1-3-F1,23118,21032,2.7472705841064453,2.6206912994384766,5.6585373878479,6.858945369720459,10.731118202209473,2086,0.09023271909334718,2.443507432937622,2.0580930709838867,5.810624599456787,7.562657833099365,11.530572891235352,88,0,0.0,nan,nan,0,0.0007625304739888872
AF-A0PV29-F1,26915,24487,2.7234301567077637,1.652760624885559,7.980605125427246,19.822940826416016,22.365741729736328,2428,0.09020992011889281,2.7559654712677,1.9963598251342773,6.781246185302734,17.64955711364746,22.884571075439453,99,0,0.0,nan,nan,0,0.0007482090947126263
AF-Q14CB8-5-F1,45876,41738,2.236888885498047,1.8020472526550293,5.672259330749512,8.31129264831543,14.373137474060059,4138,0.09019966867207255,2.7171883583068848,2.4205474853515625,6.041292190551758,8.95030689239502,13.423616409301758,224,0,0.0,nan,nan,0,0.2769088782963609
AF-Q9JXE3-F1,37328,33962,2.251997232437134,1.9100234508514404,5.519230842590332,8.304207801818848,11.186577796936035,3366,0.09017359622803257,2.3035659790039062,1.9189488887786865,5.82065486907959,8.639013290405273,11.057503700256348,138,0,0.0,nan,nan,0,0.27673118232334426
AF-A4IT51-F1,55078,50114,2.5720412731170654,1.87471604347229,7.832770824432373,12.311924934387207,15.865496635437012,4964,0.09012672936562693,2.6948416233062744,2.187626838684082,7.095559597015381,11.908702850341797,15.763019561767578,199,0,0.0,nan,nan,0,0.2779396919986976
AF-P81584-F1,38035,34608,1.4428764581680298,1.1256606578826904,3.9924278259277344,5.170037269592285,8.987162590026855,3427,0.0901012225581701,1.6101688146591187,1.2989574670791626,4.2562761306762695,5.67420768737793,7.511486530303955,138,0,0.0,nan,nan,0,0.29578242550484457
AF-P0C7R0-F1,107114,97463,3.053499221801758,2.6878535747528076,7.084763050079346,9.388894081115723,15.696938514709473,9651,0.09010026700524675,3.468614101409912,3.1075258255004883,7.491452217102051,9.663923263549805,15.70544719696045,409,0,0.0,nan,nan,0,0.272570844935603
AF-Q54NU9-F1,99811,90820,3.3997392654418945,2.7928457260131836,8.573416709899902,12.176877975463867,20.247459411621094,8991,0.09008025167566701,3.7726712226867676,3.2981271743774414,8.90829849243164,12.127042770385742,19.12517738342285,407,0,0.0,nan,nan,0,0.2953709308307686
AF-P94391-F1,51511,46873,3.2822628021240234,2.298619508743286,9.205008506774902,20.849512100219727,27.911468505859375,4638,0.09003902079167557,3.4576616287231445,2.6531870365142822,7.946743965148926,20.630523681640625,27.78162384033203,193,0,0.0,nan,nan,0,0.0007851910519580674
AF-Q9UAD0-F1,11466,10434,1.6935408115386963,1.3051811456680298,4.362003326416016,7.155718803405762,13.231410026550293,1032,0.09000523286237572,1.714421272277832,1.4151705503463745,4.252678394317627,7.166932582855225,10.556532859802246,40,0,0.0,nan,nan,0,0.2767369041213147
AF-Q726S7-F1,79063,71954,3.1019787788391113,2.6245298385620117,7.327945232391357,11.704517364501953,23.476184844970703,7109,0.08991563689715797,3.5444743633270264,3.2843587398529053,7.369194507598877,11.633405685424805,23.482709884643555,313,0,0.0,nan,nan,0,0.0007718988554681339
AF-O60094-F1,132670,120743,4.3833794593811035,3.6322779655456543,10.633977890014648,13.113851547241211,18.193117141723633,11927,0.0898997512625311,5.091174602508545,4.458425521850586,11.274584770202637,13.511181831359863,17.82141876220703,518,0,0.0,nan,nan,0,0.2886304754404535
AF-O85057-F1,82148,74764,2.9358224868774414,2.48655366897583,7.118335247039795,9.695953369140625,25.675479888916016,7384,0.08988654623362712,2.6046535968780518,2.0826916694641113,6.746775150299072,9.293740272521973,24.936342239379883,321,0,0.0,nan,nan,0,0.29141971171176184
AF-A1CWA9-F1,53386,48588,3.1816964149475098,2.0241339206695557,10.405728340148926,15.29967212677002,28.366573333740234,4798,0.0898737496721987,3.0953733921051025,2.113964080810547,9.813250541687012,15.326004981994629,28.28435707092285,224,0,0.0,nan,nan,0,0.2912009611534674
AF-Q03920-F1,26776,24370,3.030820369720459,2.581395149230957,7.685854434967041,9.702799797058105,12.901036262512207,2406,0.0898565879892441,3.5020639896392822,3.2874677181243896,7.902856349945068,9.786046981811523,12.037762641906738,110,0,0.0,nan,nan,0,0.24466802845516633
AF-A2RVQ5-F1,49201,44781,2.582639694213867,1.9570720195770264,7.004574775695801,9.750917434692383,14.267536163330078,4420,0.08983557244771448,2.869985580444336,2.499016761779785,6.745900630950928,9.422091484069824,13.178386688232422,179,0,0.0,nan,nan,0,0.2576508796746191
AF-B0UCS0-F1,47349,43098,3.05560302734375,2.8834409713745117,6.543529033660889,8.510812759399414,12.46342658996582,4251,0.08978014319204207,3.334475040435791,3.038003444671631,7.1486053466796875,8.383134841918945,11.833940505981445,169,0,0.0,nan,nan,0,0.26331438685189956
AF-P26948-F1,20527,18685,1.9320127964019775,1.6228179931640625,4.832712650299072,6.244871139526367,8.88521671295166,1842,0.08973547035611633,2.333562135696411,2.0058345794677734,5.263537883758545,6.376044273376465,7.517167568206787,80,0,0.0,nan,nan,0,0.28461859678258195
AF-P25646-F1,52980,48226,2.5509891510009766,2.066740036010742,6.68609619140625,10.128748893737793,20.004167556762695,4754,0.08973197432993582,2.4518344402313232,2.0130386352539062,6.283594608306885,9.485095024108887,19.42881965637207,193,0,0.0,nan,nan,0,0.0007888042050603339
AF-Q7Z3D6-6-F1,34194,31126,4.3166022300720215,4.423647880554199,7.908658504486084,10.064075469970703,21.10646629333496,3068,0.08972334327659823,4.00169563293457,3.9516220092773438,7.803411483764648,10.496191024780273,17.051973342895508,110,0,0.0,nan,nan,0,0.2886205028406922
AF-Q7MYW8-F1,23195,21114,2.731701612472534,2.3025619983673096,6.922785758972168,8.990974426269531,11.9320707321167,2081,0.08971761155421427,3.091914653778076,2.806554079055786,6.836060523986816,8.537537574768066,10.167089462280273,108,0,0.0,nan,nan,0,0.0007935673253975928
AF-P80067-F1,55321,50358,2.4299027919769287,1.8147881031036377,7.2916693687438965,9.94831371307373,22.6320858001709,4963,0.08971276730355561,2.6702840328216553,2.180741786956787,6.9424638748168945,9.74138069152832,13.037970542907715,193,0,0.0,nan,nan,0,0.29457638472201364
AF-O87386-F1,109967,100106,2.6381282806396484,2.035419225692749,6.943112373352051,11.262027740478516,31.539796829223633,9861,0.08967235625233025,2.65837025642395,2.140643835067749,6.693460941314697,10.229209899902344,27.4066219329834,368,0,0.0,nan,nan,0,0.29382132619441403
AF-Q2KBV2-F1,31250,28448,2.411668300628662,1.7784208059310913,6.416621208190918,12.336913108825684,24.252492904663086,2802,0.089664,2.8975045680999756,2.307816982269287,6.770525932312012,16.016361236572266,24.231876373291016,136,0,0.0,nan,nan,0,0.0007933023812468631
AF-Q63665-5-F1,4273,3890,1.5313705205917358,1.3019273281097412,3.7776527404785156,4.978766441345215,7.310844421386719,383,0.08963257664404399,2.2746684551239014,2.0742874145507812,4.83198356628418,5.403400421142578,7.073629379272461,21,0,0.0,nan,nan,0,0.0006998415617123221
AF-Q9NX38-F1,25608,23313,2.482501983642578,2.0448997020721436,6.219738483428955,8.88638973236084,12.962919235229492,2295,0.08962043111527647,2.7079436779022217,2.517369270324707,6.06953239440918,8.021257400512695,11.306267738342285,87,0,0.0,nan,nan,0,0.0007774360801708902
AF-Q09235-F1,50548,46019,2.2737317085266113,1.7960368394851685,6.20095157623291,9.500887870788574,14.556669235229492,4529,0.08959800585582021,2.455692768096924,2.186915636062622,5.820388317108154,8.240501403808594,13.179930686950684,202,0,0.0,nan,nan,0,0.1692878936490242
AF-C0HJD7-F1,12045,10966,3.2512142658233643,3.1346004009246826,6.105382442474365,7.436124801635742,10.4320707321167,1079,0.0895807388958074,2.7380247116088867,2.491286039352417,5.749800205230713,7.627388000488281,9.483962059020996,36,0,0.0,nan,nan,0,0.28192880098334994
AF-A0A0W1JK39-F1,66035,60126,4.804076194763184,4.747888565063477,9.035566329956055,11.339713096618652,18.124481201171875,5909,0.08948285000378588,5.641237258911133,5.759590148925781,9.443870544433594,11.338141441345215,17.28024673461914,247,0,0.0,nan,nan,0,0.2700315550896071
AF-P42743-F1,23096,21030,2.2583024501800537,2.0664970874786377,5.124301910400391,6.38579797744751,9.213879585266113,2066,0.08945271908555594,2.301378011703491,2.0222010612487793,5.356045246124268,6.537095069885254,8.717967987060547,90,0,0.0,nan,nan,0,0.25840132909179203
AF-P25649-F1,26294,23942,2.73335599899292,2.249701976776123,6.599186420440674,8.205182075500488,9.967801094055176,2352,0.08945006465353313,3.3046786785125732,2.8734078407287598,7.20339822769165,8.28612232208252,10.072981834411621,88,0,0.0,nan,nan,0,0.28046497262659786
AF-Q64669-F1,34511,31424,1.8573673963546753,1.4229180812835693,5.053969383239746,8.34570598602295,21.668777465820312,3087,0.0894497406623975,1.9092261791229248,1.5346922874450684,5.14345645904541,7.7660393714904785,14.622331619262695,112,0,0.0,nan,nan,0,0.299416626656413
AF-B3LMH0-F1,90405,82319,7.332892417907715,7.097855091094971,14.612651824951172,17.257230758666992,21.742923736572266,8086,0.08944195564404624,6.570882320404053,6.199721336364746,13.57888412475586,17.0242919921875,21.82259178161621,337,0,0.0,nan,nan,0,0.297510542365488
AF-O44406-3-F1,40040,36459,2.666926622390747,1.996425986289978,8.08662223815918,11.193140983581543,16.31915855407715,3581,0.08943556443556444,2.552098035812378,1.9991298913955688,7.048150539398193,10.46588134765625,16.119626998901367,158,0,0.0,nan,nan,0,0.2785976741970144
AF-P53851-F1,55694,50713,3.063605546951294,2.671201705932617,7.3379669189453125,11.553140640258789,20.299020767211914,4981,0.08943512766186663,2.80423641204834,2.296471357345581,7.120525360107422,10.990142822265625,20.158254623413086,217,0,0.0,nan,nan,0,0.25429604647521264
AF-O29026-F1,35596,32413,5.857938766479492,3.486894130706787,24.589052200317383,38.740394592285156,49.36284255981445,3183,0.08942015956849084,5.551718711853027,3.562497854232788,22.12347984313965,30.761394500732422,49.337554931640625,151,0,0.0,nan,nan,0,0.27836401134306965
AF-O96910-F1,14127,12864,2.8459959030151367,2.6384551525115967,6.522347927093506,8.487586975097656,12.148923873901367,1263,0.08940327033340412,3.439178705215454,3.2761855125427246,6.973170280456543,8.530816078186035,10.666531562805176,52,0,0.0,nan,nan,0,0.0007539225710764264
AF-Q49428-F1,38914,35435,4.332043647766113,3.8912925720214844,9.802106857299805,12.158452987670898,24.038469314575195,3479,0.0894022716760035,3.7871475219726562,3.1222336292266846,9.692132949829102,12.682856559753418,22.981386184692383,151,0,0.0,nan,nan,0,0.2681167730231785
AF-P53251-F1,48447,44116,4.139893054962158,3.616466522216797,9.452512741088867,11.881690979003906,16.963071823120117,4331,0.08939666026792165,3.5448155403137207,2.8449814319610596,9.325371742248535,11.610729217529297,15.66125202178955,177,0,0.0,nan,nan,0,0.2836775077711259
AF-P74794-F1,12498,11381,3.444396495819092,3.4309890270233154,6.535957336425781,7.919029712677002,9.694247245788574,1117,0.08937429988798208,4.4611406326293945,4.799049377441406,7.184986591339111,8.03156852722168,9.611944198608398,59,0,0.0,nan,nan,0,0.0007285082008723354
AF-Q99ZM2-F1,39079,35587,3.7039525508880615,3.6413345336914062,7.316496849060059,9.125669479370117,13.546029090881348,3492,0.08935745541083447,4.2775797843933105,4.357891082763672,7.798516273498535,9.405923843383789,13.128219604492188,158,0,0.0,nan,nan,0,0.2937389564382644
AF-Q02733-F1,61953,56418,2.6000378131866455,2.248573064804077,6.066600322723389,9.961187362670898,18.76344108581543,5535,0.08934192048811196,2.947744607925415,2.6944799423217773,6.362541198730469,9.383589744567871,18.461090087890625,248,0,0.0,nan,nan,0,0.28529087486867055
AF-P14606-F1,127233,115866,5.370354652404785,4.160467147827148,13.658317565917969,22.154573440551758,33.172271728515625,11367,0.08934002970927354,5.531184673309326,4.493958473205566,13.395240783691406,20.76597023010254,29.501028060913086,425,0,0.0,nan,nan,0,0.2934805739734164
AF-P49756-4-F1,38529,35087,2.3243255615234375,1.8467923402786255,5.783347129821777,7.124181747436523,10.096883773803711,3442,0.08933530587349789,2.2157163619995117,1.7504982948303223,5.730475425720215,7.263589382171631,10.016584396362305,151,0,0.0,nan,nan,0,0.0008121889059657939
AF-Q9VSF2-F1,126874,115544,2.1223087310791016,1.7361938953399658,5.374145984649658,7.872225761413574,16.1220703125,11330,0.08930119646263222,2.387707233428955,2.0497665405273438,5.592700958251953,7.879396915435791,16.026426315307617,480,0,0.0,nan,nan,0,0.27116437387843695
AF-O46098-F1,17987,16381,3.2466628551483154,2.7703633308410645,7.474784851074219,8.962640762329102,11.715774536132812,1606,0.08928670706621449,3.177731990814209,2.7145981788635254,7.52046537399292,9.082568168640137,10.884452819824219,74,0,0.0,nan,nan,0,0.0007001321774531277
AF-Q99J39-2-F1,58603,53371,2.417217969894409,1.7903121709823608,6.83463191986084,9.764042854309082,16.053556442260742,5232,0.08927870586830025,2.225538969039917,1.7839138507843018,6.022343158721924,8.937429428100586,14.08987045288086,226,0,0.0,nan,nan,0,0.2980796487348102
AF-E5AV36-F1,88307,80431,2.8836021423339844,2.108017683029175,8.272339820861816,10.608865737915039,15.485074043273926,7876,0.08918885252584732,2.644176483154297,1.986231803894043,7.707653522491455,10.580541610717773,15.653775215148926,338,0,0.0,nan,nan,0,0.0007509724539493945
AF-P0DQS1-F1,14321,13044,2.229853391647339,1.841761589050293,5.483994007110596,8.350458145141602,11.9225435256958,1277,0.08916975071573215,2.3064944744110107,1.7927770614624023,5.411606311798096,9.63582706451416,11.45199966430664,44,0,0.0,nan,nan,0,0.29245331671880526
AF-P83942-F1,18957,17267,1.834268569946289,1.5199830532073975,4.564373970031738,6.005984783172607,9.706156730651855,1690,0.08914912697156722,1.879561185836792,1.5988030433654785,4.329688549041748,5.934500217437744,8.756577491760254,79,0,0.0,nan,nan,0,0.29907853357073255
AF-O34528-F1,57495,52370,2.7192542552948,1.8228970766067505,7.43134069442749,19.07000732421875,35.98161315917969,5125,0.08913818592921123,2.7415425777435303,1.9190716743469238,7.020709037780762,19.424779891967773,33.79184341430664,233,0,0.0,nan,nan,0,0.29450257296446536
AF-Q9RZA4-F1,95316,86820,4.604373455047607,4.4362030029296875,8.477479934692383,10.773494720458984,16.52374267578125,8496,0.08913508749842629,5.060412406921387,5.095064640045166,8.884689331054688,10.855512619018555,15.640375137329102,337,0,0.0,nan,nan,0,0.2971360743805922
AF-O59146-F1,20106,18314,2.294553279876709,1.7314265966415405,6.419089317321777,9.977225303649902,12.667122840881348,1792,0.08912762359494678,2.3846325874328613,1.9878637790679932,5.493525981903076,9.056303977966309,11.144937515258789,89,0,0.0,nan,nan,0,0.2892555750562784
AF-P48840-F1,107497,97917,6.761542797088623,6.475858211517334,12.734619140625,17.004241943359375,31.849464416503906,9580,0.08911876610510061,7.5800676345825195,7.393035888671875,13.303102493286133,17.039230346679688,31.660444259643555,391,0,0.0,nan,nan,0,0.28021906341402747
AF-Q80UK0-F1,101499,92458,4.7661261558532715,4.724501609802246,9.082293510437012,11.511686325073242,17.77589988708496,9041,0.08907476920954886,5.363395690917969,5.497838973999023,9.531145095825195,11.761542320251465,17.742582321166992,347,0,0.0,nan,nan,0,0.27338727757209513
AF-Q9PR82-F1,21872,19924,2.495457410812378,1.9010878801345825,7.156625747680664,11.864421844482422,16.388477325439453,1948,0.08906364301389905,3.0747649669647217,2.674468994140625,7.495530605316162,11.255168914794922,15.477245330810547,96,0,0.0,nan,nan,0,0.2865228479002091
AF-A4W488-F1,47249,43042,2.5433390140533447,2.1554617881774902,6.160998821258545,8.56462574005127,14.733789443969727,4207,0.0890389214586552,3.188284158706665,2.965725898742676,6.5384135246276855,8.852873802185059,14.63525104522705,172,0,0.0,nan,nan,0,0.2921927265680744
AF-Q9ESL0-F1,62637,57061,3.373272657394409,2.6014974117279053,10.414888381958008,15.372834205627441,22.20991325378418,5576,0.08902086626115555,2.949742317199707,2.120828151702881,8.435531616210938,14.6336669921875,21.402809143066406,230,0,0.0,nan,nan,0,0.2994790016612391
AF-O28341-F1,74891,68226,3.107523202896118,2.7624266147613525,7.123484134674072,9.467443466186523,14.684098243713379,6665,0.08899600753094497,3.736751079559326,3.628556728363037,7.472207546234131,9.549530029296875,13.513360023498535,285,0,0.0,nan,nan,0,0.24151180369469394
AF-P51208-F1,37334,34012,4.469176292419434,4.1863203048706055,9.664155960083008,14.390213966369629,23.383731842041016,3322,0.08898055391868002,3.789179563522339,3.4104888439178467,8.6244478225708,13.967059135437012,22.95965576171875,135,0,0.0,nan,nan,0,0.29154752061790434
AF-Q91YI0-F1,56353,51340,1.8671634197235107,1.3937267065048218,5.169247627258301,9.26773738861084,15.1203031539917,5013,0.08895710964811102,2.1306183338165283,1.758814811706543,5.3283305168151855,7.8335490226745605,14.689628601074219,193,0,0.0,nan,nan,0,0.28938276055909706
AF-Q96BP2-F1,24457,22283,3.9912734031677246,3.980989694595337,7.6670308113098145,9.60877513885498,14.702763557434082,2174,0.0888907061373022,3.6858792304992676,3.4338130950927734,7.896447658538818,9.567066192626953,14.835022926330566,83,0,0.0,nan,nan,0,0.27726917268901796
AF-Q9Y738-F1,51232,46678,2.5219881534576416,2.0765745639801025,6.313112735748291,9.83980941772461,16.76317024230957,4554,0.0888897564022486,2.9420831203460693,2.619108200073242,6.66508674621582,9.212607383728027,15.560543060302734,205,0,0.0,nan,nan,0,0.29721925297404816
AF-Q9JI81-F1,42008,38275,4.164595127105713,3.7045390605926514,9.4717378616333,11.204329490661621,15.468110084533691,3733,0.0888640258998286,3.8210601806640625,3.1298329830169678,9.284327507019043,11.211544036865234,15.740123748779297,159,0,0.0,nan,nan,0,0.27679185999383515
AF-Q93NG6-F1,37891,34524,5.561582088470459,5.484402656555176,9.848992347717285,12.177870750427246,18.540740966796875,3367,0.08886015148716055,6.109156131744385,6.1318769454956055,10.109095573425293,12.292669296264648,17.451278686523438,146,0,0.0,nan,nan,0,0.0007618328734514401
AF-Q91YM4-2-F1,83874,76421,3.334528923034668,2.672075033187866,8.686017990112305,11.78054428100586,17.32435417175293,7453,0.08885947969573407,3.2397100925445557,2.5643105506896973,8.33742618560791,11.547903060913086,17.168643951416016,332,0,0.0,nan,nan,0,0.2965458691960219
AF-Q8BNU0-2-F1,35393,32249,2.6193583011627197,2.1261579990386963,6.794114589691162,10.2852783203125,15.894951820373535,3144,0.088831124798689,2.9041483402252197,2.4666385650634766,7.142270088195801,9.554750442504883,15.019248962402344,131,0,0.0,nan,nan,0,0.2888993683722908
AF-Q3U829-F1,106249,96812,2.102339029312134,1.7561960220336914,5.273075103759766,7.0605573654174805,10.610919952392578,9437,0.08881965947914804,2.4250309467315674,2.111176013946533,5.925066947937012,7.505490779876709,10.29732608795166,393,0,0.0,nan,nan,0,0.2854644813792686
AF-Q9XI84-F1,66785,60856,3.5335025787353516,3.129178524017334,8.138870239257812,11.614295959472656,15.660876274108887,5929,0.08877742007935914,4.109538555145264,3.748908758163452,8.892804145812988,12.76927661895752,14.813766479492188,255,0,0.0,nan,nan,0,0.28815589127493235
AF-D5EXZ4-F1,77459,70584,2.2260780334472656,1.7334073781967163,5.934423446655273,9.962936401367188,19.103137969970703,6875,0.08875663254108625,2.567303419113159,2.156402349472046,6.506437301635742,10.060198783874512,19.174848556518555,276,0,0.0,nan,nan,0,0.29752207515822016
AF-P0AAA3-F1,28774,26221,1.8408938646316528,1.3769207000732422,4.99574089050293,7.43172025680542,9.742238998413086,2553,0.08872593313407938,2.2609593868255615,1.8402060270309448,5.70576810836792,8.639551162719727,9.512368202209473,100,0,0.0,nan,nan,0,0.0007264494885749206
AF-A9W3I1-F1,36775,33513,2.935840606689453,2.6802098751068115,6.417222023010254,8.196504592895508,15.830748558044434,3262,0.08870156356220259,3.446326971054077,3.3894505500793457,6.685102462768555,7.863983631134033,15.303119659423828,140,0,0.0,nan,nan,0,0.28324652609246626
AF-P28625-F1,42642,38861,2.8542211055755615,2.241290807723999,8.082146644592285,12.315047264099121,17.178630828857422,3781,0.0886684489470475,2.8899261951446533,2.4586617946624756,7.41408634185791,12.00649642944336,17.013219833374023,148,0,0.0,nan,nan,0,0.27773479727114736
AF-P9WKL5-F1,28574,26042,6.133902549743652,5.107025146484375,15.512928009033203,19.34320831298828,25.63374137878418,2532,0.0886120249177574,6.295889377593994,5.582562446594238,15.969780921936035,19.01374626159668,24.37923812866211,122,0,0.0,nan,nan,0,0.28081496968129627
AF-P96740-F1,50518,46043,2.764436721801758,2.3501250743865967,6.668102741241455,10.086140632629395,18.02065086364746,4475,0.08858228750148461,2.7365193367004395,2.245805263519287,7.045022487640381,9.695246696472168,16.625577926635742,192,0,0.0,nan,nan,0,0.2516569068053467
AF-Q89AY6-F1,51834,47245,2.8137857913970947,2.369142532348633,6.7740797996521,8.666580200195312,12.903169631958008,4589,0.08853262337461898,2.441614866256714,1.9277209043502808,6.530141830444336,8.652848243713379,12.14538288116455,206,0,0.0,nan,nan,0,0.27255380864088175
AF-Q58784-F1,19409,17691,2.7343943119049072,2.3072011470794678,6.976042747497559,9.477535247802734,11.741928100585938,1718,0.08851563707558349,3.320615530014038,3.0087227821350098,7.349876403808594,9.350994110107422,10.66067886352539,77,0,0.0,nan,nan,0,0.0007325822092782985
AF-P9WIK5-F1,50454,45990,2.691779136657715,2.3677165508270264,6.170419216156006,8.278688430786133,12.167734146118164,4464,0.08847663217980735,3.2382607460021973,3.09104061126709,6.865841865539551,8.600934028625488,11.905346870422363,184,0,0.0,nan,nan,0,0.0007806743758171919
AF-P32099-F1,41682,37995,3.8392231464385986,2.292382001876831,18.481748580932617,24.7818546295166,28.358169555664062,3687,0.08845544839499064,3.635877847671509,2.6907739639282227,12.802095413208008,23.15712547302246,28.089771270751953,153,0,0.0,nan,nan,0,0.28338654902381666
AF-Q8BWQ4-F1,94139,85812,3.3124780654907227,2.438797950744629,9.947456359863281,13.891538619995117,20.926345825195312,8327,0.08845430692911546,3.240225315093994,2.4603028297424316,8.918167114257812,13.535778045654297,18.313858032226562,330,0,0.0,nan,nan,0,0.2996720831613363
AF-Q07395-F1,78927,71948,5.363207817077637,4.733854293823242,12.62464714050293,17.154876708984375,40.83186721801758,6979,0.08842347992448718,5.935178279876709,5.590947151184082,12.566113471984863,16.443748474121094,40.185672760009766,276,0,0.0,nan,nan,0,0.268012928331272
AF-E6LHV7-F1,86914,79230,2.617048978805542,2.092541456222534,7.064083099365234,10.25115966796875,16.417226791381836,7684,0.088409232114504,2.588121175765991,2.1763482093811035,6.495771408081055,9.257400512695312,15.811198234558105,332,0,0.0,nan,nan,0,0.28041267650076873
AF-Q8ZF73-F1,33530,30566,4.805632591247559,2.2177462577819824,16.533369064331055,56.06585693359375,66.48884582519531,2964,0.08839844915001491,4.814145565032959,2.9199957847595215,9.21613883972168,55.02405548095703,66.20225524902344,120,0,0.0,nan,nan,0,0.29652988417591986
AF-P64524-F1,19759,18013,2.5210585594177246,2.3003017902374268,5.5713725090026855,7.167015552520752,15.99718189239502,1746,0.08836479578926058,2.698871612548828,2.56689715385437,5.943793296813965,7.240535259246826,9.488438606262207,72,0,0.0,nan,nan,0,0.0007468471349432182
AF-A1X154-F1,80548,73433,2.5573511123657227,2.238518714904785,6.064035415649414,8.075366020202637,13.54036808013916,7115,0.08833242290311367,2.969891309738159,2.70540189743042,6.555997371673584,8.123568534851074,13.07375717163086,351,0,0.0,nan,nan,0,0.29707293914043065
AF-A0A0P0UTQ7-F1,20601,18783,1.8607738018035889,1.4729152917861938,4.660799026489258,6.302933216094971,12.525826454162598,1818,0.08824814329401486,2.017866849899292,1.6366695165634155,4.810549736022949,6.55499267578125,10.868253707885742,82,0,0.0,nan,nan,0,0.0007264674724949405
AF-P25701-F1,25170,22949,2.6485307216644287,2.098832845687866,6.656322479248047,10.759270668029785,14.492498397827148,2221,0.08823996821613031,3.1600983142852783,2.6525444984436035,7.307405471801758,10.735716819763184,14.809796333312988,96,0,0.0,nan,nan,0,0.0007887263479944284
AF-P59282-F1,26907,24533,2.2974185943603516,1.9841581583023071,5.429706573486328,7.825660705566406,12.774025917053223,2374,0.08822982866911956,2.172551393508911,1.7615702152252197,5.614663124084473,8.378873825073242,11.033049583435059,96,0,0.0,nan,nan,0,0.2828371189140234
AF-P63072-F1,23824,21724,3.4770896434783936,3.2967400550842285,7.228489875793457,8.96337890625,11.120953559875488,2100,0.0881464069845534,2.7528905868530273,2.3880832195281982,6.455352783203125,8.434048652648926,11.16408920288086,96,0,0.0,nan,nan,0,0.000796955035014979
AF-P0DUZ5-F1,57280,52232,2.0317816734313965,1.715017557144165,4.894863128662109,6.636643886566162,13.230711936950684,5048,0.08812849162011173,2.4026498794555664,2.2138614654541016,5.359184741973877,7.13283634185791,11.846464157104492,210,0,0.0,nan,nan,0,0.28414019276702807
AF-Q8N302-2-F1,24240,22104,1.9056026935577393,1.4747523069381714,5.056434154510498,6.344025611877441,9.16915225982666,2136,0.08811881188118811,2.049901247024536,1.653027892112732,5.015368461608887,6.4710187911987305,9.224205017089844,80,0,0.0,nan,nan,0,0.0007793063716321491
AF-Q9H3C7-2-F1,48926,44617,2.785322904586792,2.2111802101135254,7.397219657897949,9.702410697937012,12.738041877746582,4309,0.08807178187466787,3.3486311435699463,2.75752854347229,8.323214530944824,10.242124557495117,12.428019523620605,170,0,0.0,nan,nan,0,0.25252868113320026
AF-Q9NYY1-2-F1,28117,25641,3.048194408416748,2.523169994354248,7.075560092926025,9.877872467041016,14.200912475585938,2476,0.08806060390511079,2.8934829235076904,2.2975172996520996,6.971766471862793,9.595102310180664,13.885897636413574,95,0,0.0,nan,nan,0,0.2902880936915727
AF-O82784-F1,60287,54979,6.420416355133057,5.632818698883057,13.619969367980957,26.968069076538086,30.918216705322266,5308,0.08804551561696551,6.8978986740112305,6.304785251617432,12.827799797058105,26.569063186645508,30.238346099853516,207,0,0.0,nan,nan,0,0.0008093170911065428
AF-Q7VV85-F1,16336,14898,3.153606653213501,3.095672130584717,6.822844505310059,7.9601922035217285,9.586712837219238,1438,0.08802644466209598,3.556396484375,3.242338180541992,7.542853355407715,8.198750495910645,9.210565567016602,73,0,0.0,nan,nan,0,0.0007327886328495348
AF-P49813-F1,60334,55025,3.178164005279541,2.6625852584838867,7.6681132316589355,9.44150161743164,17.44921112060547,5309,0.08799350283422283,3.762014865875244,3.3976619243621826,8.27027416229248,9.592392921447754,16.16098976135254,227,0,0.0,nan,nan,0,0.2897186753398706
AF-Q68EV5-F1,44348,40447,3.35543155670166,3.0036122798919678,7.428819179534912,9.21660041809082,16.394176483154297,3901,0.08796338053576261,2.853698253631592,2.412738800048828,7.150147438049316,9.062105178833008,14.45821762084961,186,0,0.0,nan,nan,0,0.0007461519697851138
AF-Q923A2-F1,133323,121597,2.2565441131591797,1.8708752393722534,5.674052715301514,7.556602478027344,13.523849487304688,11726,0.0879518162657606,2.6480274200439453,2.261355400085449,6.33039665222168,7.954923152923584,12.486312866210938,518,0,0.0,nan,nan,0,0.2989530994088494
AF-P47486-F1,93430,85213,3.6143274307250977,2.639894485473633,10.19395923614502,17.207319259643555,39.00595474243164,8217,0.08794819651075672,3.130723714828491,2.162386178970337,9.517175674438477,16.128398895263672,38.11445236206055,364,0,0.0,nan,nan,0,0.2954168279615528
AF-O69762-F1,35618,32486,2.1565606594085693,1.827239751815796,5.468059062957764,7.520690441131592,10.278191566467285,3132,0.08793306755011511,2.5484910011291504,2.2797560691833496,6.0621256828308105,7.572694778442383,9.582619667053223,113,0,0.0,nan,nan,0,0.27159821085597124
AF-Q8TI93-F1,22871,20860,2.1068854331970215,1.545313835144043,5.933468341827393,10.294808387756348,17.908559799194336,2011,0.08792794368414149,2.455899238586426,2.0775232315063477,5.710946083068848,11.337285995483398,16.489198684692383,87,0,0.0,nan,nan,0,0.2828945702631662
AF-Q9HAQ2-2-F1,116214,105996,2.2695040702819824,1.9032800197601318,5.566806793212891,7.614742279052734,19.864948272705078,10218,0.08792400227167123,2.3413925170898438,2.014413833618164,5.460034370422363,7.595229625701904,16.95038604736328,419,0,0.0,nan,nan,0,0.28368651645115195
AF-P21529-F1,61179,55801,2.3892147541046143,1.908696174621582,5.963949203491211,10.25674819946289,15.763078689575195,5378,0.0879059808104088,2.8259212970733643,2.5522289276123047,6.16123628616333,9.384210586547852,13.933245658874512,219,0,0.0,nan,nan,0,0.0007507400081019355
AF-Q8KIL1-F1,70218,64046,2.4448130130767822,1.9142178297042847,6.516948699951172,9.72449779510498,16.605302810668945,6172,0.08789769005098408,2.77713942527771,2.286956310272217,6.913182258605957,9.653273582458496,14.529569625854492,242,0,0.0,nan,nan,0,0.2910803387069909
AF-Q12083-F1,107569,98116,4.197479724884033,3.7965476512908936,9.145630836486816,15.106525421142578,28.092483520507812,9453,0.08787847800016733,3.6406142711639404,3.1319503784179688,8.287978172302246,15.210037231445312,28.046167373657227,412,0,0.0,nan,nan,0,0.2856744871385378
AF-P09466-3-F1,18668,17028,1.657434344291687,1.231160044670105,4.672969818115234,7.084011077880859,10.97359561920166,1640,0.0878508677951575,2.230642557144165,1.8907603025436401,5.1289777755737305,6.3292646408081055,8.790647506713867,65,0,0.0,nan,nan,0,0.0006679083834364441
AF-P70473-F1,50076,45679,2.059597969055176,1.5796457529067993,5.508782386779785,8.523904800415039,13.83370590209961,4397,0.08780653406821631,2.445321798324585,1.981512427330017,5.950479984283447,8.594362258911133,11.788899421691895,177,0,0.0,nan,nan,0,0.2828189034166573
AF-Q5FBB7-5-F1,61452,56058,3.356088876724243,3.1878015995025635,6.738396167755127,8.040898323059082,12.007479667663574,5394,0.08777582503417301,2.938748836517334,2.6327404975891113,6.6543498039245605,8.378470420837402,12.427217483520508,258,0,0.0,nan,nan,0,0.29409484265409613
AF-O95059-F1,19529,17815,1.6894904375076294,1.3968899250030518,4.175777435302734,5.713101387023926,9.334896087646484,1714,0.08776691074811818,1.8657987117767334,1.6411309242248535,4.748404026031494,6.064500331878662,7.45928430557251,76,0,0.0,nan,nan,0,0.0007982143941316355
AF-P0DP57-F1,15063,13741,1.7687184810638428,1.4129115343093872,4.755232810974121,6.192574501037598,8.98193073272705,1322,0.08776472150302064,2.2992873191833496,1.9909234046936035,5.489806175231934,6.677160263061523,9.210086822509766,51,0,0.0,nan,nan,0,0.2928633430216735
AF-Q9TZ70-F1,39247,35804,2.2274558544158936,2.044156551361084,5.015250205993652,6.264521598815918,9.068765640258789,3443,0.08772645042933218,2.625159978866577,2.442262887954712,5.680829048156738,6.600892543792725,7.805770397186279,126,0,0.0,nan,nan,0,0.2535938523216176
AF-P62281-F1,27683,25255,6.868741512298584,6.728713035583496,11.506702423095703,14.26179027557373,19.54935646057129,2428,0.08770725716143482,6.3433427810668945,6.294143199920654,11.054728507995605,13.525346755981445,19.078615188598633,116,0,0.0,nan,nan,0,0.2827937338198918
AF-P0A9M1-F1,106087,96785,2.874919891357422,2.3459482192993164,7.171254634857178,10.008069038391113,26.320234298706055,9302,0.08768275094969223,3.206566333770752,2.7764058113098145,7.218384742736816,10.08511734008789,26.160985946655273,438,0,0.0,nan,nan,0,0.2993271216109218
AF-Q80Z29-F1,57187,52176,2.196826219558716,1.720969557762146,6.111196041107178,9.305124282836914,17.210721969604492,5011,0.08762480983440292,2.2855565547943115,1.8558557033538818,5.786125659942627,8.649885177612305,16.417648315429688,214,0,0.0,nan,nan,0,0.2641945941090561
AF-Q8NI38-F1,38881,35476,1.9510544538497925,1.5105308294296265,5.271760940551758,7.370016574859619,14.793967247009277,3405,0.08757490805277642,2.2057058811187744,1.9302388429641724,5.399300575256348,7.208451271057129,12.144088745117188,136,0,0.0,nan,nan,0,0.0007456172516351334
AF-P9WQH5-F1,50992,46528,3.0865283012390137,2.5634360313415527,7.580960750579834,9.668929100036621,13.20612621307373,4464,0.08754314402259178,3.645702838897705,3.2744462490081787,8.169037818908691,9.945930480957031,12.693859100341797,201,0,0.0,nan,nan,0,0.2786134084236658
AF-Q28DZ1-F1,106340,97032,2.2890541553497314,1.859084963798523,5.967984676361084,7.8555588722229,12.635504722595215,9308,0.08753056234718827,2.2144715785980225,1.8107502460479736,5.826549530029297,8.265402793884277,12.325511932373047,351,0,0.0,nan,nan,0,0.27045540445634575
AF-Q5TYW6-F1,35252,32167,2.91180682182312,2.3573431968688965,7.0730390548706055,9.663997650146484,15.280172348022461,3085,0.08751276523317826,3.3721718788146973,2.933863878250122,7.712658882141113,9.846911430358887,14.464786529541016,146,0,0.0,nan,nan,0,0.2875049911298433
AF-Q9LX73-F1,121389,110776,3.630622386932373,3.352630138397217,8.15365219116211,10.544358253479004,14.876354217529297,10613,0.08742966825659657,4.18936014175415,4.015697479248047,8.782678604125977,10.87321949005127,14.771257400512695,478,0,0.0,nan,nan,0,0.0007783583930760507
AF-A1RGW7-F1,26317,24017,3.030562400817871,2.5806663036346436,7.313803672790527,10.545201301574707,14.911332130432129,2300,0.0873959797849299,3.0206894874572754,2.545299530029297,7.24824333190918,10.973173141479492,15.33653736114502,100,0,0.0,nan,nan,0,0.24650849197643
AF-Q8BHB4-F1,125820,114831,3.0941073894500732,2.683354377746582,7.371084213256836,9.686707496643066,17.166351318359375,10989,0.08733905579399141,3.490152359008789,3.1291911602020264,7.893370151519775,9.884927749633789,15.17327880859375,447,0,0.0,nan,nan,0,0.28206608649674314
AF-P12974-F1,19941,18201,2.168264389038086,1.9267055988311768,5.1228156089782715,6.830405235290527,11.697128295898438,1740,0.08725740935760494,2.6010146141052246,2.5493152141571045,5.451632022857666,7.209376811981201,9.286158561706543,73,0,0.0,nan,nan,0,0.2656664896219689
AF-A7MBH5-F1,133215,121593,1.9508572816848755,1.6763869524002075,4.726695537567139,6.042204856872559,12.127775192260742,11622,0.0872424276545434,2.0971689224243164,1.8073451519012451,5.016968250274658,6.41387939453125,12.818382263183594,482,0,0.0,nan,nan,0,0.28742661362541333
AF-P53118-F1,87102,79509,3.321817398071289,2.7217085361480713,8.318685531616211,12.41450023651123,19.802322387695312,7593,0.08717365846938073,3.819836139678955,3.429072141647339,8.45333480834961,11.201745986938477,17.364086151123047,309,0,0.0,nan,nan,0,0.2954665543029139
AF-Q47149-F1,13555,12374,3.211965322494507,3.075082302093506,6.4802350997924805,7.967455863952637,10.110273361206055,1181,0.08712652157875322,2.424323081970215,2.029442548751831,5.788340091705322,7.0441789627075195,10.08438777923584,52,0,0.0,nan,nan,0,0.0007630326865315507
AF-P37562-F1,48275,44069,3.812781810760498,3.731912851333618,7.654298305511475,9.406021118164062,13.286986351013184,4206,0.08712584153288451,3.211427927017212,2.8918392658233643,7.3374505043029785,8.84829044342041,11.433761596679688,163,0,0.0,nan,nan,0,0.0007250047266711412
AF-P0CP21-F1,64629,58999,2.849139928817749,2.298332929611206,7.35858154296875,12.142638206481934,20.094688415527344,5630,0.08711259651240155,2.8942577838897705,2.3376593589782715,6.852089881896973,12.669533729553223,19.512847900390625,240,0,0.0,nan,nan,0,0.2854636582681287
AF-Q5XHZ6-F1,75083,68544,2.7071900367736816,2.3695425987243652,6.288115978240967,8.419479370117188,17.324798583984375,6539,0.08709028674933074,3.1485342979431152,2.8692634105682373,6.911492347717285,8.944389343261719,12.03191089630127,250,0,0.0,nan,nan,0,0.29863677897022467
AF-Q9SZA7-F1,103945,94897,3.8304529190063477,3.267857313156128,9.314632415771484,12.512202262878418,27.12620735168457,9048,0.08704603396026744,4.200691223144531,3.8128604888916016,9.58215045928955,12.607733726501465,24.47884750366211,373,0,0.0,nan,nan,0,0.25773969216051096
AF-Q95LV1-F1,72852,66511,4.383664131164551,3.6463305950164795,11.772184371948242,16.55799102783203,20.828113555908203,6341,0.08703947729643662,3.948943614959717,3.0860061645507812,11.287896156311035,16.374610900878906,20.472082138061523,272,0,0.0,nan,nan,0,0.29306893915922816
AF-P0CX34-F1,14844,13552,6.372164726257324,6.279211044311523,10.610442161560059,12.189078330993652,14.929398536682129,1292,0.08703853408784694,5.698714733123779,5.679775238037109,10.505992889404297,11.985870361328125,15.372509002685547,59,0,0.0,nan,nan,0,0.0007444067224606776
AF-C3MAG3-F1,20421,18645,4.569768905639648,4.013298034667969,10.906079292297363,13.005329132080078,15.888976097106934,1776,0.08696929631261936,4.440770626068115,3.85817289352417,10.91649341583252,13.100152969360352,15.448003768920898,80,0,0.0,nan,nan,0,0.0006855382182450187
AF-P0DW68-F1,124340,113529,3.8548943996429443,3.019073009490967,10.327799797058105,14.311009407043457,24.731487274169922,10811,0.0869470805854914,4.379167556762695,3.604261875152588,11.092668533325195,14.321306228637695,23.504369735717773,429,0,0.0,nan,nan,0,0.2925878049734705
AF-P49921-F1,20002,18263,1.4897263050079346,1.0722891092300415,4.228553771972656,6.1181840896606445,8.098929405212402,1739,0.08694130586941305,1.8820816278457642,1.5224559307098389,4.820957660675049,6.425595283508301,7.783629417419434,77,0,0.0,nan,nan,0,0.0007791571983750689
AF-P09466-F1,24364,22248,2.709667921066284,2.2929139137268066,6.628317356109619,10.805684089660645,14.186931610107422,2116,0.08684945000820883,3.220003843307495,3.0857250690460205,6.612782001495361,9.537896156311035,13.174389839172363,105,0,0.0,nan,nan,0,0.2862578678918435
AF-P39744-F1,113617,103750,3.75897479057312,3.3390986919403076,8.466392517089844,10.38787841796875,16.22136116027832,9867,0.08684439828546785,3.591325521469116,3.2194764614105225,8.102922439575195,10.02545166015625,16.196502685546875,484,0,0.0,nan,nan,0,0.27205307378952115
AF-Q5TYP4-F1,116855,106709,3.091155529022217,2.7928528785705566,6.95366907119751,8.753966331481934,20.190176010131836,10146,0.08682555303581362,3.6074182987213135,3.4535984992980957,7.460925102233887,9.043574333190918,18.09431266784668,427,0,0.0,nan,nan,0,0.2863568651436593
AF-P67463-F1,12891,11772,3.9154465198516846,3.943004608154297,7.366655349731445,8.572348594665527,10.142319679260254,1119,0.08680474749825459,4.781456470489502,4.927339553833008,8.208892822265625,8.749628067016602,9.607949256896973,45,0,0.0,nan,nan,0,0.0007245035109064712
AF-Q8C167-2-F1,70920,64766,5.288397789001465,4.294392108917236,13.506080627441406,22.28706169128418,27.76999855041504,6154,0.08677382966723068,6.072545528411865,5.34963321685791,14.313230514526367,21.0650691986084,27.232988357543945,266,0,0.0,nan,nan,0,0.27880528765639
AF-B9M6F1-F1,31985,29210,4.329256534576416,3.925438404083252,10.122710227966309,12.337011337280273,16.678224563598633,2775,0.08675941847741128,3.8161444664001465,3.05100417137146,9.54782485961914,12.17194652557373,15.936799049377441,120,0,0.0,nan,nan,0,0.0007841120266541823
AF-A7ZHS2-F1,43598,39816,3.1088638305664062,2.366931438446045,8.625814437866211,11.81943416595459,29.108976364135742,3782,0.08674709849075646,3.0454325675964355,2.4543633460998535,8.299132347106934,11.631152153015137,20.068510055541992,151,0,0.0,nan,nan,0,0.29117380293440864
AF-Q7VWE4-F1,19751,18039,2.1709721088409424,1.695138692855835,5.510982513427734,9.522408485412598,14.15207290649414,1712,0.08667915548579819,2.200761556625366,1.6958191394805908,5.600658416748047,10.663599967956543,13.895450592041016,70,0,0.0,nan,nan,0,0.0007422456739707428
AF-P84347-F1,23745,21687,5.388376235961914,5.343099594116211,9.141408920288086,12.269098281860352,16.53622817993164,2058,0.0866708780795957,4.68462610244751,4.480709075927734,8.961023330688477,12.29416275024414,14.618249893188477,96,0,0.0,nan,nan,0,0.0007370301809648261
AF-O03685-F1,110477,100904,5.658951759338379,4.905684471130371,13.814001083374023,17.899890899658203,24.3856258392334,9573,0.08665152022592938,5.208632946014404,4.295111656188965,13.132892608642578,17.273916244506836,23.087352752685547,382,0,0.0,nan,nan,0,0.2954965279564976
AF-O67178-F1,94290,86122,3.7443206310272217,3.4528756141662598,8.020218849182129,12.120965957641602,28.222137451171875,8168,0.0866263654682363,4.3019537925720215,4.174930572509766,8.330144882202148,12.302359580993652,26.480655670166016,344,0,0.0,nan,nan,0,0.2661178483305078
AF-Q4G074-F1,84320,77016,5.9766974449157715,5.787845611572266,11.599411010742188,13.788729667663574,19.370059967041016,7304,0.08662239089184061,6.84308385848999,6.960720062255859,12.044591903686523,13.984589576721191,18.902109146118164,321,0,0.0,nan,nan,0,0.0007759215798557317
AF-Q96348-F1,59288,54153,4.07304048538208,2.989358901977539,10.464999198913574,29.167877197265625,35.15969467163086,5135,0.08661111860747538,4.3538641929626465,3.582937479019165,8.94893741607666,27.025146484375,34.36640548706055,208,0,0.0,nan,nan,0,0.2562066123882558
AF-P93847-F1,33415,30521,9.702284812927246,9.705777168273926,15.400145530700684,18.24519920349121,24.551904678344727,2894,0.0866078108633847,8.991692543029785,8.853139877319336,15.101456642150879,18.63431167602539,23.440065383911133,119,0,0.0,nan,nan,0,0.2729385192489574
AF-P60408-F1,35575,32495,9.347980499267578,9.067734718322754,17.403696060180664,20.038740158081055,25.37059783935547,3080,0.08657765284609979,8.784445762634277,8.472569465637207,17.204051971435547,19.70393180847168,23.071796417236328,107,0,0.0,nan,nan,0,0.28563920760846906
AF-Q1PF20-F1,43326,39575,4.081803321838379,3.712603807449341,9.368968963623047,11.558865547180176,28.021032333374023,3751,0.08657618981673822,3.7366831302642822,3.3135316371917725,8.883831024169922,11.84313678741455,17.109453201293945,152,0,0.0,nan,nan,0,0.27926572869967625
AF-Q5QJC9-F1,61821,56470,2.875058174133301,2.2412242889404297,7.93288516998291,10.659879684448242,21.417970657348633,5351,0.08655634816648064,3.3096063137054443,2.8891828060150146,8.017866134643555,10.455646514892578,22.134889602661133,232,0,0.0,nan,nan,0,0.2838176944740638
AF-O14810-F1,28700,26217,2.3436288833618164,1.9251898527145386,6.031869411468506,8.43932056427002,11.669835090637207,2483,0.08651567944250871,3.2172107696533203,2.8360085487365723,7.302474498748779,8.78190803527832,9.748713493347168,110,0,0.0,nan,nan,0,0.0007096708906584315
AF-A8JF70-F1,114991,105043,2.2878193855285645,1.9875928163528442,5.435080051422119,6.93574857711792,9.554031372070312,9948,0.08651111826142915,2.678738832473755,2.386808156967163,6.231922149658203,7.455246448516846,9.239651679992676,434,0,0.0,nan,nan,0,0.27166315828819587
AF-O94418-F1,124968,114173,2.0795414447784424,1.6847783327102661,5.3988800048828125,7.60139274597168,12.195883750915527,10795,0.08638211382113821,2.3907649517059326,2.091916084289551,5.63117790222168,7.6856160163879395,11.389806747436523,456,0,0.0,nan,nan,0,0.2982279614138459
AF-Q9SBL6-F1,43927,40136,2.571737289428711,2.142331600189209,6.393186569213867,8.319504737854004,11.567469596862793,3791,0.08630227422769594,3.015446662902832,2.7353453636169434,6.742262840270996,8.81299877166748,11.23270320892334,162,0,0.0,nan,nan,0,0.290116882800155
AF-P05090-F1,27138,24796,2.7408642768859863,2.1635608673095703,7.939144611358643,11.283284187316895,17.344999313354492,2342,0.08629965362222713,3.125446319580078,2.773129463195801,7.637135982513428,12.13949966430664,16.244958877563477,100,0,0.0,nan,nan,0,0.000757187076109167
AF-O00899-F1,134476,122876,2.6974899768829346,2.154794692993164,7.208064079284668,10.613961219787598,16.594804763793945,11600,0.0862607454118207,3.2702882289886475,2.763758897781372,8.098519325256348,11.215224266052246,14.824336051940918,481,0,0.0,nan,nan,0,0.2701655898093158
AF-Q99525-F1,20092,18359,5.250977039337158,5.0274977684021,8.463301658630371,11.987920761108398,17.891616821289062,1733,0.0862532351184551,4.760763168334961,4.459896087646484,8.682229995727539,11.172146797180176,16.57135772705078,77,0,0.0,nan,nan,0,0.2837476315572425
AF-O42699-F1,37202,33994,8.867401123046875,8.888357162475586,15.157767295837402,17.547283172607422,23.43824577331543,3208,0.08623192301489167,8.2712984085083,8.383208274841309,14.616601943969727,17.086959838867188,22.616474151611328,142,0,0.0,nan,nan,0,0.28031263536075235
AF-Q70PR7-F1,46644,42623,4.921205997467041,4.301756858825684,10.70268440246582,16.99077033996582,27.602304458618164,4021,0.08620615727639139,5.332034111022949,5.074275016784668,10.457067489624023,16.738035202026367,26.613794326782227,151,0,0.0,nan,nan,0,0.0007204894643477733
AF-Q9DBD0-F1,81302,74295,2.224482536315918,1.716323971748352,5.961215019226074,10.171916007995605,17.870588302612305,7007,0.08618484170131116,2.3560285568237305,1.8585039377212524,6.278204441070557,9.986163139343262,17.181032180786133,265,0,0.0,nan,nan,0,0.272558009960602
AF-A0SVK0-2-F1,41034,37499,2.7962217330932617,2.2084898948669434,7.504228115081787,11.435844421386719,17.277971267700195,3535,0.08614807233026271,3.1034536361694336,2.62146258354187,7.625994682312012,11.119681358337402,14.2213134765625,152,0,0.0,nan,nan,0,0.0007131237683346558
AF-Q8R7V6-F1,15558,14218,4.173567771911621,3.7384555339813232,9.033004760742188,16.006359100341797,19.205965042114258,1340,0.08612932253503021,3.2788877487182617,2.739687204360962,7.668554306030273,9.99089241027832,19.096092224121094,59,0,0.0,nan,nan,0,0.0007902113134128363
AF-Q9CQR4-F1,17770,16240,2.1143651008605957,1.7130227088928223,5.517704010009766,7.874946594238281,11.610233306884766,1530,0.08610016882386044,2.07560396194458,1.6567951440811157,5.521750450134277,8.96493148803711,11.988293647766113,69,0,0.0,nan,nan,0,0.0007167275399508899
AF-A1Y9I9-F1,31917,29169,3.9071061611175537,3.333928108215332,9.530776977539062,14.986353874206543,21.541261672973633,2748,0.08609831751104427,3.782493829727173,3.0793910026550293,9.336477279663086,15.216239929199219,20.494564056396484,104,0,0.0,nan,nan,0,0.0008025655722432301
AF-Q6XBF8-F1,51179,46773,3.5920450687408447,3.0847678184509277,8.828855514526367,12.85953426361084,28.31367301940918,4406,0.08608999785068094,4.294279098510742,4.051684379577637,9.123594284057617,11.477757453918457,28.517887115478516,181,0,0.0,nan,nan,0,0.2673194873785242
AF-Q0W085-F1,31961,29210,2.4231765270233154,2.0367720127105713,5.935427188873291,7.959133625030518,12.919540405273438,2751,0.08607365226369638,2.6845779418945312,2.422999858856201,6.007278919219971,8.004514694213867,11.362968444824219,109,0,0.0,nan,nan,0,0.2513461668643918
AF-Q07916-1-F1,57237,52311,2.55293869972229,1.8666393756866455,7.553776741027832,10.348713874816895,14.644109725952148,4926,0.08606321086010797,2.3862667083740234,1.6595416069030762,7.576416969299316,10.707625389099121,14.072937965393066,227,0,0.0,nan,nan,0,0.263939073003833
AF-P49294-F1,76337,69772,3.0533881187438965,2.636289596557617,7.105751037597656,10.114768981933594,15.647819519042969,6565,0.08600023579653379,2.685887336730957,2.287841320037842,6.515408992767334,8.70975112915039,14.591262817382812,296,0,0.0,nan,nan,0,0.000793277111004409
AF-Q02328-2-F1,143699,131341,3.0591208934783936,2.813852071762085,6.66322660446167,8.37171459197998,15.995466232299805,12358,0.08599920667506385,3.4553160667419434,3.29862904548645,7.169250965118408,8.482157707214355,14.204233169555664,556,0,0.0,nan,nan,0,0.2918180548833724
AF-Q7Z3D6-2-F1,69771,63771,2.308978796005249,1.696018934249878,6.85407829284668,10.47208023071289,15.683698654174805,6000,0.08599561422367459,2.4727542400360107,2.0106070041656494,6.722655296325684,10.095930099487305,14.397658348083496,238,0,0.0,nan,nan,0,0.29552129758412404
AF-Q8IUZ5-3-F1,26747,24447,1.9619402885437012,1.5572125911712646,5.4421281814575195,7.217250823974609,11.047277450561523,2300,0.08599095225632782,2.065584659576416,1.7193456888198853,5.082178592681885,7.088078022003174,8.84635066986084,101,0,0.0,nan,nan,0,0.2634017647693072
AF-B1Y8E1-F1,25272,23099,2.202407121658325,1.749653697013855,5.555052757263184,8.264969825744629,14.618224143981934,2173,0.08598448876226654,2.4516525268554688,2.083793878555298,5.999318599700928,8.490503311157227,15.05246639251709,92,0,0.0,nan,nan,0,0.0007359517384328829
AF-Q19642-F1,106024,96934,3.258624792098999,2.763854742050171,8.06254768371582,10.618452072143555,15.072731018066406,9090,0.08573530521391383,3.8789448738098145,3.594738483428955,8.64545726776123,10.83096981048584,14.70089054107666,375,0,0.0,nan,nan,0,0.29319962429459145
AF-P49518-F1,42228,38608,3.157339572906494,2.171320915222168,8.900074005126953,20.538000106811523,29.276966094970703,3620,0.08572511130055888,3.0959033966064453,2.203155994415283,8.014392852783203,20.494571685791016,28.52042007446289,151,0,0.0,nan,nan,0,0.2778342304466136
AF-Q08683-F1,103405,94563,4.790337085723877,4.418252944946289,10.366803169250488,14.158905982971191,23.605281829833984,8842,0.08550843769643635,5.4609055519104,5.253444671630859,11.164979934692383,15.065072059631348,23.21528434753418,357,0,0.0,nan,nan,0,0.2941259517912198
AF-E9Q7M2-3-F1,24215,22145,1.7471438646316528,1.365281343460083,4.797879695892334,6.336085796356201,10.180513381958008,2070,0.08548420400578154,2.2172770500183105,1.89211106300354,5.341820240020752,6.216587543487549,10.214445114135742,82,0,0.0,nan,nan,0,0.0007734515532282771
AF-Q9V3J8-F1,41634,38077,2.912553071975708,2.155273914337158,8.245514869689941,14.575199127197266,18.770891189575195,3557,0.0854349810251237,2.575237512588501,1.733565092086792,7.703657627105713,14.680740356445312,18.177793502807617,164,0,0.0,nan,nan,0,0.28542754015470484
AF-Q04KE2-F1,24389,22306,2.468240737915039,1.9209797382354736,6.752498626708984,9.632670402526855,16.51276969909668,2083,0.08540735577514454,2.7838571071624756,2.442850351333618,6.562119960784912,9.307276725769043,15.133155822753906,68,0,0.0,nan,nan,0,0.2575730033105621
AF-Q99LG4-F1,53782,49189,3.13912034034729,2.6677722930908203,7.636154651641846,9.76890754699707,13.957640647888184,4593,0.08540031980960172,3.5484461784362793,3.127439022064209,8.139841079711914,10.504140853881836,13.641260147094727,190,0,0.0,nan,nan,0,0.282355055786507
AF-A0A023PYI2-F1,24177,22114,1.2291828393936157,0.932827353477478,3.3046884536743164,5.661816596984863,14.69515323638916,2063,0.08532903172436614,1.3542464971542358,1.030321717262268,3.6540141105651855,4.777695655822754,9.109695434570312,77,0,0.0,nan,nan,0,0.27662845934732927
AF-Q43866-F1,64855,59326,3.6216633319854736,3.1361498832702637,8.625099182128906,11.01234245300293,18.097257614135742,5529,0.0852517153650451,3.2596514225006104,2.6289165019989014,8.408058166503906,10.591402053833008,17.209537506103516,234,0,0.0,nan,nan,0,0.27979734187662597
AF-Q9C075-2-F1,60947,55755,2.5575461387634277,2.3187878131866455,5.827306270599365,7.288390636444092,11.039618492126465,5192,0.08518877057115198,3.2107205390930176,3.1169776916503906,6.557244777679443,7.647350311279297,9.555024147033691,226,0,0.0,nan,nan,0,0.24292687733988483
AF-P14843-F1,42260,38660,2.7115886211395264,1.9371418952941895,7.738706111907959,15.439165115356445,20.849124908447266,3600,0.08518693800283957,2.7349207401275635,2.060494899749756,7.1553955078125,14.486539840698242,19.840351104736328,153,0,0.0,nan,nan,0,0.2644504888457525
AF-P39825-F1,14241,13028,1.5017704963684082,1.268946647644043,3.710860013961792,5.270230293273926,7.643735408782959,1213,0.08517660276665964,1.804675817489624,1.6065222024917603,4.2760186195373535,5.742476940155029,7.073431491851807,42,0,0.0,nan,nan,0,0.0007661381955464952
AF-Q12211-F1,79179,72435,4.391979217529297,3.0617806911468506,12.883016586303711,22.909456253051758,33.88309860229492,6744,0.08517409919296784,4.280926704406738,3.084378957748413,12.137958526611328,23.23802947998047,32.00981521606445,327,0,0.0,nan,nan,0,0.28510024113644206
AF-Q1IF47-F1,27432,25096,2.7399580478668213,2.326324939727783,6.853066921234131,9.004485130310059,12.285694122314453,2336,0.08515602216389619,3.3099331855773926,3.116445779800415,7.323879718780518,9.263843536376953,11.965802192687988,105,0,0.0,nan,nan,0,0.0007232444742691913
AF-Q9ZCB3-F1,69243,63349,3.457700252532959,2.667313814163208,9.188583374023438,12.050660133361816,17.67476463317871,5894,0.08512051759744667,3.043750762939453,2.3064987659454346,8.33280086517334,10.971668243408203,16.1796932220459,223,0,0.0,nan,nan,0,0.29413180930523086
AF-Q2V4E2-F1,21218,19413,1.9589977264404297,1.621490240097046,4.888747215270996,6.479349136352539,13.8240966796875,1805,0.08506928079932133,1.7181034088134766,1.3588173389434814,4.420563697814941,5.639861106872559,12.080645561218262,70,0,0.0,nan,nan,0,0.27615928488412667
AF-V9QEI7-F1,14397,13173,4.901699542999268,4.797491550445557,9.321070671081543,10.630215644836426,13.458959579467773,1224,0.0850177120233382,6.174656867980957,6.722818374633789,9.847406387329102,11.010241508483887,11.961578369140625,70,0,0.0,nan,nan,0,0.000707978856614444
AF-O31949-F1,23125,21159,2.27333927154541,1.980712652206421,5.335601806640625,7.1764092445373535,14.410260200500488,1966,0.08501621621621622,2.255093812942505,1.8628065586090088,5.591036319732666,7.156795024871826,14.506141662597656,84,0,0.0,nan,nan,0,0.0006843242022567253
AF-P32614-F1,47510,43472,5.376741409301758,2.0177102088928223,35.375701904296875,62.59012985229492,76.01121520996094,4038,0.08499263312986739,5.711970806121826,2.7778148651123047,34.39738082885742,65.9035415649414,75.43147277832031,161,0,0.0,nan,nan,0,0.29483992019937044
AF-P55240-F1,15780,14439,1.7870758771896362,1.5073392391204834,4.592285633087158,5.893388748168945,11.352373123168945,1341,0.08498098859315589,2.1415464878082275,1.9490692615509033,4.805585861206055,6.334223747253418,8.75108528137207,52,0,0.0,nan,nan,0,0.0006868583069064016
AF-Q7Q3J5-F1,15032,13755,1.8422653675079346,1.4432131052017212,4.994224548339844,7.524817943572998,14.206731796264648,1277,0.08495210218201171,2.1927428245544434,2.0202250480651855,4.579516410827637,7.007515907287598,9.87256145477295,47,0,0.0,nan,nan,0,0.00075513633256441
AF-Q9MA15-2-F1,75924,69482,3.0466229915618896,2.6232211589813232,7.226516246795654,11.58499526977539,16.264102935791016,6442,0.08484800590063749,3.571518659591675,3.3313093185424805,7.371286392211914,11.822502136230469,15.938887596130371,286,0,0.0,nan,nan,0,0.25834657204836675
AF-Q2YWY1-F1,39172,35850,2.629674196243286,1.9972563982009888,6.986091136932373,11.666437149047852,118.43465423583984,3322,0.08480547329725314,2.9104607105255127,2.360332489013672,7.177754878997803,10.890917778015137,19.968265533447266,151,0,0.0,nan,nan,0,0.0007551825009177726
AF-Q48DU8-F1,135530,124039,3.6939706802368164,3.153378963470459,8.620692253112793,12.478946685791016,18.757112503051758,11491,0.08478565631225558,4.105697154998779,3.7401013374328613,8.91755485534668,12.329549789428711,18.480361938476562,509,0,0.0,nan,nan,0,0.2879369196673095
AF-P45727-F1,73344,67127,2.4933578968048096,2.059002637863159,6.211947441101074,9.226101875305176,16.677228927612305,6217,0.0847649432809773,2.8588666915893555,2.5542914867401123,6.543161392211914,9.16923999786377,16.779144287109375,234,0,0.0,nan,nan,0,0.2995421362185975
AF-Q04728-F1,48109,44035,2.4192140102386475,1.8320472240447998,5.688211441040039,19.42099952697754,28.72954559326172,4074,0.08468269970275832,2.4056124687194824,1.879597783088684,5.580774307250977,12.645313262939453,27.193016052246094,167,0,0.0,nan,nan,0,0.0007396842504108214
AF-Q9HI70-F1,92715,84865,2.8777925968170166,2.069699764251709,8.333024978637695,14.814681053161621,22.72299575805664,7850,0.08466806881302917,3.1931731700897217,2.6436119079589844,7.632541179656982,14.753066062927246,23.002172470092773,323,0,0.0,nan,nan,0,0.2800404679330899
AF-P0DMJ4-F1,7878,7211,3.2458293437957764,3.2552099227905273,6.710009574890137,8.633574485778809,10.411455154418945,667,0.08466615892358467,3.1439671516418457,3.1397452354431152,6.943145751953125,8.221899032592773,10.41093921661377,18,0,0.0,nan,nan,0,0.2732962213023451
AF-Q8XHS9-F1,33219,30409,4.181784152984619,3.850952386856079,9.202352523803711,10.904668807983398,13.55395793914795,2810,0.08459014419458744,3.5898444652557373,3.0936412811279297,8.486913681030273,10.855491638183594,12.977787017822266,118,0,0.0,nan,nan,0,0.21912030000663085
AF-O06926-F1,35753,32729,3.159125566482544,2.9333744049072266,7.023048400878906,8.985237121582031,12.98153305053711,3024,0.08458031493860656,3.740147113800049,3.727391242980957,7.349491119384766,8.900348663330078,11.847288131713867,140,0,0.0,nan,nan,0,0.2992817772166222
AF-Q9FT54-F1,65049,59552,2.262906312942505,1.9389033317565918,5.4300432205200195,7.360563278198242,12.382335662841797,5497,0.08450552660302234,2.5172007083892822,2.216808319091797,5.867029190063477,7.838720321655273,10.596501350402832,242,0,0.0,nan,nan,0,0.2777886631828369
AF-A6UVQ1-F1,59518,54489,2.853299856185913,2.438978910446167,6.969919204711914,8.670880317687988,12.443771362304688,5029,0.08449544675560335,3.2474582195281982,2.9946346282958984,7.319250583648682,9.341093063354492,11.907809257507324,227,0,0.0,nan,nan,0,0.2600621484301232
AF-Q4QIU7-F1,33472,30644,4.813821792602539,3.312026023864746,15.454398155212402,35.56059265136719,47.39387130737305,2828,0.08448852772466539,3.9992616176605225,2.6687068939208984,9.733596801757812,35.355506896972656,46.783241271972656,123,0,0.0,nan,nan,0,0.2827592005928604
AF-O66875-F1,43961,40256,3.4915244579315186,2.594388008117676,10.63410758972168,17.339784622192383,24.5543212890625,3705,0.0842792475148427,3.488356590270996,2.6250178813934326,10.32192325592041,17.47050666809082,21.988645553588867,158,0,0.0,nan,nan,0,0.29670084037569444
AF-Q8BH65-2-F1,77240,70731,2.878781318664551,2.3266520500183105,7.499889373779297,10.794867515563965,18.40508460998535,6509,0.08426980838943553,2.6191606521606445,2.0809054374694824,6.516765594482422,10.030518531799316,18.282428741455078,310,0,0.0,nan,nan,0,0.29397335407434844
AF-Q06583-F1,83957,76883,2.1185243129730225,1.6773561239242554,5.684438705444336,7.932156562805176,13.773313522338867,7074,0.08425741748752337,2.1711807250976562,1.7400076389312744,5.858964920043945,8.107575416564941,12.134969711303711,296,0,0.0,nan,nan,0,0.0007762108555886549
AF-D5EY13-F1,83313,76296,2.3883776664733887,1.8689017295837402,5.882833480834961,12.176671981811523,28.745189666748047,7017,0.08422455079039286,2.205749273300171,1.7064759731292725,5.591841697692871,10.529813766479492,26.367469787597656,300,0,0.0,nan,nan,0,0.27292993209445826
AF-P85100-F1,33058,30274,4.010589122772217,3.694802761077881,8.722174644470215,10.5359525680542,13.435458183288574,2784,0.08421562102970537,4.899589538574219,4.79342794418335,9.534018516540527,11.194448471069336,13.064833641052246,139,0,0.0,nan,nan,0,0.2721882661237869
AF-Q9Y6V7-F1,66263,60688,4.943577289581299,4.048706531524658,12.27951431274414,22.969539642333984,30.003406524658203,5575,0.08413443399785703,4.1786370277404785,3.142946243286133,11.247058868408203,20.841217041015625,29.276649475097656,229,0,0.0,nan,nan,0,0.28342862041123773
AF-B2TJH6-F1,54702,50103,3.2794690132141113,3.0151071548461914,7.378241539001465,9.90334701538086,15.696942329406738,4599,0.0840737084567292,3.8756608963012695,3.8129444122314453,7.745684623718262,10.299161911010742,15.708797454833984,205,0,0.0,nan,nan,0,0.29716735369859704
AF-Q9ZJ19-F1,26315,24107,5.0200347900390625,4.8620452880859375,9.740463256835938,13.553275108337402,23.147830963134766,2208,0.08390651719551587,4.1795806884765625,3.841832160949707,8.9541654586792,12.634888648986816,22.114944458007812,87,0,0.0,nan,nan,0,0.0007772915955519544
AF-A3MMM6-F1,15967,14630,1.5388174057006836,1.212764024734497,3.993861436843872,5.543205738067627,8.387762069702148,1337,0.08373520385795703,1.9280272722244263,1.5957849025726318,4.505810260772705,5.654934406280518,7.220875263214111,72,0,0.0,nan,nan,0,0.0007376734242341421
AF-Q2KIQ2-F1,109030,99909,2.0086145401000977,1.6850643157958984,5.057236671447754,6.683190822601318,12.179594039916992,9121,0.08365587452994588,2.313016176223755,2.0157227516174316,5.46777868270874,7.2708516120910645,10.648611068725586,407,0,0.0,nan,nan,0,0.29542751041748716
AF-Q9JM90-2-F1,19704,18056,2.6478209495544434,2.276870012283325,6.315436840057373,8.361523628234863,13.37906551361084,1648,0.08363784003248072,2.3056252002716064,1.9426367282867432,5.728780746459961,7.466202735900879,13.420851707458496,82,0,0.0,nan,nan,0,0.2822119417104336
AF-Q0HQI7-F1,36014,33006,6.153913497924805,3.2354612350463867,25.832117080688477,47.17463684082031,53.7072639465332,3008,0.08352307435997113,6.757528305053711,4.078066825866699,27.258813858032227,48.51795196533203,53.046634674072266,122,0,0.0,nan,nan,0,0.29352745382679624
AF-Q95NJ8-F1,10765,9866,1.672487497329712,1.347056269645691,4.428784370422363,7.458292484283447,11.993997573852539,899,0.08351137947050627,1.7766767740249634,1.6193883419036865,3.8851213455200195,5.870083808898926,9.292040824890137,33,0,0.0,nan,nan,0,0.0007238025028813988
AF-A2RVQ5-2-F1,27803,25485,3.1075704097747803,2.3958616256713867,8.067837715148926,9.959888458251953,13.699557304382324,2318,0.08337229795345825,3.147916078567505,2.625009536743164,7.735288619995117,9.962725639343262,13.041117668151855,98,0,0.0,nan,nan,0,0.2028772000574095
AF-P53321-F1,26408,24209,3.9569406509399414,3.807166337966919,8.575043678283691,10.267562866210938,15.092500686645508,2199,0.08327022114510754,3.7538795471191406,3.2484395503997803,8.31569766998291,10.887174606323242,13.652307510375977,84,0,0.0,nan,nan,0,0.000776067000057612
AF-Q9CPQ5-F1,57894,53084,3.464670419692993,3.2312002182006836,7.42299747467041,8.80363655090332,12.347441673278809,4810,0.08308287560023492,3.5400257110595703,3.28731107711792,7.266696453094482,8.752392768859863,11.557914733886719,225,0,0.0,nan,nan,0,0.0007842308037224743
AF-P46690-F1,17816,16336,4.841493129730225,4.621517181396484,8.804229736328125,10.830316543579102,13.766324043273926,1480,0.08307139649753031,4.3435540199279785,3.8852791786193848,8.761491775512695,11.126623153686523,13.260436058044434,64,0,0.0,nan,nan,0,0.0007078230868995394
AF-F4HXU3-2-F1,25542,23421,4.422631740570068,4.236293792724609,8.173133850097656,9.971170425415039,13.27177619934082,2121,0.08303969931876909,5.329726219177246,5.238873481750488,8.73573112487793,10.448293685913086,12.875530242919922,88,0,0.0,nan,nan,0,0.2788059382558208
AF-O77248-F1,27939,25619,1.5960007905960083,1.2570152282714844,4.369195938110352,6.466030120849609,11.58407974243164,2320,0.08303804717420094,2.075504779815674,1.8324165344238281,4.744955062866211,6.777597427368164,9.625127792358398,108,0,0.0,nan,nan,0,0.28064329130753674
AF-Q6IGX9-F1,15339,14067,1.853895664215088,1.4322978258132935,4.644981861114502,7.123476505279541,14.325849533081055,1272,0.08292587522002738,2.186232805252075,1.9277715682983398,5.030707836151123,6.55916166305542,10.169818878173828,51,0,0.0,nan,nan,0,0.284764283435602
AF-P95690-F1,107008,98141,6.818690299987793,5.0450663566589355,18.252025604248047,22.440235137939453,28.63827133178711,8867,0.08286296351674641,5.986273765563965,4.105184555053711,17.83991050720215,22.23632049560547,27.585506439208984,368,0,0.0,nan,nan,0,0.2640748260633218
AF-P18153-2-F1,39639,36357,2.1692748069763184,1.681147575378418,6.024072647094727,8.905183792114258,14.63776969909668,3282,0.08279724513736472,2.6839144229888916,2.3167691230773926,6.547913074493408,9.13878059387207,13.763339042663574,142,0,0.0,nan,nan,0,0.2883554851420651
AF-O94919-F1,79437,72875,1.9826127290725708,1.4368139505386353,5.56705904006958,8.141145706176758,13.624080657958984,6562,0.08260634213275929,2.5155436992645264,2.0770175457000732,6.41715145111084,8.6292724609375,14.141374588012695,239,0,0.0,nan,nan,0,0.1259028206813444
AF-Q97ML3-F1,35747,32796,2.5688109397888184,2.078791379928589,6.531805038452148,8.351236343383789,12.812342643737793,2951,0.08255238201807144,2.248843193054199,1.7251766920089722,6.194394111633301,8.903993606567383,12.580622673034668,139,0,0.0,nan,nan,0,0.0007697447086558729
AF-Q7A425-F1,19301,17708,2.6384334564208984,2.1817562580108643,6.303004264831543,8.429847717285156,11.761162757873535,1593,0.0825345837003264,2.108328342437744,1.6698002815246582,5.314294338226318,6.993153095245361,8.866843223571777,66,0,0.0,nan,nan,0,0.2895859148698674
AF-Q58988-F1,14079,12917,1.748043417930603,1.390079379081726,4.675333023071289,6.100798606872559,9.042837142944336,1162,0.08253427089992187,2.30593204498291,1.99066162109375,5.141211032867432,6.580127239227295,7.991613864898682,38,0,0.0,nan,nan,0,0.0007899087356820766
AF-Q8N4T8-2-F1,22003,20187,4.301113605499268,3.8376975059509277,9.51311206817627,17.23028564453125,22.135251998901367,1816,0.08253419988183429,3.8090600967407227,2.9773218631744385,9.784577369689941,15.924798011779785,21.596817016601562,78,0,0.0,nan,nan,0,0.0007749309007362148
AF-Q9NPH9-F1,28369,26032,6.4699506759643555,5.653975963592529,13.263279914855957,21.147384643554688,27.30338478088379,2337,0.08237865275476752,5.492098808288574,5.082742691040039,11.512608528137207,15.161224365234375,20.86910057067871,113,0,0.0,nan,nan,0,0.0007384941247108312
AF-Q2I2R5-F1,12690,11645,1.692463755607605,1.3671268224716187,4.497359752655029,6.401155948638916,8.894916534423828,1045,0.08234830575256107,1.7452071905136108,1.4551175832748413,4.095420837402344,6.610806465148926,8.944013595581055,46,0,0.0,nan,nan,0,0.2739661202467022
AF-P69850-F1,20277,18609,2.046780824661255,1.4646670818328857,6.275097846984863,11.014142990112305,15.8305082321167,1668,0.08226068945110224,2.530280351638794,2.0664029121398926,6.967362403869629,10.191805839538574,15.82237434387207,60,0,0.0,nan,nan,0,0.0007851820157929179
AF-B5L3X1-F1,31312,28742,6.30821418762207,5.450461387634277,17.22344207763672,20.533924102783203,23.98974609375,2570,0.08207715891670925,5.657687664031982,4.7978057861328125,16.24195671081543,21.04558753967285,23.545486450195312,101,0,0.0,nan,nan,0,0.27430131804077473
AF-Q9Z2S7-2-F1,17124,15719,2.560157537460327,2.2641186714172363,5.888332366943359,6.890350818634033,10.795689582824707,1405,0.08204858677879,3.2132184505462646,3.35811448097229,6.433133602142334,6.966464996337891,8.57884407043457,63,0,0.0,nan,nan,0,0.0007225940516667473
AF-B5YEG9-F1,32558,29887,3.3816189765930176,3.11987566947937,7.166717052459717,9.171635627746582,13.05191707611084,2671,0.08203820873518029,3.5582127571105957,3.243394136428833,7.5326948165893555,9.686019897460938,12.755105972290039,111,0,0.0,nan,nan,0,0.28968625009330384
AF-O34777-F1,24888,22849,1.8057703971862793,1.4641976356506348,4.557779788970947,6.220722198486328,11.436829566955566,2039,0.0819270331083253,2.2140989303588867,1.9237033128738403,4.955075263977051,6.809472560882568,9.881760597229004,95,0,0.0,nan,nan,0,0.27222724504021834
AF-B4KE73-F1,131045,120313,2.729665994644165,2.2606446743011475,6.626621246337891,8.606549263000488,18.063701629638672,10732,0.08189553206913655,3.3137848377227783,2.925630569458008,7.299229621887207,8.838915824890137,17.44832420349121,462,0,0.0,nan,nan,0,0.2726097335673193
AF-Q5BL28-F1,44251,40629,3.596156597137451,2.50339412689209,11.27293872833252,18.102514266967773,21.71558952331543,3622,0.08185125759869834,3.561793088912964,2.52571964263916,10.889655113220215,18.59727668762207,21.702791213989258,156,0,0.0,nan,nan,0,0.29284300951890063
AF-F4KGQ0-2-F1,35103,32231,1.9434722661972046,1.536650538444519,5.102238655090332,8.560892105102539,15.262747764587402,2872,0.08181636897131299,1.984088659286499,1.6971733570098877,4.926295757293701,7.135477542877197,12.973104476928711,127,0,0.0,nan,nan,0,0.25387877444152496
AF-F4JH53-F1,107613,98842,3.1014485359191895,2.7305479049682617,7.1140456199646,8.841328620910645,13.215450286865234,8771,0.08150502262737773,3.793581008911133,3.594189167022705,7.7804155349731445,9.259848594665527,12.891375541687012,341,0,0.0,nan,nan,0,0.2935528405476109
AF-Q8WXW3-2-F1,47264,43412,1.851547360420227,1.5221545696258545,4.4794182777404785,6.292020797729492,13.875709533691406,3852,0.0814996614759648,1.8451191186904907,1.501316785812378,4.6212615966796875,6.367763519287109,9.828557968139648,151,0,0.0,nan,nan,0,0.0007971881807544712
AF-P57077-F1,29755,27332,3.1050777435302734,2.7490615844726562,7.260532855987549,8.593432426452637,11.341686248779297,2423,0.0814316921525794,3.6968815326690674,3.4248249530792236,7.8605499267578125,8.93967342376709,9.696321487426758,110,0,0.0,nan,nan,0,0.0007584384282295353
AF-I1VC85-F1,17346,15936,1.9193118810653687,1.5018446445465088,4.803741931915283,7.2640790939331055,12.661892890930176,1410,0.08128675198893116,1.972196340560913,1.6649456024169922,4.7908854484558105,7.059715747833252,11.532502174377441,69,0,0.0,nan,nan,0,0.0007768513911288188
AF-B8I2Z7-F1,12049,11073,2.3490498065948486,2.1970555782318115,5.644644260406494,7.279041767120361,10.721526145935059,976,0.08100257282762055,2.3438925743103027,2.0269250869750977,5.805631637573242,7.84124231338501,10.250869750976562,47,0,0.0,nan,nan,0,0.0007335261255368986
AF-P0DY26-F1,18835,17311,2.353867292404175,1.9428960084915161,5.794143199920654,8.252476692199707,13.242222785949707,1524,0.0809131935226971,2.214784860610962,1.660120964050293,5.990232944488525,8.452012062072754,11.33913516998291,52,0,0.0,nan,nan,0,0.2721228207947839
AF-P42089-F1,22726,20889,3.083695888519287,2.9086763858795166,6.231545925140381,7.713091850280762,52.74891662597656,1837,0.0808325266214908,3.864264488220215,3.872725009918213,6.799262046813965,8.167335510253906,11.768798828125,87,0,0.0,nan,nan,0,0.26780000977581064
AF-A5U6Z7-F1,45232,41582,8.79482364654541,8.813737869262695,11.612475395202637,13.352123260498047,17.1616153717041,3650,0.08069508312698974,8.218400955200195,8.089717864990234,11.930227279663086,13.699325561523438,17.430007934570312,184,0,0.0,nan,nan,0,0.2599282828209706
AF-Q93ZB9-F1,55540,51060,3.6690514087677,2.4557361602783203,11.894521713256836,18.231321334838867,24.016651153564453,4480,0.0806625855239467,3.280778646469116,1.9600327014923096,12.66407299041748,18.31048583984375,23.41832733154297,178,0,0.0,nan,nan,0,0.2910787357298754
AF-P0C7T4-F1,11645,10707,1.4961944818496704,1.222236156463623,3.801102876663208,5.079293251037598,8.204651832580566,938,0.08054959209961357,1.942191243171692,1.6903965473175049,4.666122913360596,5.412107944488525,7.0506815910339355,32,0,0.0,nan,nan,0,0.000723433842533372
AF-C0LU16-F1,26562,24424,2.577572822570801,2.300285816192627,5.438612937927246,9.5255708694458,14.549195289611816,2138,0.08049092688803554,3.3192336559295654,3.217733860015869,6.034408092498779,7.72160005569458,14.3371000289917,99,0,0.0,nan,nan,0,0.0007537741926789687
AF-P47915-F1,36623,33681,8.109321594238281,8.056166648864746,11.549871444702148,13.563840866088867,20.411693572998047,2942,0.08033203178330557,7.254361152648926,7.2113356590271,11.094346046447754,13.385765075683594,16.3188419342041,144,0,0.0,nan,nan,0,0.2977566223890684
AF-B0SDN6-F1,27911,25672,2.2081782817840576,1.7370374202728271,5.682405471801758,7.69264030456543,12.133749008178711,2239,0.08021926838880727,2.520907163619995,2.082982301712036,6.061685085296631,7.992931842803955,11.253695487976074,90,0,0.0,nan,nan,0,0.000723951842195758
AF-Q5LB17-F1,80232,73811,2.4644041061401367,2.022883176803589,6.324700355529785,9.591524124145508,20.381305694580078,6421,0.08003041180576329,2.8287417888641357,2.5106146335601807,6.324056148529053,9.571284294128418,16.89137840270996,262,0,0.0,nan,nan,0,0.28120202658811155
AF-Q9H095-2-F1,76911,70760,2.4069488048553467,1.8904743194580078,6.596013069152832,8.460674285888672,14.228575706481934,6151,0.07997555616231748,2.2609434127807617,1.7978832721710205,6.01238489151001,8.385449409484863,13.745848655700684,255,0,0.0,nan,nan,0,0.28774584826886085
AF-O13831-F1,68287,62854,2.5668435096740723,1.8835046291351318,7.311345100402832,14.59521770477295,21.71068572998047,5433,0.07956126349085478,2.9689345359802246,2.5306427478790283,6.848093032836914,14.189359664916992,21.2180233001709,235,0,0.0,nan,nan,0,0.2837726357126812
AF-P52836-F1,36071,33208,3.832458019256592,2.171302318572998,16.416217803955078,35.55831527709961,43.75846862792969,2863,0.07937124005433728,4.285837650299072,2.603600263595581,15.651009559631348,40.116703033447266,43.42380905151367,128,0,0.0,nan,nan,0,0.27188211187616496
AF-Q92JL9-F1,57724,53148,4.416191101074219,4.161004066467285,9.065864562988281,11.9161958694458,17.820655822753906,4576,0.07927378560044349,3.735496759414673,3.3551673889160156,8.503124237060547,10.98790168762207,18.159259796142578,160,0,0.0,nan,nan,0,0.27992652531459006
AF-Q081J0-F1,34990,32218,3.377789258956909,3.110358238220215,7.204128265380859,8.822890281677246,12.716085433959961,2772,0.07922263503858246,2.94732928276062,2.4309191703796387,7.0880866050720215,8.821367263793945,12.240605354309082,126,0,0.0,nan,nan,0,0.26925739341382227
AF-Q9QXU7-2-F1,18701,17221,2.9763402938842773,2.116417646408081,7.687163829803467,14.1055269241333,17.855371475219727,1480,0.07914015293299824,3.0791635513305664,2.5223071575164795,7.854706764221191,13.629393577575684,17.151416778564453,54,0,0.0,nan,nan,0,0.293955007954511
AF-P47691-F1,36742,33836,2.6712758541107178,2.140110492706299,7.095247268676758,12.313066482543945,21.27874755859375,2906,0.0790920472483806,2.6452748775482178,1.9813733100891113,7.249114513397217,12.530680656433105,19.995084762573242,122,0,0.0,nan,nan,0,0.2742873912434117
AF-Q9AR71-F1,52279,48148,1.3156006336212158,0.9606313705444336,3.982325315475464,7.153044700622559,12.244417190551758,4131,0.07901834388569023,1.3233684301376343,1.04118013381958,3.63702392578125,5.863371849060059,11.550013542175293,152,0,0.0,nan,nan,0,0.28361743158345554
AF-O95994-F1,26872,24757,1.7730644941329956,1.517064094543457,4.138696670532227,6.698774814605713,17.549652099609375,2115,0.07870646025602858,1.7224798202514648,1.428261637687683,4.20005989074707,7.501275062561035,17.619327545166016,82,0,0.0,nan,nan,0,0.29433603583777235
AF-A0A3B6UES5-F1,104234,96073,3.829414129257202,3.5215487480163574,8.373299598693848,11.42934513092041,26.838254928588867,8161,0.07829499011838748,4.510100364685059,4.294528007507324,8.781368255615234,11.979940414428711,23.17986297607422,339,0,0.0,nan,nan,0,0.2802842454261574
AF-A0A0P1AAU8-F1,44953,41457,2.3248324394226074,1.7441643476486206,6.467220306396484,9.86532211303711,13.990819931030273,3496,0.07777011545391854,2.5448312759399414,2.0928144454956055,5.907604217529297,9.545332908630371,13.999006271362305,144,0,0.0,nan,nan,0,0.26314674476044775
AF-F4HXU3-3-F1,19590,18068,2.132061004638672,1.7345247268676758,5.461615562438965,7.712127208709717,10.826290130615234,1522,0.07769270035732516,2.8914759159088135,2.6823229789733887,6.519986152648926,8.440788269042969,10.797650337219238,66,0,0.0,nan,nan,0,0.0007250386975781176
AF-O23179-2-F1,46225,42647,2.7258949279785156,2.0395286083221436,7.749271392822266,12.142829895019531,115.16690826416016,3578,0.07740400216333153,3.2288568019866943,2.798302173614502,7.866671562194824,12.139861106872559,15.646038055419922,146,0,0.0,nan,nan,0,0.2982038214164989
AF-P36188-10-F1,58741,54223,5.4842095375061035,5.487882614135742,10.355209350585938,12.639235496520996,14.877208709716797,4518,0.0769139102160331,4.421109199523926,4.207228660583496,9.315540313720703,11.908247947692871,14.373875617980957,196,0,0.0,nan,nan,0,0.24158751945517498
AF-Q9SP02-F1,23866,22035,2.1647684574127197,1.8248143196105957,5.804683208465576,8.983071327209473,14.967033386230469,1831,0.07672002011229363,1.860823631286621,1.5344998836517334,4.580841064453125,7.971270561218262,14.416033744812012,64,0,0.0,nan,nan,0,0.0007329146954628829
AF-C3PNP6-F1,28074,25936,4.3376288414001465,2.380964756011963,19.498897552490234,30.455673217773438,35.84170150756836,2138,0.0761558737621999,4.3901286125183105,2.121910333633423,21.59849739074707,30.634319305419922,35.78794479370117,80,0,0.0,nan,nan,0,0.2987874122467655
AF-P83579-F1,9125,8437,2.1051034927368164,1.8910088539123535,4.536137580871582,5.93125581741333,8.150811195373535,688,0.0753972602739726,1.694091796875,1.335033893585205,4.380605220794678,6.300605773925781,8.74271011352539,31,0,0.0,nan,nan,0,0.0007031492374991455
AF-Q6FUQ5-F1,35327,32670,6.348122596740723,6.591679573059082,10.586477279663086,11.773933410644531,15.032703399658203,2657,0.0752115945310952,5.164088249206543,5.237791061401367,9.76418685913086,11.905573844909668,14.357566833496094,131,0,0.0,nan,nan,0,0.26122699193157306
AF-P18153-F1,42726,39547,2.887549638748169,1.6908639669418335,10.715215682983398,21.279918670654297,24.222835540771484,3179,0.07440434395918176,2.777496337890625,1.70864999294281,8.93565559387207,21.98206329345703,23.74111557006836,138,0,0.0,nan,nan,0,0.0007836329076131854
AF-P46350-F1,10555,9781,2.580259323120117,2.221863269805908,6.08001184463501,8.698229789733887,13.540901184082031,774,0.07333017527238275,2.2757341861724854,1.7531795501708984,6.294134140014648,10.136981964111328,13.509001731872559,38,0,0.0,nan,nan,0,0.0007510821224158137
AF-Q9AD92-F1,14622,13562,1.2946064472198486,0.764625072479248,4.324755668640137,8.02214241027832,16.765504837036133,1060,0.07249350294077418,1.4298874139785767,1.217641830444336,3.3869786262512207,5.952662944793701,16.75714111328125,46,0,0.0,nan,nan,0,0.000723181924404459
AF-Q8WT56-F1,27863,25863,2.6297972202301025,2.0453174114227295,7.564018249511719,10.117277145385742,18.01645851135254,2000,0.07177977963607651,2.37961745262146,1.8984296321868896,6.396387577056885,9.870594024658203,17.49171257019043,87,0,0.0,nan,nan,0,0.2895293998481798
AF-A1SHW4-F1,14180,13183,6.684341907501221,6.91100549697876,11.407421112060547,13.580546379089355,17.670564651489258,997,0.07031029619181946,5.6754560470581055,5.659543991088867,11.212646484375,14.046396255493164,16.204858779907227,48,0,0.0,nan,nan,0,0.0007406751296636926
AF-Q8GT41-F1,23615,22036,2.4468307495117188,2.129195213317871,5.347578048706055,8.17091178894043,12.310528755187988,1579,0.06686428117721788,2.1184399127960205,1.7583296298980713,5.425697326660156,8.616766929626465,11.670105934143066,63,0,0.0,nan,nan,0,0.0007621230101763077
AF-P37614-F1,15205,14263,3.316943883895874,2.906841278076172,7.119998931884766,9.200873374938965,15.863903045654297,942,0.061953304833936206,2.503270149230957,1.9621856212615967,6.417325019836426,8.041966438293457,13.204510688781738,34,0,0.0,nan,nan,0,0.28133953051559923
AF-P84408-F1,11053,10442,3.2724685668945312,3.1526882648468018,6.152117729187012,6.939338207244873,9.84373664855957,611,0.055279109743960914,2.465433359146118,1.823949933052063,6.631778717041016,7.68587589263916,8.735820770263672,25,0,0.0,nan,nan,0,0.0007090948674042252
